,mean,sd,mc_error,hpd_2.5,hpd_97.5,n_eff,Rhat,MAP
b,1.0,0.0,0.0,1.0,1.0,,,
p_error,0.05000000819563866,7.450580596923828e-09,1.4901161193847657e-09,0.05000000074505806,0.05000000074505806,1.0007506866324938,0.9997499687421851,
v__0_0,3.5276452380614955e-05,3.1156416894899774e-06,6.544094598786558e-08,2.9370822072515955e-05,4.149983788480807e-05,2181.08620579208,1.000382766837414,3.5e-05
gamma__0_0,0.0,0.0,0.0,0.0,0.0,,,
s__0_0,0.0070259912697825935,0.0007148045348068401,1.4172655907628281e-05,0.005655158562888752,0.008360072165670519,2401.0641600805275,1.0005493685283777,0.007105
tau__0_0,0.3665517268324038,0.12634602481944973,0.0026642967381098246,0.166429101353924,0.6160258207409964,1933.919514630874,0.9997954710511459,0.31
t0__0_0,0.0,0.0,0.0,0.0,0.0,,,
