,mean,sd,mc_error,hpd_2.5,hpd_97.5,n_eff,Rhat,MAP
b,1.0,0.0,0.0,1.0,1.0,,,
p_error,0.05000000819563866,7.450580596923828e-09,1.4901161193847657e-09,0.05000000074505806,0.05000000074505806,1.0007506866324938,0.9997499687421851,
v__0_0,8.604928236746341e-05,1.0323011779229375e-05,2.845575141668263e-07,6.613459233039831e-05,0.00010627059857486408,1395.1083347355266,1.0001859807852267,8.2e-05
gamma__0_0,0.0,0.0,0.0,0.0,0.0,,,
s__0_0,0.011195729739178435,0.001296401970254655,3.31389503117689e-05,0.008780564396284487,0.013745328628675679,1730.7448388364949,1.0003403000518185,0.009993
tau__0_0,0.5183924707961555,0.4163735791121399,0.022150712865649607,0.13418887934519336,1.0214953496076071,354.0581117317111,1.0036621173641065,0.39
t0__0_0,0.0,0.0,0.0,0.0,0.0,,,
