,mean,sd,mc_error,hpd_2.5,hpd_97.5,n_eff,Rhat,MAP
b,1.0,0.0,0.0,1.0,1.0,,,
p_error,0.05000000819563866,7.450580596923828e-09,1.4901161193847657e-09,0.05000000074505806,0.05000000074505806,1.0007506866324938,0.9997499687421851,
v__0_0,8.390185779010159e-05,2.9363973875288504e-06,6.439628078249217e-08,7.826938004734336e-05,8.9587159653958e-05,1639.0725500168153,0.9997848643904154,8.5e-05
gamma__0_0,0.0,0.0,0.0,0.0,0.0,,,
s__0_0,0.013013201359776155,0.0003669603744787852,6.9473824659031345e-06,0.012308075546344636,0.01374205430029594,2229.5125170694137,0.9997541519688156,0.012995
tau__0_0,0.3143592992799028,0.0366413053230203,0.0007134945088889386,0.24817154610576864,0.38928359812005237,1852.3145045484675,0.9999200300342156,0.3
t0__0_0,0.0,0.0,0.0,0.0,0.0,,,
