,mean,sd,mc_error,hpd_2.5,hpd_97.5,n_eff,Rhat,MAP
b,1.0,0.0,0.0,1.0,1.0,,,
p_error,0.05000000819563866,7.450580596923828e-09,1.4901161193847657e-09,0.05000000074505806,0.05000000074505806,1.0007506866324938,0.9997499687421851,
v__0_0,5.838463307467723e-05,7.469699621641159e-06,1.780759028321431e-07,4.406124125384459e-05,7.275127936237648e-05,1515.4637845091263,1.0009880965005618,5.6e-05
gamma__0_0,0.0,0.0,0.0,0.0,0.0,,,
s__0_0,0.01025913518260386,0.0010603728716828667,2.462750203066394e-05,0.008246383385471673,0.01235437538258592,1678.1534768293334,1.0002915858151145,0.008976
tau__0_0,1.3026378082723886,0.8167237772815295,0.02710361012106318,0.33704175516156204,3.144928911639478,769.3133920278883,1.004018265348306,0.77
t0__0_0,0.0,0.0,0.0,0.0,0.0,,,
