,mean,sd,mc_error,hpd_2.5,hpd_97.5,n_eff,Rhat,MAP
b,1.0,0.0,0.0,1.0,1.0,,,
p_error,0.05000000819563866,7.450580596923828e-09,1.4901161193847657e-09,0.05000000074505806,0.05000000074505806,1.0007506866324938,0.9997499687421851,
v__0_0,3.5195207913170835e-05,2.1810060813831226e-06,4.734864107676281e-08,3.091599008386136e-05,3.930756748177505e-05,2017.841665931423,0.9998011048573624,3.6e-05
gamma__0_0,0.0,0.0,0.0,0.0,0.0,,,
s__0_0,0.005555093023496306,0.0004698749346698522,9.898043237514906e-06,0.004636484273591939,0.006461766752953518,2030.434458634123,0.9999208056535287,0.005413
tau__0_0,0.3620985414404621,0.09083840142593524,0.0017004538899731004,0.19388438552219917,0.5423041651318325,2798.5584970989094,0.9997943179498212,0.36
t0__0_0,0.0,0.0,0.0,0.0,0.0,,,
