,mean,sd,mc_error,hpd_2.5,hpd_97.5,n_eff,Rhat,MAP
b,1.0,0.0,0.0,1.0,1.0,,,
p_error,0.05000000819563866,7.450580596923828e-09,1.4901161193847657e-09,0.05000000074505806,0.05000000074505806,1.0007506866324938,0.9997499687421851,
v__0_0,2.124537310056186e-05,2.652714406778446e-06,7.727362415728157e-08,1.5904173064998915e-05,2.644701614287926e-05,1090.0419205809912,1.000868365885743,2.1e-05
gamma__0_0,0.0,0.0,0.0,0.0,0.0,,,
s__0_0,0.006623299511139179,0.0006144677540334434,1.7806562526350162e-05,0.005414737413200916,0.007767623181178087,1112.1392838807876,1.0012569852119138,0.006169
tau__0_0,0.7778066528888514,0.5286791933652186,0.020474459867681767,0.24607894610465028,1.6194393648787586,595.5712704026346,1.0081469703167165,0.54
t0__0_0,0.0,0.0,0.0,0.0,0.0,,,
