,mean,sd,mc_error,hpd_2.5,hpd_97.5,n_eff,Rhat,MAP
b,1.0,0.0,0.0,1.0,1.0,,,
p_error,0.05000000819563866,7.450580596923828e-09,1.4901161193847657e-09,0.05000000074505806,0.05000000074505806,1.0007506866324938,0.9997499687421851,
v__0_0,5.409129021442195e-05,6.316776993488229e-06,1.6801520976470444e-07,4.2208874752113545e-05,6.691096935132947e-05,1395.8637168047267,0.9998025041089244,5.2e-05
gamma__0_0,0.0,0.0,0.0,0.0,0.0,,,
s__0_0,0.010074567951123442,0.0011361747348234107,2.9707658065333896e-05,0.007747019826149998,0.012172371628206969,1381.9044412582098,1.0004864879934305,0.00907
tau__0_0,1.3234465496740635,0.8036696111433459,0.028327663821461662,0.39936276738364285,3.199339445254061,610.0228980224845,1.0036695620373275,0.76
t0__0_0,0.0,0.0,0.0,0.0,0.0,,,
