,mean,sd,mc_error,hpd_2.5,hpd_97.5,n_eff,Rhat,MAP
b,1.0,0.0,0.0,1.0,1.0,,,
p_error,0.05000000819563866,7.450580596923828e-09,1.4901161193847657e-09,0.05000000074505806,0.05000000074505806,1.0007506866324938,0.9997499687421851,
v__0_0,2.653645414947998e-05,2.3344215695651834e-06,6.465671615388573e-08,2.2039839415555714e-05,3.110665220868848e-05,1254.4649859919084,1.0000498859217024,2.7e-05
gamma__0_0,0.0,0.0,0.0,0.0,0.0,,,
s__0_0,0.006198981120000458,0.0005294628380415611,1.4309019142585037e-05,0.005252009396949019,0.00727986231155675,1318.2591915364835,0.9998536291601381,0.006041
tau__0_0,0.14228989916113607,0.08243849867660594,0.0014929053027308303,0.0006783657449571889,0.2868447269727999,2495.8164986928746,0.9998124125842682,0.13
t0__0_0,0.0,0.0,0.0,0.0,0.0,,,
