,mean,sd,mc_error,hpd_2.5,hpd_97.5,n_eff,Rhat,MAP
b,1.0,0.0,0.0,1.0,1.0,,,
p_error,0.05000000819563866,7.450580596923828e-09,1.4901161193847657e-09,0.05000000074505806,0.05000000074505806,1.0007506866324938,0.9997499687421851,
v__0_0,3.484137129443433e-05,5.33328643015216e-06,1.6352738803259172e-07,2.519265718087378e-05,4.552881842136704e-05,1131.8400947354567,0.9998485432838105,3.4e-05
gamma__0_0,0.0,0.0,0.0,0.0,0.0,,,
s__0_0,0.009808661301101487,0.000881026833817831,2.6133497650634936e-05,0.00810300511269239,0.011606331103443958,1264.5776509352006,0.9997897485524716,0.009191
tau__0_0,2.0060595341495406,1.1256575815380252,0.03209836793343947,0.5467591527978862,4.465560286525871,1136.1544670208766,0.9998388961343492,1.18
t0__0_0,0.0,0.0,0.0,0.0,0.0,,,
