,mean,sd,mc_error,hpd_2.5,hpd_97.5,n_eff,Rhat,MAP
b,1.0,0.0,0.0,1.0,1.0,,,
p_error,0.05000000819563866,7.450580596923828e-09,1.4901161193847657e-09,0.05000000074505806,0.05000000074505806,1.0007506866324938,0.9997499687421851,
v__0_0,2.3426560362819052e-05,3.1164385751678504e-06,8.421728139367914e-08,1.7634110754771485e-05,2.9637313699376857e-05,1329.6674543057297,1.0002138013694355,2.3e-05
gamma__0_0,0.0,0.0,0.0,0.0,0.0,,,
s__0_0,0.006692243867405244,0.0006423759968534268,1.8574343181212935e-05,0.005458495684011685,0.007983813243341681,1203.330278116192,1.0002020645363436,0.006277
tau__0_0,0.17874702100945156,0.11095668295839192,0.0031672213415637916,0.008257600568751636,0.3469997596205762,1205.383856397613,1.0001123533444667,0.15
t0__0_0,0.0,0.0,0.0,0.0,0.0,,,
