,mean,sd,mc_error,hpd_2.5,hpd_97.5,n_eff,Rhat,MAP
b,1.0,0.0,0.0,1.0,1.0,,,
p_error,0.05000000819563866,7.450580596923828e-09,1.4901161193847657e-09,0.05000000074505806,0.05000000074505806,1.0007506866324938,0.9997499687421851,
v__0_0,4.9416690913413025e-05,6.534185872395307e-06,1.574378419325214e-07,3.567402454466681e-05,6.173706475208786e-05,1550.4039903506346,1.0006244231727528,5e-05
gamma__0_0,0.0,0.0,0.0,0.0,0.0,,,
s__0_0,0.009940149429731693,0.0010953615452076158,2.444000087248839e-05,0.007781607921818649,0.012065359577010212,1788.970777073504,1.000296399741195,0.009099
tau__0_0,0.6589736437793621,0.28277226330370303,0.0063516045254554,0.24962062745337052,1.1801315163064237,1788.3560097671002,0.9999640846702316,0.57
t0__0_0,0.0,0.0,0.0,0.0,0.0,,,
