,mean,sd,mc_error,hpd_2.5,hpd_97.5,n_eff,Rhat,MAP
b,1.0,0.0,0.0,1.0,1.0,,,
p_error,0.05000000819563866,7.450580596923828e-09,1.4901161193847657e-09,0.05000000074505806,0.05000000074505806,1.0007506866324938,0.9997499687421851,
v__0_0,3.570056236454521e-05,3.319597798089702e-06,8.237975587624084e-08,2.881371601481176e-05,4.158435594633884e-05,1609.6643709293405,0.9998111269545977,3.6e-05
gamma__0_0,0.0,0.0,0.0,0.0,0.0,,,
s__0_0,0.007131698849174245,0.0006130463173856843,1.5422141937504433e-05,0.006011249751524281,0.008382210162919393,1625.8237790072706,0.999798466815874,0.006947
tau__0_0,0.4879822432742291,0.16211055709641245,0.003557156929932963,0.2210637827838957,0.8269039376798215,1813.1686026020363,0.9997730708888486,0.45
t0__0_0,0.0,0.0,0.0,0.0,0.0,,,
