,mean,sd,mc_error,hpd_2.5,hpd_97.5,n_eff,Rhat,MAP
b,1.0,0.0,0.0,1.0,1.0,,,
p_error,0.05000000819563866,7.450580596923828e-09,1.4901161193847657e-09,0.05000000074505806,0.05000000074505806,1.0007506866324938,0.9997499687421851,
v__0_0,6.801967305776184e-05,6.724041587415685e-06,1.7090666917743956e-07,5.520032279692823e-05,8.143639267512738e-05,1319.8966904509045,1.0000071778654267,6.6e-05
gamma__0_0,0.0,0.0,0.0,0.0,0.0,,,
s__0_0,0.008794844491116744,0.0009962773687775962,2.520193381013378e-05,0.0069773158792932,0.01084734249412359,1332.2969213755998,1.0002978917302376,0.008024
tau__0_0,0.5686828620168942,0.24240191638168418,0.006312695221659873,0.23979470456923346,1.025003379934493,1327.521900233248,0.9998070728265249,0.43
t0__0_0,0.0,0.0,0.0,0.0,0.0,,,
