,mean,sd,mc_error,hpd_2.5,hpd_97.5,n_eff,Rhat,MAP
b,1.0,0.0,0.0,1.0,1.0,,,
p_error,0.05000000819563866,7.450580596923828e-09,1.4901161193847657e-09,0.05000000074505806,0.05000000074505806,1.0007506866324938,0.9997499687421851,
v__0_0,2.7938181922287448e-05,2.1532905263556216e-06,5.351008624570212e-08,2.3795649097010315e-05,3.2193062425483004e-05,1642.175383562236,1.0003349558319898,2.8e-05
gamma__0_0,0.0,0.0,0.0,0.0,0.0,,,
s__0_0,0.005424152862902941,0.0004893257054347756,1.2926980910440887e-05,0.004509010644731854,0.0063890380774088784,1632.5970383684235,1.0000517037850585,0.00519
tau__0_0,0.8439263601873807,0.22245621390658282,0.005296842679694738,0.4639686502691798,1.2890512433978394,1790.820821415876,0.9999391457698019,0.78
t0__0_0,0.0,0.0,0.0,0.0,0.0,,,
