,mean,sd,mc_error,hpd_2.5,hpd_97.5,n_eff,Rhat,MAP
b,1.0,0.0,0.0,1.0,1.0,,,
p_error,0.05000000819563866,7.450580596923828e-09,1.4901161193847657e-09,0.05000000074505806,0.05000000074505806,1.0007506866324938,0.9997499687421851,
v__0_0,3.794407110309119e-05,4.562163826227917e-06,1.0961052164423098e-07,2.924759498617982e-05,4.680184900133088e-05,1465.3685412938817,0.9997652864706383,4e-05
gamma__0_0,0.0,0.0,0.0,0.0,0.0,,,
s__0_0,0.008855828057957022,0.0008383749657938219,2.221004831426646e-05,0.00735209937316904,0.010575123540822318,1477.5803974633252,0.9999894914804549,0.008763
tau__0_0,0.6296435007842365,0.37868300234196145,0.011576791560016316,0.23834953974034848,1.1346797507910997,679.5853322467952,1.0012605642521628,0.54
t0__0_0,0.0,0.0,0.0,0.0,0.0,,,
