,mean,sd,mc_error,hpd_2.5,hpd_97.5,n_eff,Rhat,MAP
b,1.0,0.0,0.0,1.0,1.0,,,
p_error,0.05000000819563866,7.450580596923828e-09,1.4901161193847657e-09,0.05000000074505806,0.05000000074505806,1.0007506866324938,0.9997499687421851,
v__0_0,0.00010768030098168654,7.605877789037889e-06,1.8498607185142678e-07,9.203042539154809e-05,0.00012139585802977086,1639.5667748737528,0.999961119212849,0.000108
gamma__0_0,0.0,0.0,0.0,0.0,0.0,,,
s__0_0,0.008156348256615004,0.0009317242880980965,2.3061640666627122e-05,0.006304053797311163,0.00989236169215219,1559.5363297667095,0.9997585399663295,0.006124
tau__0_0,0.15770458269353502,0.05533447374458103,0.0011895494153717908,0.06499185052433365,0.2759780492211467,1754.580112856071,1.0002011868421703,0.13
t0__0_0,0.0,0.0,0.0,0.0,0.0,,,
