,mean,sd,mc_error,hpd_2.5,hpd_97.5,n_eff,Rhat,MAP
b,1.0,0.0,0.0,1.0,1.0,,,
p_error,0.05000000819563866,7.450580596923828e-09,1.4901161193847657e-09,0.05000000074505806,0.05000000074505806,1.0007506866324938,0.9997499687421851,
v__0_0,5.167095749995817e-05,1.6780885757436812e-06,3.375141823691664e-08,4.8319285524683245e-05,5.4841546066031245e-05,2235.0962012719865,0.9997908205268102,5.2e-05
gamma__0_0,0.0,0.0,0.0,0.0,0.0,,,
s__0_0,0.009938991623242792,0.0002685084342456132,4.562171128011216e-06,0.009439069306392834,0.010495874985169436,2809.970031883936,0.9997665867358865,0.009891
tau__0_0,0.18984696189632286,0.019936721021700323,0.00039270567709778493,0.14896121009879745,0.2273512990399209,2199.0084509018693,0.9998315330872842,0.19
t0__0_0,0.0,0.0,0.0,0.0,0.0,,,
