,mean,sd,mc_error,hpd_2.5,hpd_97.5,n_eff,Rhat,MAP
b,1.0,0.0,0.0,1.0,1.0,,,
p_error,0.05000000819563866,7.450580596923828e-09,1.4901161193847657e-09,0.05000000074505806,0.05000000074505806,1.0007506866324938,0.9997499687421851,
v__0_0,0.00010594599560830431,8.320555219966584e-06,2.1841463389966046e-07,9.026331481472922e-05,0.00012251216169906852,1548.8272473353431,0.9999075395580445,0.000109
gamma__0_0,0.0,0.0,0.0,0.0,0.0,,,
s__0_0,0.009030591718019391,0.001084974566026928,2.7963020305613293e-05,0.007120100339618797,0.011243487182067032,1908.3138233745792,0.9998774765751913,0.009282
tau__0_0,0.271129519740041,0.12120859857606686,0.0032775137449385624,0.09303843017437602,0.49249527669572046,1542.917577395643,0.9997729227876309,0.23
t0__0_0,0.0,0.0,0.0,0.0,0.0,,,
