,mean,sd,mc_error,hpd_2.5,hpd_97.5,n_eff,Rhat,MAP
b,1.0,0.0,0.0,1.0,1.0,,,
p_error,0.05000000819563866,7.450580596923828e-09,1.4901161193847657e-09,0.05000000074505806,0.05000000074505806,1.0007506866324938,0.9997499687421851,
v__0_0,2.0355583387637634e-05,3.228276655695222e-06,8.937318291516922e-08,1.3743223160150703e-05,2.6328619748375794e-05,1347.0626928058784,1.0019487693439824,2.1e-05
gamma__0_0,0.0,0.0,0.0,0.0,0.0,,,
s__0_0,0.007211449350889264,0.0007924906650036676,2.2295591666615766e-05,0.005717397309128145,0.008828766400684923,1301.0748542005017,1.0004533442362746,0.006623
tau__0_0,0.3019906236113896,0.3348183645955314,0.01276334349504866,0.054850812057081366,0.5982386903946258,730.9308332793119,1.0010828389816637,0.21
t0__0_0,0.0,0.0,0.0,0.0,0.0,,,
