,mean,sd,mc_error,hpd_2.5,hpd_97.5,n_eff,Rhat,MAP
b,1.0,0.0,0.0,1.0,1.0,,,
p_error,0.05000000819563866,7.450580596923828e-09,1.4901161193847657e-09,0.05000000074505806,0.05000000074505806,1.0007506866324938,0.9997499687421851,
v__0_0,5.331004649740345e-05,6.32720161598772e-06,1.6201362570363048e-07,4.2374988465348965e-05,6.643816754904254e-05,1398.1105452883812,1.0002719051496776,5.2e-05
gamma__0_0,0.0,0.0,0.0,0.0,0.0,,,
s__0_0,0.007196279330280421,0.0009039069072802098,2.0602128292696986e-05,0.005436555705490153,0.008899107760738502,1645.3278849039116,1.0003169647586112,0.007008
tau__0_0,0.9339743300084832,0.7211991641987106,0.022375649007374078,0.1608012294210131,2.3974395120726317,888.7614112327159,1.0006233425554107,0.64
t0__0_0,0.0,0.0,0.0,0.0,0.0,,,
