,mean,sd,mc_error,hpd_2.5,hpd_97.5,n_eff,Rhat,MAP
b,1.0,0.0,0.0,1.0,1.0,,,
p_error,0.05000000819563866,7.450580596923828e-09,1.4901161193847657e-09,0.05000000074505806,0.05000000074505806,1.0007506866324938,0.9997499687421851,
v__0_0,5.34524665701495e-05,5.739906115768724e-06,1.3338515063357814e-07,4.170985764604178e-05,6.42126434682336e-05,1503.958586194046,1.000043356185507,5.5e-05
gamma__0_0,0.0,0.0,0.0,0.0,0.0,,,
s__0_0,0.00902074329028118,0.0009991563307950408,2.0692182608250913e-05,0.007186059647328415,0.011065268506976254,1837.8785654381697,0.9997847712009134,0.008737
tau__0_0,0.7550771846480024,0.33405308049283783,0.011373885482160504,0.32251223940240575,1.3351332796389324,839.7081691847296,0.9999750206138124,0.65
t0__0_0,0.0,0.0,0.0,0.0,0.0,,,
