,mean,sd,mc_error,hpd_2.5,hpd_97.5,n_eff,Rhat,MAP
b,1.0,0.0,0.0,1.0,1.0,,,
p_error,0.05000000819563866,7.450580596923828e-09,1.4901161193847657e-09,0.05000000074505806,0.05000000074505806,1.0007506866324938,0.9997499687421851,
v__0_0,0.0001177611009836539,7.061967679386698e-06,1.671522693783714e-07,0.00010330877565453564,0.0001309729571939818,1709.3222290950243,0.9999173891698591,0.00012
gamma__0_0,0.0,0.0,0.0,0.0,0.0,,,
s__0_0,0.007969166787694174,0.0008838396108412958,2.719880574380461e-05,0.006277386062164146,0.009732243866323449,906.4811782836017,0.9999270177952543,0.006319
tau__0_0,0.2873648350856691,0.07160181080910002,0.0016699146438379456,0.16434004654142081,0.4292165545646121,1717.6447619413987,0.9998995349175068,0.26
t0__0_0,0.0,0.0,0.0,0.0,0.0,,,
