,mean,sd,mc_error,hpd_2.5,hpd_97.5,n_eff,Rhat,MAP
b,1.0,0.0,0.0,1.0,1.0,,,
p_error,0.05000000819563866,7.450580596923828e-09,1.4901161193847657e-09,0.05000000074505806,0.05000000074505806,1.0007506866324938,0.9997499687421851,
v__0_0,8.255581788667253e-05,7.865189733878785e-06,1.871346648351273e-07,6.837584428863946e-05,9.935295844795248e-05,1702.6902852366677,1.000063979208403,8.3e-05
gamma__0_0,0.0,0.0,0.0,0.0,0.0,,,
s__0_0,0.010758380709473894,0.0011465117711637973,2.6262858460073457e-05,0.008633167222678382,0.013107985168214346,1855.7969072831029,0.9998916246345564,0.011239
tau__0_0,0.591567775439997,0.18924963641520723,0.004958019592970273,0.2798082910464595,0.9342278796388117,1522.4493312749303,0.9997503795069826,0.46
t0__0_0,0.0,0.0,0.0,0.0,0.0,,,
