,mean,sd,mc_error,hpd_2.5,hpd_97.5,n_eff,Rhat,MAP
b,1.0,0.0,0.0,1.0,1.0,,,
p_error,0.05000000819563866,7.450580596923828e-09,1.4901161193847657e-09,0.05000000074505806,0.05000000074505806,1.0007506866324938,0.9997499687421851,
v__0_0,6.735134952786475e-05,6.558226978543485e-06,1.6659313452597765e-07,5.434063824000561e-05,7.982504841543106e-05,1268.3331233151644,1.0012846122967107,7e-05
gamma__0_0,0.0,0.0,0.0,0.0,0.0,,,
s__0_0,0.007672387437542626,0.0008518086826168939,2.191653936339606e-05,0.006188412275786728,0.009442120996337138,1380.8847782943076,1.0014877368529171,0.007293
tau__0_0,0.6523840523784435,0.31121228966331516,0.009063309180321184,0.26058627878991836,1.1373991546932702,998.2933915418542,1.0006593704334876,0.51
t0__0_0,0.0,0.0,0.0,0.0,0.0,,,
