,mean,sd,mc_error,hpd_2.5,hpd_97.5,n_eff,Rhat,MAP
b,1.0,0.0,0.0,1.0,1.0,,,
p_error,0.05000000819563866,7.450580596923828e-09,1.4901161193847657e-09,0.05000000074505806,0.05000000074505806,1.0007506866324938,0.9997499687421851,
v__0_0,2.0464247659207665e-05,2.4113908131178218e-06,7.203649599689688e-08,1.591730630581206e-05,2.5297159033023006e-05,1011.8463423578163,1.0000763486847326,2.1e-05
gamma__0_0,0.0,0.0,0.0,0.0,0.0,,,
s__0_0,0.0061442223278606566,0.0006473179091675242,1.7494042097921634e-05,0.004956403941512846,0.007524950697006823,1198.5243553076607,0.9998610950703698,0.005621
tau__0_0,0.42223222892058343,0.3492494190136208,0.018050205220103407,0.15327147192105373,0.6883615427935396,361.16721284870977,1.000301524814339,0.32
t0__0_0,0.0,0.0,0.0,0.0,0.0,,,
