,mean,sd,mc_error,hpd_2.5,hpd_97.5,n_eff,Rhat,MAP
b,1.0,0.0,0.0,1.0,1.0,,,
p_error,0.05000000819563866,7.450580596923828e-09,1.4901161193847657e-09,0.05000000074505806,0.05000000074505806,1.0007506866324938,0.9997499687421851,
v__0_0,1.8828724811422687e-05,1.476590076197319e-06,3.3296763338821667e-08,1.590448522333629e-05,2.1559947087542876e-05,1916.9283695465165,0.999867395528987,1.9e-05
gamma__0_0,0.0,0.0,0.0,0.0,0.0,,,
s__0_0,0.005152752327149649,0.0004279515840036566,1.0444392513632852e-05,0.004326560614133427,0.005989948352747702,1713.9396827145026,0.9997856215241674,0.005129
tau__0_0,0.19453216777033777,0.07206087062181962,0.0012106550602869483,0.058763033698355845,0.3401254401575128,3069.978152955867,0.9997705372207746,0.17
t0__0_0,0.0,0.0,0.0,0.0,0.0,,,
