,mean,sd,mc_error,hpd_2.5,hpd_97.5,n_eff,Rhat,MAP
b,1.0,0.0,0.0,1.0,1.0,,,
p_error,0.05000000819563866,7.450580596923828e-09,1.4901161193847657e-09,0.05000000074505806,0.05000000074505806,1.0007506866324938,0.9997499687421851,
v__0_0,5.041643125043395e-05,7.653571989234004e-06,2.656168459822222e-07,3.620048388829851e-05,6.592902256299081e-05,709.9249685526237,0.9999722915191889,4.8e-05
gamma__0_0,0.0,0.0,0.0,0.0,0.0,,,
s__0_0,0.012640536451462445,0.0010802290489561165,3.0246971908432157e-05,0.010431001843016045,0.01479422889427166,1259.7723805870346,0.999899317590229,0.010971
tau__0_0,2.3840071766526063,1.2778827667263428,0.03898639589143703,0.5779776036946024,4.802349628107519,1080.9424749356851,0.9997857833552126,1.16
t0__0_0,0.0,0.0,0.0,0.0,0.0,,,
