,mean,sd,mc_error,hpd_2.5,hpd_97.5,n_eff,Rhat,MAP
b,1.0,0.0,0.0,1.0,1.0,,,
p_error,0.05000000819563866,7.450580596923828e-09,1.4901161193847657e-09,0.05000000074505806,0.05000000074505806,1.0007506866324938,0.9997499687421851,
v__0_0,9.345805303658245e-05,7.233836623417952e-06,1.5685316057503376e-07,7.931250367832996e-05,0.00010782180822337672,1691.8464527115646,1.0000786880125685,9.4e-05
gamma__0_0,0.0,0.0,0.0,0.0,0.0,,,
s__0_0,0.009946017947477598,0.0009827302626428105,2.1610101972173288e-05,0.008174025544593566,0.011992744754651721,1715.339089127844,1.0002342162286901,0.009061
tau__0_0,0.3841239258112537,0.10497122625924542,0.002460943071727814,0.21166701950392344,0.5780550541040897,1664.9911025314718,1.0001953701540527,0.37
t0__0_0,0.0,0.0,0.0,0.0,0.0,,,
