,mean,sd,mc_error,hpd_2.5,hpd_97.5,n_eff,Rhat,MAP
b,1.0,0.0,0.0,1.0,1.0,,,
p_error,0.05000000819563866,7.450580596923828e-09,1.4901161193847657e-09,0.05000000074505806,0.05000000074505806,1.0007506866324938,0.9997499687421851,
v__0_0,5.1765607768275204e-05,3.859961306025018e-06,8.513437523034527e-08,4.428826721503475e-05,5.9090314383464464e-05,2022.3770357484614,1.0001302573034037,5.2e-05
gamma__0_0,0.0,0.0,0.0,0.0,0.0,,,
s__0_0,0.00696133126623947,0.0007145370955053525,1.5936855158052143e-05,0.005700668017797731,0.008446887179629327,1910.4353703723236,1.0002183386871486,0.006492
tau__0_0,0.2633596197792906,0.07664130506576428,0.0016456270847393113,0.12687313358626867,0.4171018828704698,1747.1932948090825,0.9997710648268561,0.27
t0__0_0,0.0,0.0,0.0,0.0,0.0,,,
