,mean,sd,mc_error,hpd_2.5,hpd_97.5,n_eff,Rhat,MAP
b,1.0,0.0,0.0,1.0,1.0,,,
p_error,0.05000000819563866,7.450580596923828e-09,1.4901161193847657e-09,0.05000000074505806,0.05000000074505806,1.0007506866324938,0.9997499687421851,
v__0_0,5.654497441460714e-05,4.063952525786524e-06,9.207060206612829e-08,4.851803779096399e-05,6.443204962654797e-05,1894.3496821484114,0.9997761994222899,5.6e-05
gamma__0_0,0.0,0.0,0.0,0.0,0.0,,,
s__0_0,0.0069849513805540706,0.0007293583848257225,1.5359467574982157e-05,0.00568098635234772,0.008521501890858322,2130.5168207696192,1.0001414659296557,0.006972
tau__0_0,0.32742690992478457,0.09608915982908636,0.0022915149310159784,0.15542614981171562,0.5113232549359183,1778.4471864071786,1.0002126172220775,0.3
t0__0_0,0.0,0.0,0.0,0.0,0.0,,,
