,mean,sd,mc_error,hpd_2.5,hpd_97.5,n_eff,Rhat,MAP
b,1.0,0.0,0.0,1.0,1.0,,,
p_error,0.05000000819563866,7.450580596923828e-09,1.4901161193847657e-09,0.05000000074505806,0.05000000074505806,1.0007506866324938,0.9997499687421851,
v__0_0,3.568429322888543e-05,4.573940557024897e-06,1.1677080825961756e-07,2.655100172718588e-05,4.4380525276356176e-05,1470.114460210424,1.0023648572885773,3.6e-05
gamma__0_0,0.0,0.0,0.0,0.0,0.0,,,
s__0_0,0.010400830881869194,0.0010365692289834125,2.5828879553296817e-05,0.00848521857914696,0.012548147171133362,1393.7607294017162,1.003834593617808,0.010105
tau__0_0,1.5652879695850053,1.0087888779951868,0.03273938851698998,0.3951826049215023,4.007667145701209,893.0440765611746,1.0035780035941766,0.95
t0__0_0,0.0,0.0,0.0,0.0,0.0,,,
