,mean,sd,mc_error,hpd_2.5,hpd_97.5,n_eff,Rhat,MAP
b,1.0,0.0,0.0,1.0,1.0,,,
p_error,0.05000000819563866,7.450580596923828e-09,1.4901161193847657e-09,0.05000000074505806,0.05000000074505806,1.0007506866324938,0.9997499687421851,
v__0_0,6.110079901670319e-05,6.878019922067906e-06,1.5327508616358567e-07,4.7169357679615494e-05,7.3889705525102e-05,1786.017223437351,0.9998089375347633,6.2e-05
gamma__0_0,0.0,0.0,0.0,0.0,0.0,,,
s__0_0,0.010350035910789248,0.0010332246424482074,2.429244751550431e-05,0.008465031543611263,0.012468026728520282,1636.1019260414662,0.9997501648526238,0.010224
tau__0_0,0.29997885935923624,0.09856416498972427,0.0021400387416261766,0.1327468256348705,0.49458971528184603,2027.965338714336,0.9998103313050405,0.27
t0__0_0,0.0,0.0,0.0,0.0,0.0,,,
