,mean,sd,mc_error,hpd_2.5,hpd_97.5,n_eff,Rhat,MAP
b,1.0,0.0,0.0,1.0,1.0,,,
p_error,0.05000000819563866,7.450580596923828e-09,1.4901161193847657e-09,0.05000000074505806,0.05000000074505806,1.0007506866324938,0.9997499687421851,
v__0_0,3.0994537150420926e-05,2.247689035865085e-06,5.668995152896198e-08,2.6691865124918693e-05,3.543719172103228e-05,1562.312528824384,1.001283470401133,3.1e-05
gamma__0_0,0.0,0.0,0.0,0.0,0.0,,,
s__0_0,0.005521387012709885,0.0004889578790401546,1.111744665082782e-05,0.004626558227459519,0.006509391398467943,1708.8980445871555,0.9997518584603367,0.005515
tau__0_0,2.1030785901850386,0.7453921706487006,0.017612006875596116,0.9452118336890863,3.6743950303652073,1428.626144665386,0.9997822560535873,2.05
t0__0_0,0.0,0.0,0.0,0.0,0.0,,,
