,mean,sd,mc_error,hpd_2.5,hpd_97.5,n_eff,Rhat,MAP
b,1.0,0.0,0.0,1.0,1.0,,,
p_error,0.05000000819563866,7.450580596923828e-09,1.4901161193847657e-09,0.05000000074505806,0.05000000074505806,1.0007506866324938,0.9997499687421851,
v__0_0,5.5526506193744286e-05,4.4961385807460546e-06,9.556952045808914e-08,4.689251431921984e-05,6.472658618771893e-05,1745.0217059177178,1.0013678249238567,5.4e-05
gamma__0_0,0.0,0.0,0.0,0.0,0.0,,,
s__0_0,0.00683840196604819,0.0007855238978236495,1.82779296673102e-05,0.005349545091740485,0.00840571988208322,1658.423323924618,1.0003728137271266,0.006954
tau__0_0,0.15220485887782245,0.04233781316719322,0.00089034328677517,0.08042378542481994,0.24350704443399734,2092.8206904648714,0.9998019380324383,0.14
t0__0_0,0.0,0.0,0.0,0.0,0.0,,,
