,mean,sd,mc_error,hpd_2.5,hpd_97.5,n_eff,Rhat,MAP
b,1.0,0.0,0.0,1.0,1.0,,,
p_error,0.05000000819563866,7.450580596923828e-09,1.4901161193847657e-09,0.05000000074505806,0.05000000074505806,1.0007506866324938,0.9997499687421851,
v__0_0,3.641923191548715e-05,6.2137469716763394e-06,1.9903236381238022e-07,2.4514389131291056e-05,4.826880882387051e-05,1051.7882211044548,0.9999236291760523,3.5e-05
gamma__0_0,0.0,0.0,0.0,0.0,0.0,,,
s__0_0,0.010321325252893483,0.0011391880394960147,3.318420521434124e-05,0.008214296114847253,0.012696535933538018,1291.907815945811,0.9997995641798395,0.009217
tau__0_0,1.9387851492386936,1.4033167815924126,0.045652957261026444,0.23949047799397213,4.604599003822705,1000.905246200915,1.000794043717703,0.51
t0__0_0,0.0,0.0,0.0,0.0,0.0,,,
