,mean,sd,mc_error,hpd_2.5,hpd_97.5,n_eff,Rhat,MAP
b,1.0,0.0,0.0,1.0,1.0,,,
p_error,0.05000000819563866,7.450580596923828e-09,1.4901161193847657e-09,0.05000000074505806,0.05000000074505806,1.0007506866324938,0.9997499687421851,
v__0_0,5.2535358601637437e-05,2.705347119632114e-06,6.403594787887424e-08,4.7171422231990324e-05,5.757602796974939e-05,1825.9292800320964,0.9997986974217903,5.2e-05
gamma__0_0,0.0,0.0,0.0,0.0,0.0,,,
s__0_0,0.013141864980141858,0.00037370451092770356,8.648069144249104e-06,0.012391288517009389,0.013858265177088066,2056.722450710597,0.9997627194776666,0.013049
tau__0_0,0.5151114102985372,0.09413447521362182,0.002215652752724071,0.3521839930339187,0.7049000757016882,1821.5114588402475,0.9997940526858295,0.48
t0__0_0,0.0,0.0,0.0,0.0,0.0,,,
