,mean,sd,mc_error,hpd_2.5,hpd_97.5,n_eff,Rhat,MAP
b,1.0,0.0,0.0,1.0,1.0,,,
p_error,0.05000000819563866,7.450580596923828e-09,1.4901161193847657e-09,0.05000000074505806,0.05000000074505806,1.0007506866324938,0.9997499687421851,
v__0_0,3.465306848689774e-05,7.406647559786743e-06,2.0048932123392105e-07,1.9476760864995782e-05,4.8185538402606576e-05,1306.5232390633487,1.000208950341466,3.7e-05
gamma__0_0,0.0,0.0,0.0,0.0,0.0,,,
s__0_0,0.012992030545743027,0.0013171975913034719,3.3596536771166755e-05,0.010458133275084661,0.015494608408812428,1412.746119591454,1.0020058419196396,0.011905
tau__0_0,0.48898203736761997,0.6817332384227586,0.019619219038563257,0.0005524511774858837,1.666588794616306,921.5363779166025,0.9997510261673663,0.21
t0__0_0,0.0,0.0,0.0,0.0,0.0,,,
