,mean,sd,mc_error,hpd_2.5,hpd_97.5,n_eff,Rhat,MAP
b,1.0,0.0,0.0,1.0,1.0,,,
p_error,0.05000000819563866,7.450580596923828e-09,1.4901161193847657e-09,0.05000000074505806,0.05000000074505806,1.0007506866324938,0.9997499687421851,
v__0_0,0.00010352606568815413,3.350771686047514e-06,8.501161277742991e-08,9.637178391008171e-05,0.00010945831514682322,1700.2220438643312,0.9997770369562262,0.000104
gamma__0_0,0.0,0.0,0.0,0.0,0.0,,,
s__0_0,0.013859026696378741,0.0004010399180634045,9.237375942305823e-06,0.013064546663490195,0.014624829654934278,2192.3621316730973,0.9999503677345787,0.014027
tau__0_0,0.5351593355607972,0.06365173138611332,0.0015601085657896488,0.4208930032287984,0.6648861601778107,1764.9235670969124,0.9998892695774172,0.51
t0__0_0,0.0,0.0,0.0,0.0,0.0,,,
