,mean,sd,mc_error,hpd_2.5,hpd_97.5,n_eff,Rhat,MAP
b,1.0,0.0,0.0,1.0,1.0,,,
p_error,0.05000000819563866,7.450580596923828e-09,1.4901161193847657e-09,0.05000000074505806,0.05000000074505806,1.0007506866324938,0.9997499687421851,
v__0_0,0.00010993989255335806,3.1183048922387454e-06,7.729438622903559e-08,0.00010377571076055852,0.00011583976885634434,1403.647285072444,0.9999324027313328,0.000109
gamma__0_0,0.0,0.0,0.0,0.0,0.0,,,
s__0_0,0.011052276188003828,0.00033343839461195203,7.12503838594062e-06,0.0103864165891007,0.011675597164786505,1844.9560892351558,0.9997623395340021,0.010894
tau__0_0,0.21279747861952233,0.020294093386623076,0.0004931953385868362,0.1761093175658113,0.25375657324562717,1513.8002925193825,1.0001637513226755,0.21
t0__0_0,0.0,0.0,0.0,0.0,0.0,,,
