,mean,sd,mc_error,hpd_2.5,hpd_97.5,n_eff,Rhat,MAP
b,1.0,0.0,0.0,1.0,1.0,,,
p_error,0.05000000819563866,7.450580596923828e-09,1.4901161193847657e-09,0.05000000074505806,0.05000000074505806,1.0007506866324938,0.9997499687421851,
v__0_0,4.5902757185259895e-05,3.921654199833592e-06,8.303348803605774e-08,3.7532231713324146e-05,5.282101707588712e-05,2114.9635777161416,0.9999704049770278,4.7e-05
gamma__0_0,0.0,0.0,0.0,0.0,0.0,,,
s__0_0,0.007744338234634256,0.0007349093394208114,1.5509628231432875e-05,0.00630384362427155,0.009185910655086239,2376.928042672303,0.9997569478206377,0.007653
tau__0_0,0.5010399869565614,0.1560095678226459,0.0034943724212606808,0.26351386989238407,0.8036360295152682,1985.9036577304232,1.000263120206189,0.4
t0__0_0,0.0,0.0,0.0,0.0,0.0,,,
