,mean,sd,mc_error,hpd_2.5,hpd_97.5,n_eff,Rhat,MAP
b,1.0,0.0,0.0,1.0,1.0,,,
p_error,0.05000000819563866,7.450580596923828e-09,1.4901161193847657e-09,0.05000000074505806,0.05000000074505806,1.0007506866324938,0.9997499687421851,
v__0_0,6.833186108554183e-05,8.165383365571443e-06,1.9031505512337123e-07,5.25990203652135e-05,8.443808967848928e-05,1522.3739106069945,1.0014085592067257,6.7e-05
gamma__0_0,0.0,0.0,0.0,0.0,0.0,,,
s__0_0,0.008850651931821265,0.0011291869402346214,2.5759509879625895e-05,0.006743684335321166,0.011100528448623775,1539.7747982450337,1.001223514231638,0.007704
tau__0_0,0.14728872682432587,0.08574881152120466,0.001959090524836048,0.0011215632797588757,0.29937139225999654,1837.4280630784021,1.00155676091297,0.14
t0__0_0,0.0,0.0,0.0,0.0,0.0,,,
