,mean,sd,mc_error,hpd_2.5,hpd_97.5,n_eff,Rhat,MAP
b,1.0,0.0,0.0,1.0,1.0,,,
p_error,0.05000000819563866,7.450580596923828e-09,1.4901161193847657e-09,0.05000000074505806,0.05000000074505806,1.0007506866324938,0.9997499687421851,
v__0_0,0.00010657563374875832,3.149306392209235e-06,7.337620038992258e-08,0.00010072521408752896,0.00011291072059768699,1804.8149258963988,0.9999157653709164,0.000107
gamma__0_0,0.0,0.0,0.0,0.0,0.0,,,
s__0_0,0.010239149507850275,0.00032960510738154784,7.049839763390765e-06,0.009606387852415712,0.01088399668864093,1997.2231365095333,0.9998220650408641,0.010036
tau__0_0,0.23255972471693484,0.022042789255217823,0.0005098542885555257,0.18930239884723693,0.2747221818688812,2026.2894385908344,1.0000927197026017,0.23
t0__0_0,0.0,0.0,0.0,0.0,0.0,,,
