,mean,sd,mc_error,hpd_2.5,hpd_97.5,n_eff,Rhat,MAP
b,1.0,0.0,0.0,1.0,1.0,,,
p_error,0.05000000819563866,7.450580596923828e-09,1.4901161193847657e-09,0.05000000074505806,0.05000000074505806,1.0007506866324938,0.9997499687421851,
v__0_0,9.363696660219506e-05,1.7012735530122783e-05,7.165220204734122e-07,5.633445714135399e-05,0.0001213631998288247,473.40397184558776,1.0008256053217934,9.9e-05
gamma__0_0,0.0,0.0,0.0,0.0,0.0,,,
s__0_0,0.011172140123584426,0.0018174347154833945,7.192104718309672e-05,0.008067971457581927,0.015176925720556246,527.3216895002874,1.00013380273255,0.010573
tau__0_0,0.5585485662454789,1.0229724118712953,0.0511709735743512,0.021390799955706398,3.379078703458869,296.971892225395,1.003976933656791,0.17
t0__0_0,0.0,0.0,0.0,0.0,0.0,,,
