,mean,sd,mc_error,hpd_2.5,hpd_97.5,n_eff,Rhat,MAP
b,1.0,0.0,0.0,1.0,1.0,,,
p_error,0.05000000819563866,7.450580596923828e-09,1.4901161193847657e-09,0.05000000074505806,0.05000000074505806,1.0007506866324938,0.9997499687421851,
v__0_0,0.00010580944114292532,2.7321820500042167e-06,6.602085610568852e-08,0.00010065802564961412,0.0001114262251502983,1430.6404403279078,1.0003665639848225,0.000106
gamma__0_0,0.0,0.0,0.0,0.0,0.0,,,
s__0_0,0.010351431843603905,0.0003041404771474419,6.383257370182388e-06,0.009777028177833151,0.010952737775599691,2223.465972664551,1.0004651291404139,0.01026
tau__0_0,0.2230523614271945,0.021066692802388452,0.0005183479380794826,0.18388920325867616,0.2655200447590145,1559.3556926411725,0.9998731247602934,0.22
t0__0_0,0.0,0.0,0.0,0.0,0.0,,,
