,mean,sd,mc_error,hpd_2.5,hpd_97.5,n_eff,Rhat,MAP
b,1.0,0.0,0.0,1.0,1.0,,,
p_error,0.05000000819563866,7.450580596923828e-09,1.4901161193847657e-09,0.05000000074505806,0.05000000074505806,1.0007506866324938,0.9997499687421851,
v__0_0,4.0454574400863255e-05,2.3252028433125298e-06,5.4518394448446796e-08,3.630624687314331e-05,4.562403596587247e-05,1791.569764025922,0.9998412480185133,4.1e-05
gamma__0_0,0.49062906597072775,0.21696675406967092,0.0077561941900119195,0.15317501179408488,0.9030867953855246,694.7888630364238,0.9997633934341384,0.24
s__0_0,0.005575032955176092,0.0007742749627550722,2.5457494084152342e-05,0.004111902514678363,0.007087030172949347,879.999555513566,1.0043437559639852,0.005143
tau__0_0,2.381720677655986,1.1193502723599253,0.03929789292442458,0.6996992549636861,4.636742048227673,700.0740530041797,1.0007585773474454,1.64
t0__0_0,0.0,0.0,0.0,0.0,0.0,,,
