,mean,sd,mc_error,hpd_2.5,hpd_97.5,n_eff,Rhat,MAP
b,1.0,0.0,0.0,1.0,1.0,,,
p_error,0.05000000819563866,7.450580596923828e-09,1.4901161193847657e-09,0.05000000074505806,0.05000000074505806,1.0007506866324938,0.9997499687421851,
v__0_0,4.1002942785956344e-05,3.4628177830517693e-06,8.013328571854027e-08,3.412964608303969e-05,4.76156478590675e-05,1735.7318629375345,0.9997528912209368,4.1e-05
gamma__0_0,-0.3282854169372402,0.1378476449615427,0.0031227103970435928,-0.5847918581609726,-0.07039593208254225,1702.4538504857221,0.9997620699481664,-0.42
s__0_0,0.00737450148255594,0.0006474009472192667,1.3612061271436903e-05,0.00614768799858096,0.008665312140224259,2368.5813628234782,1.000190014140321,0.00709
tau__0_0,1.9190863857352918,0.9843798314126654,0.027358132473132863,0.47714438336343623,4.184037674826499,1145.605830341588,0.9997623374953849,1.21
t0__0_0,0.0,0.0,0.0,0.0,0.0,,,
