,mean,sd,mc_error,hpd_2.5,hpd_97.5,n_eff,Rhat,MAP
b,1.0,0.0,0.0,1.0,1.0,,,
p_error,0.05000000819563866,7.450580596923828e-09,1.4901161193847657e-09,0.05000000074505806,0.05000000074505806,1.0007506866324938,0.9997499687421851,
v__0_0,6.321203047668245e-05,5.603919489279214e-06,1.2257938274316554e-07,5.2309244752848715e-05,7.413701929820645e-05,2073.5071404861055,1.000114158505771,6.2e-05
gamma__0_0,0.5564497627026399,0.20709872529701517,0.004870648565391699,0.19319987886101941,0.9948922229611519,1731.9882156542187,0.9997800369650781,0.6
s__0_0,0.009146697394550003,0.0009779197847472215,2.129356182206006e-05,0.007342471408504551,0.011157186462679807,2174.8363021725627,1.0002783428399373,0.008662
tau__0_0,1.1155446128610493,0.599693481299528,0.01836086956034493,0.34799441295758016,2.2272081188654504,1115.6870854805718,0.9997517666996112,1.04
t0__0_0,0.0,0.0,0.0,0.0,0.0,,,
