,mean,sd,mc_error,hpd_2.5,hpd_97.5,n_eff,Rhat,MAP
b,1.0,0.0,0.0,1.0,1.0,,,
p_error,0.05000000819563866,7.450580596923828e-09,1.4901161193847657e-09,0.05000000074505806,0.05000000074505806,1.0007506866324938,0.9997499687421851,
v__0_0,6.727662838114681e-05,6.579993474705579e-06,1.562810335092332e-07,5.495368490153816e-05,8.025223249179013e-05,1495.914582353034,1.0001295458202186,6.7e-05
gamma__0_0,0.551864325886348,0.242416467079076,0.005305708256446867,0.15173301472782796,0.9959920703096774,1570.8501199616412,0.9997847540162462,0.48
s__0_0,0.008848334307978491,0.0009773259948441598,2.2597794749670893e-05,0.007015756247839362,0.01084258287896861,1474.685323403197,0.9999385048842305,0.008138
tau__0_0,0.6805353690147822,0.2547767379638144,0.00663505698794496,0.2673263099121671,1.1546031187979602,1273.246213753383,0.9997806657158319,0.62
t0__0_0,0.0,0.0,0.0,0.0,0.0,,,
