,mean,sd,mc_error,hpd_2.5,hpd_97.5,n_eff,Rhat,MAP
b,1.0,0.0,0.0,1.0,1.0,,,
p_error,0.05000000819563866,7.450580596923828e-09,1.4901161193847657e-09,0.05000000074505806,0.05000000074505806,1.0007506866324938,0.9997499687421851,
v__0_0,8.702200019758971e-05,6.324522166836292e-06,2.0176793426088647e-07,7.443615665788167e-05,9.935480343935285e-05,931.7984555475302,1.0007652620788607,8.6e-05
gamma__0_0,-0.15639438114543375,0.3484617701870654,0.011803426894622878,-0.861313927432084,0.45821346069123337,862.4455516190001,1.0030450006106897,-0.06
s__0_0,0.006645412067539368,0.0009508561705980492,4.738628486957499e-05,0.004573581139734984,0.008235683181526333,210.08458767527003,1.0037227864330829,0.006603
tau__0_0,0.3482635184455618,0.12279631693196386,0.0035754703876848684,0.14953263481039733,0.5699635015764852,1242.7840547833143,0.9998258508334211,0.32
t0__0_0,0.0,0.0,0.0,0.0,0.0,,,
