,mean,sd,mc_error,hpd_2.5,hpd_97.5,n_eff,Rhat,MAP
b,1.0,0.0,0.0,1.0,1.0,,,
p_error,0.05000000819563866,7.450580596923828e-09,1.4901161193847657e-09,0.05000000074505806,0.05000000074505806,1.0007506866324938,0.9997499687421851,
v__0_0,5.5286451863439284e-05,9.18102868507016e-06,2.992744592257954e-07,3.876143088074822e-05,7.324752009526033e-05,830.3041288646749,1.0005150849943365,5.1e-05
gamma__0_0,0.2860934964165614,0.31015878222831295,0.010874140055158667,-0.1830790524369874,0.9991265906867746,744.7930550864305,1.0014115244638042,0.27
s__0_0,0.011937919664115738,0.0012290760255738793,3.595635290976785e-05,0.00959288356254566,0.014321345221299941,1040.47615945763,0.9999591655368979,0.012649
tau__0_0,1.614774117371554,1.1696647227385253,0.04264856156332893,0.34578342552263863,4.376296225192726,658.0640647894976,0.999826411724904,0.66
t0__0_0,0.0,0.0,0.0,0.0,0.0,,,
