,mean,sd,mc_error,hpd_2.5,hpd_97.5,n_eff,Rhat,MAP
b,1.0,0.0,0.0,1.0,1.0,,,
p_error,0.05000000819563866,7.450580596923828e-09,1.4901161193847657e-09,0.05000000074505806,0.05000000074505806,1.0007506866324938,0.9997499687421851,
v__0_0,0.00010223727669018569,2.455715010924396e-06,5.1634212391731283e-08,9.74595268577663e-05,0.00010706516676524173,2154.318145360962,1.0006698487365335,0.000103
gamma__0_0,0.44970281406729795,0.07755363666869175,0.0014816534818012954,0.3095908852939271,0.6064601680833661,3008.641620614515,0.9999312455376271,0.42
s__0_0,0.009013919954771634,0.0002658861673215459,4.678894412569202e-06,0.008487932778977325,0.009524014349402758,2875.694605684182,0.9997585038334315,0.008935
tau__0_0,0.3596008925941898,0.03539446197089007,0.0007993526622078701,0.2940486683541381,0.431345484494397,2010.9971672160434,1.000206524101051,0.35
t0__0_0,0.0,0.0,0.0,0.0,0.0,,,
