,mean,sd,mc_error,hpd_2.5,hpd_97.5,n_eff,Rhat,MAP
b,1.0,0.0,0.0,1.0,1.0,,,
p_error,0.05000000819563866,7.450580596923828e-09,1.4901161193847657e-09,0.05000000074505806,0.05000000074505806,1.0007506866324938,0.9997499687421851,
v__0_0,6.560674658261511e-05,2.325832418631986e-06,4.6009435579867216e-08,6.122209017169191e-05,7.021682786376386e-05,2571.3379574771693,1.000530178469539,6.6e-05
gamma__0_0,0.01155840197485402,0.07296873411315058,0.0013045297688641128,-0.12445673412049096,0.16718972412946975,2865.260517489579,0.9997920635004721,0.0
s__0_0,0.011471438892031685,0.00032063698362241107,6.016420608225412e-06,0.010868068357218657,0.012116855315645601,2735.249898832245,1.0011217825111867,0.011417
tau__0_0,0.4676854772987071,0.0587853546704981,0.0010904197526910551,0.34949130745140217,0.5761529317881063,2629.264169445852,0.9999860574370235,0.45
t0__0_0,0.0,0.0,0.0,0.0,0.0,,,
