,mean,sd,mc_error,hpd_2.5,hpd_97.5,n_eff,Rhat,MAP
b,1.0,0.0,0.0,1.0,1.0,,,
p_error,0.05000000819563866,7.450580596923828e-09,1.4901161193847657e-09,0.05000000074505806,0.05000000074505806,1.0007506866324938,0.9997499687421851,
v__0_0,4.135648438884143e-05,4.677723152212387e-06,2.0829531848384985e-07,3.386682833822228e-05,5.210544127046609e-05,426.8224981714052,1.0007518265160884,4e-05
gamma__0_0,0.00642359175589543,0.09466904449364907,0.0027427923220276337,-0.16863077882635835,0.20111133192745356,1130.722461687134,1.0018725353602,-0.0
s__0_0,0.007953951021979334,0.000699508945914134,2.7891072012609232e-05,0.006539724779573591,0.009313012582171758,539.0794680376382,1.0006751837592183,0.00622
tau__0_0,2.72987598350564,1.176551270345635,0.04119739922317507,0.5724970101661041,4.665304565667667,663.6241272871133,1.0013790760944505,2.6
t0__0_0,0.0,0.0,0.0,0.0,0.0,,,
