,mean,sd,mc_error,hpd_2.5,hpd_97.5,n_eff,Rhat,MAP
b,1.0,0.0,0.0,1.0,1.0,,,
p_error,0.05000000819563866,7.450580596923828e-09,1.4901161193847657e-09,0.05000000074505806,0.05000000074505806,1.0007506866324938,0.9997499687421851,
v__0_0,5.000463641373261e-05,5.352805233006592e-06,1.0742301095180603e-07,3.922554015560382e-05,6.0157745318751215e-05,2210.787818491467,0.9999094751345844,5e-05
gamma__0_0,-0.34496318260175757,0.2375387103395123,0.0060989736684698564,-0.8732214860385419,0.14472591890074682,1676.3225262254,0.9998159854104969,-0.4
s__0_0,0.009684110044848886,0.001042677394846811,2.3490936247371203e-05,0.007721711335624101,0.011764388293340833,2189.361706408147,1.0001275416844388,0.009735
tau__0_0,2.084702917228537,1.0403877512437876,0.024369028062593716,0.6417112065997304,4.353948949845203,1704.1580909259064,0.999774268992946,1.2
t0__0_0,0.0,0.0,0.0,0.0,0.0,,,
