,mean,sd,mc_error,hpd_2.5,hpd_97.5,n_eff,Rhat,MAP
b,1.0,0.0,0.0,1.0,1.0,,,
p_error,0.05000000819563866,7.450580596923828e-09,1.4901161193847657e-09,0.05000000074505806,0.05000000074505806,1.0007506866324938,0.9997499687421851,
v__0_0,5.865635831432371e-05,4.770406922637908e-06,1.3728467804506398e-07,4.915565210703325e-05,6.78149736599882e-05,1145.2200191891102,1.0017177625430502,5.8e-05
gamma__0_0,0.22338173660763425,0.10317608816626798,0.003414593737742547,0.016892054475670548,0.4196753539855802,874.8705550113247,0.9997575343719391,0.24
s__0_0,0.00792710371268844,0.0007851642322630082,2.110270686704417e-05,0.006418338043004023,0.009482675484912462,1327.3798382526686,1.0022775839907512,0.007396
tau__0_0,2.357221080623925,0.9075596662213342,0.021464706316322087,0.8339939664641041,4.205633645686107,1566.5278678045795,1.0003312323267077,2.17
t0__0_0,0.0,0.0,0.0,0.0,0.0,,,
