,mean,sd,mc_error,hpd_2.5,hpd_97.5,n_eff,Rhat,MAP
b,1.0,0.0,0.0,1.0,1.0,,,
p_error,0.05000000819563866,7.450580596923828e-09,1.4901161193847657e-09,0.05000000074505806,0.05000000074505806,1.0007506866324938,0.9997499687421851,
v__0_0,5.5184001051500215e-05,9.798813513963003e-06,2.932176498283059e-07,3.9572591065125534e-05,7.492090148292095e-05,862.9082700455738,1.0040870191847946,4.9e-05
gamma__0_0,-0.8620728066967465,0.34280644087966033,0.009983139130042633,-1.5465077513977814,-0.25730661006087985,910.4673033665943,1.0018625502173568,-0.7
s__0_0,0.009392892873056724,0.0010082183035653696,2.421443383808934e-05,0.007471711827943617,0.01141338830473566,1461.2797817803103,1.005909490918321,0.009062
tau__0_0,1.645855069323801,1.0213686139323301,0.02552373952095478,0.21172991450081666,3.7834648707522938,1349.2680079881509,1.002593819035124,0.64
t0__0_0,0.0,0.0,0.0,0.0,0.0,,,
