,mean,sd,mc_error,hpd_2.5,hpd_97.5,n_eff,Rhat,MAP
b,1.0,0.0,0.0,1.0,1.0,,,
p_error,0.05000000819563866,7.450580596923828e-09,1.4901161193847657e-09,0.05000000074505806,0.05000000074505806,1.0007506866324938,0.9997499687421851,
v__0_0,3.3108355239904396e-05,4.58479486459416e-06,1.1887894730259579e-07,2.4193525961578798e-05,4.233101205618693e-05,1501.5385675109605,0.9999682571535027,3.2e-05
gamma__0_0,0.44410034423181216,0.16932191656681927,0.00803109749776741,0.14901783438347138,0.8611956687111508,396.2398474293311,1.0006567198322298,0.4
s__0_0,0.009845843336272213,0.000814001232801484,1.8204116986485573e-05,0.00831008449164881,0.011417442389408406,2302.772845060623,0.9997522626315929,0.009475
tau__0_0,3.2200977210122446,1.1635347292621243,0.03326450908367852,1.1890139721091855,4.9986844428378765,1134.213934375043,0.9997615519793477,4.33
t0__0_0,0.0,0.0,0.0,0.0,0.0,,,
