,mean,sd,mc_error,hpd_2.5,hpd_97.5,n_eff,Rhat,MAP
b,1.0,0.0,0.0,1.0,1.0,,,
p_error,0.05000000819563866,7.450580596923828e-09,1.4901161193847657e-09,0.05000000074505806,0.05000000074505806,1.0007506866324938,0.9997499687421851,
v__0_0,0.00011441731150965698,4.075229508448575e-06,9.900812122189173e-08,0.00010671631933460788,0.00012249671334892243,1824.0508180547788,1.0005831439336672,0.000114
gamma__0_0,-0.19929352235255482,0.07735462909498289,0.0016958744223290467,-0.34989266172754263,-0.05088252373723634,2570.5541254025243,0.9997739212432348,-0.17
s__0_0,0.011582236667272055,0.00040075196047067963,8.283630090206978e-06,0.010779210229086003,0.012323443267143106,2285.0084993870864,1.0006489666592495,0.011768
tau__0_0,0.5402693137513915,0.08570683834019828,0.0020843432883932357,0.37921347131057465,0.7072060486254286,1727.7665220781769,1.0004520578984388,0.53
t0__0_0,0.0,0.0,0.0,0.0,0.0,,,
