,mean,sd,mc_error,hpd_2.5,hpd_97.5,n_eff,Rhat,MAP
b,1.0,0.0,0.0,1.0,1.0,,,
p_error,0.05000000819563866,7.450580596923828e-09,1.4901161193847657e-09,0.05000000074505806,0.05000000074505806,1.0007506866324938,0.9997499687421851,
v__0_0,5.713014491185709e-05,7.024786095242534e-06,2.288998797570554e-07,4.397870607390185e-05,7.077911197395618e-05,725.7230524779771,1.0033265191531027,5.6e-05
gamma__0_0,0.5789271239627248,0.20812857663498052,0.006753790888738851,0.21279809794189752,0.9743222299910048,877.6017090577751,1.0026076362730427,0.63
s__0_0,0.010416265118086724,0.001051014898036178,3.073514221833712e-05,0.008517277583721864,0.012633616544679207,1196.233475988426,1.0002646464065386,0.010574
tau__0_0,1.5663295301497608,0.9896140838327218,0.055701883916076445,0.4617674706225073,4.110521628100173,149.3066401233524,1.016417896299821,0.96
t0__0_0,0.0,0.0,0.0,0.0,0.0,,,
