,mean,sd,mc_error,hpd_2.5,hpd_97.5,n_eff,Rhat,MAP
b,1.0,0.0,0.0,1.0,1.0,,,
p_error,0.05000000447034836,3.725290298461914e-09,7.450580596923829e-10,0.05000000074505806,0.05000000074505806,1.0001503703406758,0.9999499987499374,
v__0_0,0.00013778494978856576,1.1697145936697104e-05,5.96536157275228e-07,0.00011504581871286678,0.0001605512045249496,334.52367449130725,1.0001656759445134,0.000137
gamma__0_0,-0.2772902123864556,0.19757775471623726,0.004750708999217374,-0.6548156657191786,0.10964207173681295,1740.5184206864592,1.000039500585281,-0.26
s__0_0,0.007699791070455051,0.001135656939968575,4.0752236702895734e-05,0.005671749450962837,0.009987353560667617,696.6457642807849,0.9999580666834593,0.007011
tau__0_0,0.5788569158297326,0.26418626219528135,0.012143021305360612,0.213240245913202,1.0481280153577712,405.7168352952824,0.9999855606221506,0.46
t0__0_0,0.0,0.0,0.0,0.0,0.0,,,
