,mean,sd,mc_error,hpd_2.5,hpd_97.5,n_eff,Rhat,MAP
b,1.0,0.0,0.0,1.0,1.0,,,
p_error,0.05000000819563866,7.450580596923828e-09,1.4901161193847657e-09,0.05000000074505806,0.05000000074505806,1.0007506866324938,0.9997499687421851,
v__0_0,3.492470041108463e-05,3.068258474754932e-06,8.520651032224471e-08,2.9134566015425806e-05,4.1144176877030286e-05,1274.299198731179,1.0013579114252535,3.5e-05
gamma__0_0,0.7724919293026455,0.1157921064064939,0.0030914362360508524,0.5775970869640741,0.999587459344788,1481.8739608996339,1.0021694906344083,0.79
s__0_0,0.00703756037052725,0.0007120705996334094,1.8201517207210027e-05,0.00571617359259551,0.008438290053243333,1657.7679713226885,1.0002826096382758,0.007303
tau__0_0,0.4720168746240904,0.17066769926751726,0.005476258306903777,0.1867721291282459,0.8109404021253607,1138.1555386209259,1.0024457526960946,0.35
t0__0_0,0.0,0.0,0.0,0.0,0.0,,,
