,mean,sd,mc_error,hpd_2.5,hpd_97.5,n_eff,Rhat,MAP
b,1.0,0.0,0.0,1.0,1.0,,,
p_error,0.05000000819563866,7.450580596923828e-09,1.4901161193847657e-09,0.05000000074505806,0.05000000074505806,1.0007506866324938,0.9997499687421851,
v__0_0,7.307091090562522e-05,1.0567269149028273e-05,5.426909835440187e-07,5.600252587394656e-05,9.697333622955672e-05,333.63424261379475,1.0040710510787527,6.9e-05
gamma__0_0,0.7179275759442357,0.2342639712775282,0.006835198564193538,0.2192556949995943,0.9999767280918608,954.7614306819547,1.0039258525559527,0.83
s__0_0,0.009991503215936351,0.0015257195624896924,4.8047491255593e-05,0.006988337990592441,0.012767534615391266,935.8084226366278,1.0026737786488824,0.007918
tau__0_0,2.355497525739353,1.3719173973652046,0.052695914880210616,0.33839640203288446,4.779238895072634,648.980966291365,1.0034933147604763,0.39
t0__0_0,0.0,0.0,0.0,0.0,0.0,,,
