,mean,sd,mc_error,hpd_2.5,hpd_97.5,n_eff,Rhat,MAP
b,1.0,0.0,0.0,1.0,1.0,,,
p_error,0.05000000819563866,7.450580596923828e-09,1.4901161193847657e-09,0.05000000074505806,0.05000000074505806,1.0007506866324938,0.9997499687421851,
v__0_0,7.633846085539306e-05,5.969463657923075e-06,1.446387960353253e-07,6.426992857601871e-05,8.75713768157775e-05,1748.5423132423523,0.9998960667951172,7.5e-05
gamma__0_0,0.42123082336763756,0.14825413666825937,0.0030871909641011735,0.14258720831112903,0.7374328124590477,2102.7377506203156,0.9999257989054297,0.47
s__0_0,0.008462867313299838,0.0008911736238272256,1.909731479163034e-05,0.0068672350535174545,0.010340387082415758,2076.2261316356744,0.9998079264215926,0.008549
tau__0_0,0.9931397732240872,0.5585568817189748,0.021852164319958057,0.3696029196666403,1.9134862111645665,634.0337654180387,1.002125997845722,0.78
t0__0_0,0.0,0.0,0.0,0.0,0.0,,,
