,mean,sd,mc_error,hpd_2.5,hpd_97.5,n_eff,Rhat,MAP
b,1.0,0.0,0.0,1.0,1.0,,,
p_error,0.05000000819563866,7.450580596923828e-09,1.4901161193847657e-09,0.05000000074505806,0.05000000074505806,1.0007506866324938,0.9997499687421851,
v__0_0,9.787557134963772e-05,1.1222095163463076e-05,3.4518652689650786e-07,7.420321563975477e-05,0.00011791131402364685,1120.0886709635954,0.9998744162746317,0.000102
gamma__0_0,0.4139970839260126,0.30447792585783423,0.007236509032583517,-0.16158623156484708,0.9572331926771387,1443.347640124654,0.9997557803542849,0.68
s__0_0,0.010011817399892148,0.0011553974295027405,3.16210643522774e-05,0.007988093350051385,0.012427152173970194,1398.7397267717984,0.9997895202078475,0.009466
tau__0_0,0.6103916188399312,0.530361460616614,0.019605492978809695,0.12665843098546276,1.559175657768845,713.7164944996413,0.999909244855958,0.4
t0__0_0,0.0,0.0,0.0,0.0,0.0,,,
