,mean,sd,mc_error,hpd_2.5,hpd_97.5,n_eff,Rhat,MAP
b,1.0,0.0,0.0,1.0,1.0,,,
p_error,0.05000000819563866,7.450580596923828e-09,1.4901161193847657e-09,0.05000000074505806,0.05000000074505806,1.0007506866324938,0.9997499687421851,
v__0_0,0.0001053196544006957,3.0524733923335006e-06,6.851091132791558e-08,9.922602972509634e-05,0.00011112121394460388,2120.9414943626625,1.0003675328635577,0.000105
gamma__0_0,0.05702999257695853,0.061264583314216886,0.0012810978797426426,-0.060882021459795155,0.17463270246860496,2657.1756290639955,0.9997503692749415,0.04
s__0_0,0.010905205522961708,0.0003202415885951889,6.8297557191834786e-06,0.010281788366513583,0.011525405252215912,2172.6951914282686,1.0018225388277797,0.010571
tau__0_0,0.40109428128942376,0.04376121043784529,0.0009863282046072611,0.31811818760747873,0.4873123241470205,2027.6093908025957,1.0003125433922369,0.39
t0__0_0,0.0,0.0,0.0,0.0,0.0,,,
