,mean,sd,mc_error,hpd_2.5,hpd_97.5,n_eff,Rhat,MAP
b,1.0,0.0,0.0,1.0,1.0,,,
p_error,0.05000000819563866,7.450580596923828e-09,1.4901161193847657e-09,0.05000000074505806,0.05000000074505806,1.0007506866324938,0.9997499687421851,
v__0_0,2.085624596387876e-05,2.203213701252491e-06,5.635819739511108e-08,1.6814176190543748e-05,2.5278625121403695e-05,1538.9804561359686,1.0012234161560225,2.1e-05
gamma__0_0,-0.05469784576190291,0.16245607129174222,0.0035713905520194807,-0.3930752875363428,0.2383772765779888,1802.023264897848,1.0003465478582105,-0.01
s__0_0,0.006357316541573951,0.000540469603432801,1.2733393333068659e-05,0.005371946697073181,0.007442615247790834,1587.5634639664195,1.003108528272934,0.006285
tau__0_0,1.6691961696177482,0.7409483861835688,0.021849853846509622,0.5922158682327974,3.239582955323148,1328.3339342341258,1.0000773244045817,1.3
t0__0_0,0.0,0.0,0.0,0.0,0.0,,,
