,mean,sd,mc_error,hpd_2.5,hpd_97.5,n_eff,Rhat,MAP
b,1.0,0.0,0.0,1.0,1.0,,,
p_error,0.05000000819563866,7.450580596923828e-09,1.4901161193847657e-09,0.05000000074505806,0.05000000074505806,1.0007506866324938,0.9997499687421851,
v__0_0,2.0415388039514438e-05,2.195653003162537e-06,5.35309136077433e-08,1.6268967091483423e-05,2.479044376798897e-05,1609.3982148988891,0.9999539875189357,2e-05
gamma__0_0,-0.46521922277465105,0.16272813264235164,0.003538784664213804,-0.7639287957319869,-0.12737025616439546,1850.955395220518,1.0000394604399419,-0.53
s__0_0,0.006835276258761013,0.0005707405209632306,1.2109146057779141e-05,0.005780696762251107,0.007980577304087104,2139.1725871841277,0.9997536008540588,0.006815
tau__0_0,2.1282897058075907,0.9763175318752019,0.025147903856193327,0.6837732065078346,4.240816623341396,1433.899033789422,0.999785010067378,1.34
t0__0_0,0.0,0.0,0.0,0.0,0.0,,,
