,mean,sd,mc_error,hpd_2.5,hpd_97.5,n_eff,Rhat,MAP
b,1.0,0.0,0.0,1.0,1.0,,,
p_error,0.05000000819563866,7.450580596923828e-09,1.4901161193847657e-09,0.05000000074505806,0.05000000074505806,1.0007506866324938,0.9997499687421851,
v__0_0,6.232590231408914e-05,5.997218532761869e-06,1.4484749643056744e-07,5.039196933533037e-05,7.376612440079634e-05,1831.1578256586076,1.000108057218139,6.1e-05
gamma__0_0,-0.05345651602059856,0.10504977599753537,0.0020775896767834443,-0.25691234024382403,0.15101204540231095,2514.343034094678,0.9999013384126036,-0.04
s__0_0,0.009240395329928815,0.0009350568423508496,2.2327621442084083e-05,0.007567443592544791,0.011194235376364086,1980.4312522749083,0.9997919157984453,0.009013
tau__0_0,1.2323418850204393,0.5097238717252663,0.014716148235335149,0.4834287328479294,2.2046130554207406,1199.8473885567867,1.0004936781797638,1.01
t0__0_0,0.0,0.0,0.0,0.0,0.0,,,
