,mean,sd,mc_error,hpd_2.5,hpd_97.5,n_eff,Rhat,MAP
b,1.0,0.0,0.0,1.0,1.0,,,
p_error,0.05000000819563866,7.450580596923828e-09,1.4901161193847657e-09,0.05000000074505806,0.05000000074505806,1.0007506866324938,0.9997499687421851,
v__0_0,2.1029548007982063e-05,2.1438767943859876e-06,4.948381688190817e-08,1.6935363894585298e-05,2.514613759503969e-05,1626.776131300553,0.9999482470057951,2.1e-05
gamma__0_0,-0.33625911986995904,0.1048264250885521,0.0022221573802877516,-0.5640641105832298,-0.13343556714226423,2325.752213016463,0.9999009105332087,-0.31
s__0_0,0.0063156940830742395,0.0005092810248867454,8.472391767702939e-06,0.005336478982423453,0.007305473806153725,3006.3453896819447,0.9998412651074572,0.006487
tau__0_0,2.4507821627530486,1.0108947235536327,0.026019644412173748,0.9217118990618827,4.578668800070565,1220.2919915254158,0.9997512202458502,1.61
t0__0_0,0.0,0.0,0.0,0.0,0.0,,,
