,mean,sd,mc_error,hpd_2.5,hpd_97.5,n_eff,Rhat,MAP
b,1.0,0.0,0.0,1.0,1.0,,,
p_error,0.05000000819563866,7.450580596923828e-09,1.4901161193847657e-09,0.05000000074505806,0.05000000074505806,1.0007506866324938,0.9997499687421851,
v__0_0,4.7541221507634376e-05,1.6779309993891483e-06,3.147686107796766e-08,4.4238682490363377e-05,5.074010066698888e-05,2709.618681606655,0.9997562800034322,4.8e-05
gamma__0_0,0.17263534049454898,0.08764878701341733,0.0018051861808443895,0.012517391963442037,0.3495106680974125,2355.447204786733,1.0000099597732,0.18
s__0_0,0.011117161926891491,0.00029606099720092595,5.1400608702166734e-06,0.010575900417939774,0.011716989224684775,2871.933437789167,0.9997580608724057,0.010993
tau__0_0,0.8295020825415914,0.12059241173487309,0.0025169890650258925,0.6208446722060625,1.0771574821318197,2170.832462891118,1.0005544920617095,0.76
t0__0_0,0.0,0.0,0.0,0.0,0.0,,,
