,mean,sd,mc_error,hpd_2.5,hpd_97.5,n_eff,Rhat,MAP
b,1.0,0.0,0.0,1.0,1.0,,,
p_error,0.05000000819563866,7.450580596923828e-09,1.4901161193847657e-09,0.05000000074505806,0.05000000074505806,1.0007506866324938,0.9997499687421851,
v__0_0,5.6318105144556295e-05,2.1227329382200594e-06,4.312978800079033e-08,5.2090783663542226e-05,6.0394592365456e-05,2303.6920836882605,1.0012017540103288,5.6e-05
gamma__0_0,-0.41598808326551373,0.07710209289738523,0.0012986843888081593,-0.5618006789096093,-0.2614596328034846,2801.489999247861,1.0000697198476631,-0.42
s__0_0,0.0118136310855688,0.0003361660086412896,6.236582427983638e-06,0.011201888690766599,0.012494278123405218,2336.7850156245977,1.0015131899586873,0.011678
tau__0_0,0.9191273197974977,0.13433161014731773,0.0025755025298005506,0.6728304864115513,1.1918663149667843,2505.9969728328074,1.0014154797183406,0.84
t0__0_0,0.0,0.0,0.0,0.0,0.0,,,
