,mean,sd,mc_error,hpd_2.5,hpd_97.5,n_eff,Rhat,MAP
b,1.0,0.0,0.0,1.0,1.0,,,
p_error,0.05000000819563866,7.450580596923828e-09,1.4901161193847657e-09,0.05000000074505806,0.05000000074505806,1.0007506866324938,0.9997499687421851,
v__0_0,6.606119366582185e-05,6.531253425461902e-06,1.6822446879909346e-07,5.302609721878594e-05,7.833455449250871e-05,1377.9151577201326,1.0019678979249234,6.8e-05
gamma__0_0,0.4509936289531766,0.22901534565605744,0.005783551021363028,0.020677298139721856,0.8982365835149011,1528.5921924478207,1.002066660303485,0.44
s__0_0,0.008904451591899207,0.0009796381108825832,2.4347301064003923e-05,0.006965364066876021,0.010776965892697585,1617.944420514048,1.0013619405388217,0.007918
tau__0_0,0.6221332860972522,0.1977964628177737,0.005415508854192009,0.2988952849724692,1.0078770990448802,1298.0053033805616,0.9999534343294012,0.48
t0__0_0,0.0,0.0,0.0,0.0,0.0,,,
