,mean,sd,mc_error,hpd_2.5,hpd_97.5,n_eff,Rhat,MAP
b,1.0,0.0,0.0,1.0,1.0,,,
p_error,0.05000000447034836,3.725290298461914e-09,7.450580596923829e-10,0.05000000074505806,0.05000000074505806,1.0001503703406758,0.9999499987499374,
v__0_0,3.675680023883376e-05,2.482981230200756e-06,8.845008764973523e-08,3.1939402539707676e-05,4.1628741786607117e-05,779.8736327349321,1.0030734840752014,3.6e-05
gamma__0_0,0.23918382830961965,0.15754346098089705,0.0033762002042582394,-0.069076410715736,0.5610312983483059,2317.551434897872,1.000273771924359,0.26
s__0_0,0.005615208074648472,0.0005028329813259936,1.6688821767140087e-05,0.00466930667771183,0.0066145217528267505,823.0465701383655,1.0026197691010923,0.005442
tau__0_0,1.1778232875824135,0.3567324136242368,0.013177054080708985,0.5505704909183738,1.8732932345811506,750.8978180430521,1.0015379256927266,1.05
t0__0_0,0.0,0.0,0.0,0.0,0.0,,,
