,mean,sd,mc_error,hpd_2.5,hpd_97.5,n_eff,Rhat,MAP
b,1.0,0.0,0.0,1.0,1.0,,,
p_error,0.05000000819563866,7.450580596923828e-09,1.4901161193847657e-09,0.05000000074505806,0.05000000074505806,1.0007506866324938,0.9997499687421851,
v__0_0,4.409074432951283e-05,6.029080059238037e-06,1.6087046992367799e-07,3.2171245801968766e-05,5.5951545207920166e-05,1198.222521506254,0.9997528020643823,4.2e-05
gamma__0_0,0.28903861690634375,0.21167519761768497,0.006536130747051898,-0.0896322130118925,0.7816142587135637,1155.4691201073122,0.9997502621783556,0.22
s__0_0,0.01021250123433624,0.0011039624892975792,2.7946364008739647e-05,0.008184688796391539,0.012475383834852942,1411.8418647406854,0.9998071377086845,0.010114
tau__0_0,1.6371684829579576,1.066248194110544,0.030046757109904267,0.3475651973657709,4.067258480130203,1063.3547472422001,0.9997500040968467,0.63
t0__0_0,0.0,0.0,0.0,0.0,0.0,,,
