,mean,sd,mc_error,hpd_2.5,hpd_97.5,n_eff,Rhat,MAP
b,1.0,0.0,0.0,1.0,1.0,,,
p_error,0.05000000819563866,7.450580596923828e-09,1.4901161193847657e-09,0.05000000074505806,0.05000000074505806,1.0007506866324938,0.9997499687421851,
v__0_0,5.981430238610483e-05,6.612854437428162e-06,1.4730177934418874e-07,4.760173537647703e-05,7.307148041019928e-05,2002.5236173536937,0.999964547225255,5.9e-05
gamma__0_0,-1.0381703265849866,0.20850705622284757,0.004441903718385985,-1.4726329074085474,-0.6602461734150271,2037.6471695140563,0.9999514559324303,-1.07
s__0_0,0.008809660326469099,0.00088760146822428,2.0173203644479563e-05,0.007146686522516664,0.01053979208312223,2218.875164016622,0.9997761277046169,0.008112
tau__0_0,0.9261877701636161,0.31669699323785794,0.00694166691739906,0.4249079306974507,1.5580552301413566,1819.1611583161439,1.0000183528005133,0.81
t0__0_0,0.0,0.0,0.0,0.0,0.0,,,
