,mean,sd,mc_error,hpd_2.5,hpd_97.5,n_eff,Rhat,MAP
b,1.0,0.0,0.0,1.0,1.0,,,
p_error,0.05000000819563866,7.450580596923828e-09,1.4901161193847657e-09,0.05000000074505806,0.05000000074505806,1.0007506866324938,0.9997499687421851,
v__0_0,9.507357689328109e-05,1.0292964778707007e-05,2.4488254053463175e-07,7.487138364088778e-05,0.00011446752541616296,1599.9534262736038,1.0000520635423178,9.8e-05
gamma__0_0,0.6710353860958262,0.17150105012575417,0.003992038595350942,0.367358788872691,0.9902739674646899,1946.9886670504675,1.0004368568798572,0.65
s__0_0,0.009700691290330339,0.0012688247681843566,2.825229978332045e-05,0.007395503613987766,0.012164446282200113,1810.44482580221,0.9999693244949838,0.008368
tau__0_0,0.525635753860235,0.24668937831616072,0.006078552702823784,0.1843600200164302,0.99199994013406,1532.524760299397,1.000275760521777,0.44
t0__0_0,0.0,0.0,0.0,0.0,0.0,,,
