,mean,sd,mc_error,hpd_2.5,hpd_97.5,n_eff,Rhat,MAP
b,1.0,0.0,0.0,1.0,1.0,,,
p_error,0.05000000819563866,7.450580596923828e-09,1.4901161193847657e-09,0.05000000074505806,0.05000000074505806,1.0007506866324938,0.9997499687421851,
v__0_0,6.662294528708822e-05,6.607892979253579e-06,1.6921872398280013e-07,5.3938346962407675e-05,7.929976822352772e-05,1506.9483509556114,1.0001471372919875,6.8e-05
gamma__0_0,-0.3434367937989012,0.16686981125047035,0.004025592383364916,-0.6649416621607926,0.02069202511962942,1698.989846290179,1.001646474802062,-0.34
s__0_0,0.009122077796701092,0.001010012220390505,2.4628076160842588e-05,0.007181833703676689,0.011125735077596637,1646.991702807198,0.9999734292731051,0.008466
tau__0_0,0.6644686217674183,0.33305728185009764,0.009942128306038158,0.2602910181755607,1.263146416879521,1152.2655548559708,1.0004248344262838,0.5
t0__0_0,0.0,0.0,0.0,0.0,0.0,,,
