,mean,sd,mc_error,hpd_2.5,hpd_97.5,n_eff,Rhat,MAP
b,1.0,0.0,0.0,1.0,1.0,,,
p_error,0.05000000819563866,7.450580596923828e-09,1.4901161193847657e-09,0.05000000074505806,0.05000000074505806,1.0007506866324938,0.9997499687421851,
v__0_0,4.2372651759586236e-05,6.172775818306458e-06,1.73957215697012e-07,3.047917280580248e-05,5.4308558941591195e-05,1179.4001202769812,1.0001492580337394,4.4e-05
gamma__0_0,0.35642278143145756,0.2985989380222199,0.008067711417093868,-0.17948111489748442,0.9387941052071653,1229.1998501753715,1.0005949248145118,0.43
s__0_0,0.009397058816852214,0.001084722805237058,3.0215691093710265e-05,0.007545299263239811,0.011690768534562352,1180.068527979671,1.0005054339250299,0.008074
tau__0_0,1.0823170465515082,0.787351238716146,0.027849249824502216,0.2688705742585729,2.965148714092203,643.5999980989077,1.0011237578602545,0.64
t0__0_0,0.0,0.0,0.0,0.0,0.0,,,
