,mean,sd,mc_error,hpd_2.5,hpd_97.5,n_eff,Rhat,MAP
b,1.0,0.0,0.0,1.0,1.0,,,
p_error,0.05000000819563866,7.450580596923828e-09,1.4901161193847657e-09,0.05000000074505806,0.05000000074505806,1.0007506866324938,0.9997499687421851,
v__0_0,7.529757681307168e-05,8.668358659570797e-06,2.617148740754769e-07,5.816277265123905e-05,9.049595588198083e-05,803.5211757353068,1.00234479901094,8e-05
gamma__0_0,-0.5446938423371986,0.23795021903634267,0.009030518612823335,-0.9518378472471944,-0.08013408172601544,650.6755868435731,1.0014247538028365,-0.66
s__0_0,0.006817397986209349,0.0008836683327794219,2.5394615579012024e-05,0.0052049627540000035,0.008710298839643272,907.5503797917386,1.0021463265931339,0.004839
tau__0_0,0.9659405426954414,0.8641095998109022,0.028672123223880304,0.16339916547979005,3.0176694534670903,732.0381352800744,1.0014902022688543,0.5
t0__0_0,0.0,0.0,0.0,0.0,0.0,,,
