,mean,sd,mc_error,hpd_2.5,hpd_97.5,n_eff,Rhat,MAP
b,1.0,0.0,0.0,1.0,1.0,,,
p_error,0.05000000819563866,7.450580596923828e-09,1.4901161193847657e-09,0.05000000074505806,0.05000000074505806,1.0007506866324938,0.9997499687421851,
v__0_0,0.00010022236208731433,3.0970196021848776e-06,5.853375619657223e-08,9.439882899391716e-05,0.0001063830597725013,2207.6123916083006,1.000499112484033,0.0001
gamma__0_0,0.04043863940353988,0.08197547599276345,0.0016956551972734685,-0.11242223123034023,0.20948566202991437,2437.4058229015754,0.9997541002996323,0.01
s__0_0,0.012307640495861734,0.0003464899353648415,7.001240783334176e-06,0.01162877954776847,0.013005658387568042,2319.358081700257,1.000459207891903,0.012259
tau__0_0,0.2554144346318898,0.031747328287660685,0.0005708724664520086,0.19577485219841453,0.3184864567250801,2149.5683019366525,1.0014235920464118,0.25
t0__0_0,0.0,0.0,0.0,0.0,0.0,,,
