,mean,sd,mc_error,hpd_2.5,hpd_97.5,n_eff,Rhat,MAP
b,1.0,0.0,0.0,1.0,1.0,,,
p_error,0.05000000819563866,7.450580596923828e-09,1.4901161193847657e-09,0.05000000074505806,0.05000000074505806,1.0007506866324938,0.9997499687421851,
v__0_0,0.00010793819926484804,2.5893669620567825e-06,4.827822689519277e-08,0.00010288128723412763,0.00011291346830203178,2374.5029663306836,1.002843286957237,0.000108
gamma__0_0,0.03493869607059988,0.13539905479255196,0.00251970630838236,-0.21229665752808557,0.3183008599362669,2403.1141981665087,1.0006540799807966,-0.01
s__0_0,0.008988236520655677,0.0003124588527539695,5.8222173969020595e-06,0.008431954705233762,0.009650379226077883,2542.663841850516,1.0026160336402004,0.008953
tau__0_0,0.10954650431914731,0.014307365697677751,0.0002838187036650967,0.08298557831649667,0.137846629382926,2225.690101563908,1.001383325569201,0.11
t0__0_0,0.0,0.0,0.0,0.0,0.0,,,
