,mean,sd,mc_error,hpd_2.5,hpd_97.5,n_eff,Rhat,MAP
b,1.0,0.0,0.0,1.0,1.0,,,
p_error,0.05000000819563866,7.450580596923828e-09,1.4901161193847657e-09,0.05000000074505806,0.05000000074505806,1.0007506866324938,0.9997499687421851,
v__0_0,9.266753348555593e-05,2.9782861029488413e-06,6.560724238872643e-08,8.72446494534708e-05,9.878434691321549e-05,2172.7854409330307,1.0004034065339995,9.2e-05
gamma__0_0,-0.3901918854465114,0.06078824482571502,0.0010443141288304242,-0.5093163664119906,-0.2789868135221898,3240.698289962739,0.9997577881894465,-0.39
s__0_0,0.01082059843988115,0.00032108847307352564,6.614480917155816e-06,0.010165694891396427,0.011419444414593308,2527.0800081974044,0.9997560088314047,0.010823
tau__0_0,0.5576232085088482,0.07988399255113293,0.0017150571373647622,0.4019331371867484,0.7066890904509242,2120.045583507614,1.0000584321601547,0.53
t0__0_0,0.0,0.0,0.0,0.0,0.0,,,
