,mean,sd,mc_error,hpd_2.5,hpd_97.5,n_eff,Rhat,MAP
b,1.0,0.0,0.0,1.0,1.0,,,
p_error,0.05000000819563866,7.450580596923828e-09,1.4901161193847657e-09,0.05000000074505806,0.05000000074505806,1.0007506866324938,0.9997499687421851,
v__0_0,4.115898061321697e-05,2.6844017805492773e-06,5.4109287551405684e-08,3.5923525103650335e-05,4.646052922641065e-05,2726.3374390727326,1.0003494863112627,4e-05
gamma__0_0,-0.10183940903217546,0.0902737355584304,0.0020488118076292467,-0.2702417857086896,0.07402601656470864,1977.527127831916,1.0001098664270418,-0.08
s__0_0,0.0073587375064851825,0.0006851626301152258,1.352232398036592e-05,0.006080226086350801,0.0087403492501668,2456.5868694328324,0.9998365190719498,0.006986
tau__0_0,2.8259162773059634,0.9797013417858847,0.022961610503370148,1.3191714675266153,4.864402567435259,1908.0132750003868,0.9999418159571355,2.17
t0__0_0,0.0,0.0,0.0,0.0,0.0,,,
