,mean,sd,mc_error,hpd_2.5,hpd_97.5,n_eff,Rhat,MAP
b,1.0,0.0,0.0,1.0,1.0,,,
p_error,0.05000000819563866,7.450580596923828e-09,1.4901161193847657e-09,0.05000000074505806,0.05000000074505806,1.0007506866324938,0.9997499687421851,
v__0_0,0.00014158588398131884,3.5429937894278215e-06,7.437690179202206e-08,0.00013502090132712317,0.00014901965114458686,2372.5184133482458,1.0001105074899548,0.000141
gamma__0_0,0.07403280182586319,0.05979974869818418,0.001304465200853804,-0.02941374790009732,0.1938927129802419,2267.2369769844836,0.9997525393703576,0.07
s__0_0,0.01190339229495559,0.0003684611005062052,6.8974870029741655e-06,0.011199232439337316,0.01264644866559889,2595.0949423559096,1.0002307397440202,0.011843
tau__0_0,0.2024921782168941,0.019006307381770116,0.00042771945554357017,0.164736687510524,0.23869306413260502,2326.502673758581,1.0000620430265268,0.2
t0__0_0,0.0,0.0,0.0,0.0,0.0,,,
