,mean,sd,mc_error,hpd_2.5,hpd_97.5,n_eff,Rhat,MAP
b,1.0,0.0,0.0,1.0,1.0,,,
p_error,0.05000000819563866,7.450580596923828e-09,1.4901161193847657e-09,0.05000000074505806,0.05000000074505806,1.0007506866324938,0.9997499687421851,
v__0_0,8.06421286989282e-05,5.807002585980307e-06,1.5298846594427412e-07,6.96079764357094e-05,9.18418910973011e-05,1270.96598132553,1.0102109710326646,8.1e-05
gamma__0_0,-0.10599419743954035,0.07854752714612123,0.0019183136857939317,-0.2658027595647887,0.043969228711501884,1673.8222234772245,0.9998124504597988,-0.08
s__0_0,0.009417273888606196,0.0009563687142561263,2.1463902848860548e-05,0.00772269091708557,0.011432424883770201,1831.8201255180736,1.005756143011145,0.008826
tau__0_0,2.774685146624672,1.1709538956258472,0.028306316495178546,0.8773682036193395,4.802903243822405,1479.6291598850705,1.0117427298076105,2.62
t0__0_0,0.0,0.0,0.0,0.0,0.0,,,
