,mean,sd,mc_error,hpd_2.5,hpd_97.5,n_eff,Rhat,MAP
b,1.0,0.0,0.0,1.0,1.0,,,
p_error,0.05000000819563866,7.450580596923828e-09,1.4901161193847657e-09,0.05000000074505806,0.05000000074505806,1.0007506866324938,0.9997499687421851,
v__0_0,5.3415419829343046e-05,5.514750528364671e-06,1.317807514117224e-07,4.17867404583132e-05,6.35672861522523e-05,1799.3044058284431,1.0010297295041868,5.5e-05
gamma__0_0,-0.05088268542135847,0.31881336604495547,0.008571563058849454,-0.6200723652162328,0.6404576447042754,1242.246788869692,1.002342963061146,-0.15
s__0_0,0.00884458542324141,0.0009743850356206808,2.0892511536182898e-05,0.007011229920401947,0.010759226019527566,1960.0828126469244,1.001735236178179,0.008182
tau__0_0,1.23088040379814,0.5936286751016306,0.018423739590750183,0.38379873665634884,2.4336533486598295,935.881779068541,1.001621423809187,0.93
t0__0_0,0.0,0.0,0.0,0.0,0.0,,,
