,mean,sd,mc_error,hpd_2.5,hpd_97.5,n_eff,Rhat,MAP
b,1.0,0.0,0.0,1.0,1.0,,,
p_error,0.05000000819563866,7.450580596923828e-09,1.4901161193847657e-09,0.05000000074505806,0.05000000074505806,1.0007506866324938,0.9997499687421851,
v__0_0,9.358513977550202e-05,9.804208544015381e-06,2.821143863617133e-07,7.558987959959581e-05,0.00011293935516172437,1266.7532633537764,0.9999991146358833,9.4e-05
gamma__0_0,-0.6771308706032314,0.2261285604547112,0.006342394304944496,-1.0690168182137647,-0.17280250536479613,1143.8591611598847,0.9999023855216332,-0.73
s__0_0,0.008541413979646726,0.0009960943250516745,2.5303180426459165e-05,0.0066375512064892495,0.010448635113311474,1615.6139530029297,0.9997505826681311,0.007954
tau__0_0,0.8065609587536291,0.5763965140738516,0.01752275799484036,0.17975421049795254,1.8851023709292907,1078.5161168796803,1.0013484832287411,0.43
t0__0_0,0.0,0.0,0.0,0.0,0.0,,,
