,mean,sd,mc_error,hpd_2.5,hpd_97.5,n_eff,Rhat,MAP
b,1.0,0.0,0.0,1.0,1.0,,,
p_error,0.05000000819563866,7.450580596923828e-09,1.4901161193847657e-09,0.05000000074505806,0.05000000074505806,1.0007506866324938,0.9997499687421851,
v__0_0,2.0406522735806092e-05,2.0442204742451824e-06,4.738029326347444e-08,1.6682380129362802e-05,2.454380606827109e-05,1485.125099679161,0.9998427679807735,2e-05
gamma__0_0,-0.2423485284665906,0.15439663361835188,0.0031605737143798615,-0.5257963450372465,0.06450970104260101,1784.1341431228452,1.0006285375461481,-0.31
s__0_0,0.0061512358952833905,0.0005118799943253219,1.2274989725297159e-05,0.005188069430966004,0.007126479603791093,1447.3914981265589,0.9997561716251854,0.006107
tau__0_0,1.0566822519564203,0.4917984898037668,0.013512635125557945,0.4134331067921364,1.9035379552582752,1040.5007515534733,1.0002421494465301,0.85
t0__0_0,0.0,0.0,0.0,0.0,0.0,,,
