,mean,sd,mc_error,hpd_2.5,hpd_97.5,n_eff,Rhat,MAP
b,1.0,0.0,0.0,1.0,1.0,,,
p_error,0.05000000819563866,7.450580596923828e-09,1.4901161193847657e-09,0.05000000074505806,0.05000000074505806,1.0007506866324938,0.9997499687421851,
v__0_0,6.195946300656406e-05,4.6524579221588724e-06,9.944589788631243e-08,5.243284750441119e-05,7.06322324261108e-05,1652.358017499815,0.9997969878557507,6.2e-05
gamma__0_0,0.48894237836733045,0.17328370081012365,0.00418878922561928,0.16970804567012543,0.8413233346663773,1522.5672548462433,0.9999814850794068,0.44
s__0_0,0.007345339249321751,0.0007499361077138867,1.5702144064402304e-05,0.005960052101683589,0.008910727220477139,1818.2794892022234,0.9997672279161747,0.006762
tau__0_0,0.6860132464441574,0.232481441603963,0.005999035445308945,0.29222580431737594,1.1175127284325082,1279.1996801941698,0.9999778512530804,0.55
t0__0_0,0.0,0.0,0.0,0.0,0.0,,,
