,mean,sd,mc_error,hpd_2.5,hpd_97.5,n_eff,Rhat,MAP
b,1.0,0.0,0.0,1.0,1.0,,,
p_error,0.05000000819563866,7.450580596923828e-09,1.4901161193847657e-09,0.05000000074505806,0.05000000074505806,1.0007506866324938,0.9997499687421851,
v__0_0,8.10393373676759e-05,7.411905585965304e-06,1.5310721944732215e-07,6.65069223672352e-05,9.506113218554778e-05,2211.2986249244755,0.999793706760857,8.3e-05
gamma__0_0,-0.24231988687418743,0.18264042877352296,0.004031407642589113,-0.5676042178972978,0.14190409328495512,1900.919993336851,1.0000467526385481,-0.29
s__0_0,0.010245732841982162,0.0010931291284541538,2.2815701660688357e-05,0.008174882369007128,0.012381142187605868,2027.408135962458,0.9997539629054537,0.009585
tau__0_0,1.6513526320384937,0.610189966435531,0.014723073757607267,0.6479422320018624,2.910283568909087,1631.6333846432835,0.9998582187393845,1.32
t0__0_0,0.0,0.0,0.0,0.0,0.0,,,
