,mean,sd,mc_error,hpd_2.5,hpd_97.5,n_eff,Rhat,MAP
b,1.0,0.0,0.0,1.0,1.0,,,
p_error,0.05000000819563866,7.450580596923828e-09,1.4901161193847657e-09,0.05000000074505806,0.05000000074505806,1.0007506866324938,0.9997499687421851,
v__0_0,0.00010210083834839299,2.1466875797958413e-06,5.5500633798543104e-08,9.769941640078492e-05,0.00010609481953161956,1377.771878813625,0.9997507207268436,0.000102
gamma__0_0,1.0,0.0,0.0,1.0,1.0,,,
s__0_0,0.01108197222535886,0.00023753837761062747,5.584614092893285e-06,0.010635506405071715,0.011554191898890086,1771.6784655788686,0.9997623494146011,0.011109
tau__0_0,0.1902261620573148,0.013192089113428394,0.00033541692395549377,0.16516342588740507,0.21622670743003694,1459.8720739209916,0.9997515456283959,0.19
t0__0_0,0.0,0.0,0.0,0.0,0.0,,,
