,mean,sd,mc_error,hpd_2.5,hpd_97.5,n_eff,Rhat,MAP
b,1.0,0.0,0.0,1.0,1.0,,,
p_error,0.05000000447034836,3.725290298461914e-09,7.450580596923829e-10,0.05000000074505806,0.05000000074505806,1.0001503703406758,0.9999499987499374,
v__0_0,3.1224021088208306e-05,2.279256214529612e-06,8.532979639294206e-08,2.687143991901928e-05,3.560246348002901e-05,605.9553049095073,1.0001687949988856,3.2e-05
gamma__0_0,1.0,0.0,0.0,1.0,1.0,,,
s__0_0,0.007089299224422435,0.00044350738812642216,1.4746372271517858e-05,0.006248883757390754,0.007982001913500342,729.177851989603,1.000075617736554,0.00699
tau__0_0,1.626854171732798,0.3794821878096424,0.01065513443871876,0.9828329244108712,2.397620207380587,1086.3095085717673,1.000069740335169,1.39
t0__0_0,0.0,0.0,0.0,0.0,0.0,,,
