,mean,sd,mc_error,hpd_2.5,hpd_97.5,n_eff,Rhat,MAP
b,1.0,0.0,0.0,1.0,1.0,,,
p_error,0.05000000447034836,3.725290298461914e-09,7.450580596923829e-10,0.05000000074505806,0.05000000074505806,1.0001503703406758,0.9999499987499374,
v__0_0,3.650393670745257e-05,2.4329743117317318e-06,1.008132763811534e-07,3.202660591218625e-05,4.123815600589041e-05,534.1580804558125,0.9999509551733908,3.6e-05
gamma__0_0,1.0,0.0,0.0,1.0,1.0,,,
s__0_0,0.00693640251957326,0.00043034567702813234,1.7367527647494333e-05,0.006119015593702352,0.007766036361427507,567.2586687456225,1.000947044573912,0.00702
tau__0_0,0.427072898911642,0.09259762182886833,0.0026413094584589224,0.26233407430954947,0.6153189138876528,1139.0834840187222,1.0002231213491866,0.4
t0__0_0,0.0,0.0,0.0,0.0,0.0,,,
