,mean,sd,mc_error,hpd_2.5,hpd_97.5,n_eff,Rhat,MAP
b,1.0,0.0,0.0,1.0,1.0,,,
p_error,0.05000000447034836,3.725290298461914e-09,7.450580596923829e-10,0.05000000074505806,0.05000000074505806,1.0001503703406758,0.9999499987499374,
v__0_0,0.00013147612660975767,5.14854927782163e-06,2.1346226176294031e-07,0.00012059918501026366,0.00014008247608722626,520.0241809498451,1.0000802027981555,0.000133
gamma__0_0,1.0,0.0,0.0,1.0,1.0,,,
s__0_0,0.006215522698333812,0.0006050470651944071,2.3726184766878517e-05,0.005278075563025921,0.007484861116072928,572.5689300894213,1.000082897272684,0.005786
tau__0_0,0.14190728696134194,0.026934552840145995,0.0010086501285098309,0.09539183084308443,0.19590813755432746,652.0535268631254,0.9999509827683133,0.14
t0__0_0,0.0,0.0,0.0,0.0,0.0,,,
