,mean,sd,mc_error,hpd_2.5,hpd_97.5,n_eff,Rhat,MAP
b,1.0,0.0,0.0,1.0,1.0,,,
p_error,0.05000000819563866,7.450580596923828e-09,1.4901161193847657e-09,0.05000000074505806,0.05000000074505806,1.0007506866324938,0.9997499687421851,
v__0_0,2.094945945993233e-05,1.037654992453999e-06,2.0339711770827295e-08,1.8834061297283533e-05,2.290910106876417e-05,2587.785265066587,1.0003543012315692,2.1e-05
gamma__0_0,1.0,0.0,0.0,1.0,1.0,,,
s__0_0,0.0049004086279120975,0.0002779934554193742,5.476642368629111e-06,0.004349245546700448,0.0054249661961827,2394.7282311472522,1.000658175586776,0.00482
tau__0_0,0.3151343735185178,0.05722702492876275,0.0010195054805813126,0.20953277563233091,0.4343745383438451,2902.56899710308,0.9997818711936203,0.29
t0__0_0,0.0,0.0,0.0,0.0,0.0,,,
