,mean,sd,mc_error,hpd_2.5,hpd_97.5,n_eff,Rhat,MAP
b,1.0,0.0,0.0,1.0,1.0,,,
p_error,0.05000000447034836,3.725290298461914e-09,7.450580596923829e-10,0.05000000074505806,0.05000000074505806,1.0001503703406758,0.9999499987499374,
v__0_0,0.00010453051148684056,1.1601318446444891e-05,4.160747522735205e-07,8.19426808586515e-05,0.00012664699669335386,771.8681557296635,1.0001463390067462,0.00011
gamma__0_0,1.0,0.0,0.0,1.0,1.0,,,
s__0_0,0.011091422678744862,0.0013129171292148786,4.071557708595373e-05,0.008696110818094774,0.013669688340247649,1072.7744910167787,1.0001393679916468,0.010379
tau__0_0,0.24062310566681164,0.10835657486351219,0.0032508321798989854,0.07947647268790267,0.44870707127354,1046.692142402703,1.0004957021408543,0.19
t0__0_0,0.0,0.0,0.0,0.0,0.0,,,
