,mean,sd,mc_error,hpd_2.5,hpd_97.5,n_eff,Rhat,MAP
b,1.0,0.0,0.0,1.0,1.0,,,
p_error,0.05000000447034836,3.725290298461914e-09,7.450580596923829e-10,0.05000000074505806,0.05000000074505806,1.0001503703406758,0.9999499987499374,
v__0_0,6.14518132530568e-05,5.579371269015295e-06,1.8741184471823915e-07,5.121456608265729e-05,7.307871135498781e-05,823.2260100916643,1.0002811931861184,6.3e-05
gamma__0_0,1.0,0.0,0.0,1.0,1.0,,,
s__0_0,0.01058152375460747,0.0007938250034790163,2.36605262209657e-05,0.009061107201095849,0.012147663216513758,1098.3067789744728,0.9999505795075927,0.010291
tau__0_0,0.4984586531074396,0.16614519643179598,0.0046188724780691255,0.2131818914392862,0.8165958928307169,1141.886744563282,1.0002514777882894,0.41
t0__0_0,0.0,0.0,0.0,0.0,0.0,,,
