,mean,sd,mc_error,hpd_2.5,hpd_97.5,n_eff,Rhat,MAP
b,1.0,0.0,0.0,1.0,1.0,,,
p_error,0.05000000819563866,7.450580596923828e-09,1.4901161193847657e-09,0.05000000074505806,0.05000000074505806,1.0007506866324938,0.9997499687421851,
v__0_0,2.050816675922708e-05,1.7396995550807314e-06,4.9531903328245307e-08,1.6768202677834056e-05,2.364322085422435e-05,1268.8426544996018,1.0006729898871312,2e-05
gamma__0_0,1.0,0.0,0.0,1.0,1.0,,,
s__0_0,0.006806381482306228,0.00041380728705417565,1.1417559195939483e-05,0.006005058891773932,0.007632803480719545,1340.3754571512043,1.0013598114375062,0.006805
tau__0_0,0.8395715750939436,0.35694724166198705,0.011653546002862895,0.42795063322159566,1.427268633250672,954.2196068012097,1.0017512019657966,0.69
t0__0_0,0.0,0.0,0.0,0.0,0.0,,,
