,mean,sd,mc_error,hpd_2.5,hpd_97.5,n_eff,Rhat,MAP
b,1.0,0.0,0.0,1.0,1.0,,,
p_error,0.05000000819563866,7.450580596923828e-09,1.4901161193847657e-09,0.05000000074505806,0.05000000074505806,1.0007506866324938,0.9997499687421851,
v__0_0,8.727226818344392e-05,2.2491971878777663e-06,5.3656254144696146e-08,8.292321389348851e-05,9.162481027526849e-05,1677.4512182882413,1.0002104288908744,8.7e-05
gamma__0_0,1.0,0.0,0.0,1.0,1.0,,,
s__0_0,0.012793800550825334,0.0002629575195748231,5.555425970668198e-06,0.012301305846780089,0.0133249004446537,1732.209638667196,1.0008674835535285,0.012677
tau__0_0,0.28171059944540294,0.022562832163026316,0.0005469524626794328,0.2410169050953061,0.3280539619928438,1579.8494595901043,1.0012719016964677,0.28
t0__0_0,0.0,0.0,0.0,0.0,0.0,,,
