,mean,sd,mc_error,hpd_2.5,hpd_97.5,n_eff,Rhat,MAP
b,1.0,0.0,0.0,1.0,1.0,,,
p_error,0.05000000819563866,7.450580596923828e-09,1.4901161193847657e-09,0.05000000074505806,0.05000000074505806,1.0007506866324938,0.9997499687421851,
v__0_0,1.8690395021709678e-05,1.2732344040526025e-06,2.335996854985816e-08,1.636818708289277e-05,2.132232380447632e-05,2129.3129942266564,1.0002080115515293,1.9e-05
gamma__0_0,1.0,0.0,0.0,1.0,1.0,,,
s__0_0,0.005787791065541644,0.0003258782798443292,5.969384920340069e-06,0.005153093480514382,0.006417986267312289,2166.6910558547497,0.9997500289609389,0.005741
tau__0_0,0.6362231850433057,0.1342205402042846,0.0028062551935431924,0.3981757100688803,0.9055813467346234,2063.094988115249,0.9999144168680104,0.54
t0__0_0,0.0,0.0,0.0,0.0,0.0,,,
