,mean,sd,mc_error,hpd_2.5,hpd_97.5,n_eff,Rhat,MAP
b,1.0,0.0,0.0,1.0,1.0,,,
p_error,0.05000000447034836,3.725290298461914e-09,7.450580596923829e-10,0.05000000074505806,0.05000000074505806,1.0001503703406758,0.9999499987499374,
v__0_0,8.508510357312287e-05,5.598948398405364e-06,1.9160017370301356e-07,7.458133785789061e-05,9.57964867708432e-05,677.8635312271523,1.0021305656205743,8.6e-05
gamma__0_0,1.0,0.0,0.0,1.0,1.0,,,
s__0_0,0.011029971116606791,0.000754271801331312,2.1683765839903937e-05,0.009574717790926031,0.012461330736262557,1119.174477786383,1.0002344613870047,0.01143
tau__0_0,0.41566623362004984,0.09759360707348565,0.0030360321536159604,0.2410853614249893,0.5958273039392651,971.6833246626628,1.0011337763133985,0.37
t0__0_0,0.0,0.0,0.0,0.0,0.0,,,
