,mean,sd,mc_error,hpd_2.5,hpd_97.5,n_eff,Rhat,MAP
b,1.0,0.0,0.0,1.0,1.0,,,
p_error,0.05000000447034836,3.725290298461914e-09,7.450580596923829e-10,0.05000000074505806,0.05000000074505806,1.0001503703406758,0.9999499987499374,
v__0_0,8.912494747449611e-05,3.4972156551160887e-06,1.3388872207879525e-07,8.280037033410123e-05,9.612725133419102e-05,576.0449427224474,1.0003897022124761,9e-05
gamma__0_0,1.0,0.0,0.0,1.0,1.0,,,
s__0_0,0.006334289064538831,0.0006474165493989432,1.973673392953667e-05,0.0049126510415583614,0.007409190905997993,926.8667299686516,1.002085460741437,0.006544
tau__0_0,0.08833361666260207,0.03012613932538903,0.0006281888173388779,0.03233288128544023,0.15030539318659494,2028.174300106533,1.0004257450708596,0.09
t0__0_0,0.0,0.0,0.0,0.0,0.0,,,
