,mean,sd,mc_error,hpd_2.5,hpd_97.5,n_eff,Rhat,MAP
b,1.0,0.0,0.0,1.0,1.0,,,
p_error,0.05000000447034836,3.725290298461914e-09,7.450580596923829e-10,0.05000000074505806,0.05000000074505806,1.0001503703406758,0.9999499987499374,
v__0_0,2.0882656546002864e-05,1.0175422273657535e-06,2.988731816185354e-08,1.8908444392825553e-05,2.2866334315988607e-05,1190.8174772653826,1.0005269119129705,2.1e-05
gamma__0_0,1.0,0.0,0.0,1.0,1.0,,,
s__0_0,0.005348701876101874,0.0002925386935045076,8.472800674186328e-06,0.004801605113101297,0.005904012277470202,1233.1226179466282,1.0002391634005317,0.0052
tau__0_0,1.7123707914687996,0.31021692324683553,0.0075566011232225515,1.1761572584969366,2.3276788844621685,1721.444302249474,1.0007245546615833,1.6
t0__0_0,0.0,0.0,0.0,0.0,0.0,,,
