,mean,sd,mc_error,hpd_2.5,hpd_97.5,n_eff,Rhat,MAP
b,1.0,0.0,0.0,1.0,1.0,,,
p_error,0.05000000819563866,7.450580596923828e-09,1.4901161193847657e-09,0.05000000074505806,0.05000000074505806,1.0007506866324938,0.9997499687421851,
v__0_0,6.526612506820581e-05,4.195243231632482e-06,1.0025782589374385e-07,5.7384463532695705e-05,7.372962165901669e-05,1601.2596901821612,0.9997817967271576,6.7e-05
gamma__0_0,1.0,0.0,0.0,1.0,1.0,,,
s__0_0,0.008420887176097725,0.0006491971446392686,1.3755095702115323e-05,0.007231944851518444,0.009720845583762645,2131.0412555912217,0.9998229200144201,0.008346
tau__0_0,0.7692908968376277,0.16621053364278027,0.004077149069932486,0.48115903373092617,1.0812826822882857,1642.2531077740603,0.9997759614569786,0.69
t0__0_0,0.0,0.0,0.0,0.0,0.0,,,
