,mean,sd,mc_error,hpd_2.5,hpd_97.5,n_eff,Rhat,MAP
b,1.0,0.0,0.0,1.0,1.0,,,
p_error,0.05000000819563866,7.450580596923828e-09,1.4901161193847657e-09,0.05000000074505806,0.05000000074505806,1.0007506866324938,0.9997499687421851,
v__0_0,5.996094339958958e-05,4.9413539143858906e-06,1.0277135889673752e-07,5.043164231009725e-05,6.981471994417309e-05,2072.9757079831106,1.0007907442868385,6.1e-05
gamma__0_0,1.0,0.0,0.0,1.0,1.0,,,
s__0_0,0.010957912799844278,0.0006954180288023642,1.6144136148732892e-05,0.009656934144453403,0.01240040692959791,1941.1371744988517,1.0006376345479429,0.010516
tau__0_0,0.4194470112012706,0.09592210842079532,0.002151489534317464,0.24616216387045878,0.6051221850283223,2043.9257678286476,1.0011742109728434,0.37
t0__0_0,0.0,0.0,0.0,0.0,0.0,,,
