,mean,sd,mc_error,hpd_2.5,hpd_97.5,n_eff,Rhat,MAP
b,1.0,0.0,0.0,1.0,1.0,,,
p_error,0.05000000447034836,3.725290298461914e-09,7.450580596923829e-10,0.05000000074505806,0.05000000074505806,1.0001503703406758,0.9999499987499374,
v__0_0,2.790390422974213e-05,1.6908552088273548e-06,5.978025183795661e-08,2.4691508933379507e-05,3.138335173314344e-05,749.1234315641752,1.0003262542387763,2.8e-05
gamma__0_0,1.0,0.0,0.0,1.0,1.0,,,
s__0_0,0.006375263624329555,0.0003572663689692385,1.2263123722989479e-05,0.005655920389462548,0.007039067194710976,765.762824386192,1.0000144926131984,0.006113
tau__0_0,0.2646627256828363,0.0757250480102826,0.0014212053354915935,0.1209772618786257,0.4154832109961375,2976.8182662337053,1.0004527431151586,0.24
t0__0_0,0.0,0.0,0.0,0.0,0.0,,,
