,mean,sd,mc_error,hpd_2.5,hpd_97.5,n_eff,Rhat,MAP
b,1.0,0.0,0.0,1.0,1.0,,,
p_error,0.05000000819563866,7.450580596923828e-09,1.4901161193847657e-09,0.05000000074505806,0.05000000074505806,1.0007506866324938,0.9997499687421851,
v__0_0,7.567408428323447e-05,4.379254970555431e-06,9.159801852748079e-08,6.685139580680136e-05,8.408164940899264e-05,2053.2682725042496,0.9998178445457838,7.5e-05
gamma__0_0,1.0,0.0,0.0,1.0,1.0,,,
s__0_0,0.009053958365145462,0.0006259518429806516,1.4198743509083513e-05,0.007859476369370818,0.010290402993964757,1774.022406494125,0.9997525859536892,0.008735
tau__0_0,0.2050996156849269,0.04166693162068313,0.000912383274592091,0.12937847056759305,0.2912992153103506,1875.1335416688883,0.9997499690950088,0.2
t0__0_0,0.0,0.0,0.0,0.0,0.0,,,
