,mean,sd,mc_error,hpd_2.5,hpd_97.5,n_eff,Rhat,MAP
b,1.0,0.0,0.0,1.0,1.0,,,
p_error,0.05000000819563866,7.450580596923828e-09,1.4901161193847657e-09,0.05000000074505806,0.05000000074505806,1.0007506866324938,0.9997499687421851,
v__0_0,7.578132598481654e-05,6.553142430223781e-06,1.7463825091550046e-07,6.328028127331073e-05,8.88192013326316e-05,1563.4440421212928,1.0008548338102319,7.9e-05
gamma__0_0,1.0,0.0,0.0,1.0,1.0,,,
s__0_0,0.008927579497607106,0.0008463877512036731,2.185004116531868e-05,0.007306512272007288,0.010623919003488505,1479.068111926478,1.0004873723312675,0.008993
tau__0_0,0.7001395785639806,0.2345027485959542,0.006228668860129779,0.38606378967537297,1.1196527568402992,1482.3448878396207,1.001888008108561,0.62
t0__0_0,0.0,0.0,0.0,0.0,0.0,,,
