,mean,sd,mc_error,hpd_2.5,hpd_97.5,n_eff,Rhat,MAP
b,1.0,0.0,0.0,1.0,1.0,,,
p_error,0.05000000819563866,7.450580596923828e-09,1.4901161193847657e-09,0.05000000074505806,0.05000000074505806,1.0007506866324938,0.9997499687421851,
v__0_0,6.744612859484009e-05,4.236795644251611e-06,9.342699506590824e-08,5.9022543635501977e-05,7.553628112185895e-05,1742.0138361035858,1.0002310244423032,6.7e-05
gamma__0_0,1.0,0.0,0.0,1.0,1.0,,,
s__0_0,0.008315798926840085,0.0006492859132449292,1.315280062305086e-05,0.007144058996401495,0.009690325746087131,2191.8950793450335,1.0004388626795966,0.008318
tau__0_0,0.4691244402328101,0.11207998863369349,0.002473076473048252,0.2738253879742298,0.6860484597640804,1662.1853706571128,1.0006237698870508,0.44
t0__0_0,0.0,0.0,0.0,0.0,0.0,,,
