,mean,sd,mc_error,hpd_2.5,hpd_97.5,n_eff,Rhat,MAP
b,1.0,0.0,0.0,1.0,1.0,,,
p_error,0.05000000447034836,3.725290298461914e-09,7.450580596923829e-10,0.05000000074505806,0.05000000074505806,1.0001503703406758,0.9999499987499374,
v__0_0,5.467107251561412e-05,5.577346061794736e-06,1.751448456816414e-07,4.4269602535670906e-05,6.572138835008788e-05,881.1049752867739,1.000360242513708,5.5e-05
gamma__0_0,1.0,0.0,0.0,1.0,1.0,,,
s__0_0,0.011857641613934461,0.000767576872670683,2.2020558278728513e-05,0.010357793070420217,0.013289021366364973,1076.2614485912115,1.0002194483368438,0.011717
tau__0_0,0.953897068049108,0.4565007887300056,0.014906483459631303,0.41012765792547473,1.6758230850738254,840.064225119962,1.0015606734644098,0.68
t0__0_0,0.0,0.0,0.0,0.0,0.0,,,
