,mean,sd,mc_error,hpd_2.5,hpd_97.5,n_eff,Rhat,MAP
b,1.0,0.0,0.0,1.0,1.0,,,
p_error,0.05000000447034836,3.725290298461914e-09,7.450580596923829e-10,0.05000000074505806,0.05000000074505806,1.0001503703406758,0.9999499987499374,
v__0_0,0.00014107731658066541,3.834222526156478e-06,1.5012155653505266e-07,0.0001330555504634004,0.0001483298664242991,597.8983342860325,1.0116365620675911,0.000142
gamma__0_0,1.0,0.0,0.0,1.0,1.0,,,
s__0_0,0.006225087568014684,0.0004253988936832954,1.6823039942305856e-05,0.005503521315940204,0.007172746837163262,573.9977196998304,1.0095679349310565,0.006198
tau__0_0,0.07724859326402299,0.02558665035949868,0.0006102331481856068,0.028697372540636146,0.12750597617245613,1748.45491471998,1.0017221544136292,0.07
t0__0_0,0.0,0.0,0.0,0.0,0.0,,,
