,mean,sd,mc_error,hpd_2.5,hpd_97.5,n_eff,Rhat,MAP
b,1.0,0.0,0.0,1.0,1.0,,,
p_error,0.05000000447034836,3.725290298461914e-09,7.450580596923829e-10,0.05000000074505806,0.05000000074505806,1.0001503703406758,0.9999499987499374,
v__0_0,1.986788600650891e-05,1.7740453482127688e-06,6.62502988842709e-08,1.6157595345031626e-05,2.3159332072087455e-05,704.1538976053657,1.000771501318796,2e-05
gamma__0_0,1.0,0.0,0.0,1.0,1.0,,,
s__0_0,0.006717128786745491,0.000492217832539945,1.713618913456845e-05,0.005732214670725746,0.007642901428625239,822.3071521910189,1.0003504006684927,0.006771
tau__0_0,0.46035391951081756,0.2675929660540555,0.014139629188355216,0.2250466153380257,0.7029442918755826,352.4780349004897,1.0028493716335745,0.36
t0__0_0,0.0,0.0,0.0,0.0,0.0,,,
