,mean,sd,mc_error,hpd_2.5,hpd_97.5,n_eff,Rhat,MAP
b,1.0,0.0,0.0,1.0,1.0,,,
p_error,0.05000000447034836,3.725290298461914e-09,7.450580596923829e-10,0.05000000074505806,0.05000000074505806,1.0001503703406758,0.9999499987499374,
v__0_0,1.8711459705885715e-05,1.008678566695234e-06,3.800902544589084e-08,1.674949626269161e-05,2.072967062790225e-05,634.5130611456799,1.0007965127300102,1.9e-05
gamma__0_0,1.0,0.0,0.0,1.0,1.0,,,
s__0_0,0.004950359213161428,0.000301256282923178,1.1375783815220044e-05,0.004419840793396715,0.005606412139564198,680.1520733165238,1.0004156544415665,0.004683
tau__0_0,0.22990206270850885,0.05309338654011166,0.0012041983942850663,0.12597203784074662,0.3308255805136113,2144.4249029900434,1.0006017920216048,0.21
t0__0_0,0.0,0.0,0.0,0.0,0.0,,,
