,mean,sd,mc_error,hpd_2.5,hpd_97.5,n_eff,Rhat,MAP
b,1.0,0.0,0.0,1.0,1.0,,,
p_error,0.05000000819563866,7.450580596923828e-09,1.4901161193847657e-09,0.05000000074505806,0.05000000074505806,1.0007506866324938,0.9997499687421851,
v__0_0,5.3685803568596746e-05,4.359369889517756e-06,9.994475775807616e-08,4.5533100661781874e-05,6.273384002943532e-05,1776.9634170438735,1.0001194339915067,5.5e-05
gamma__0_0,1.0,0.0,0.0,1.0,1.0,,,
s__0_0,0.010392456899051524,0.0007637390795696996,1.4561181529955301e-05,0.009003706437969558,0.011966379535301696,2369.224573522445,0.9998832949257248,0.00968
tau__0_0,0.8163136223505372,0.33774845005974247,0.009072419875747745,0.37702207937473925,1.3562534499726469,1223.6751135109448,1.0004499590667122,0.68
t0__0_0,0.0,0.0,0.0,0.0,0.0,,,
