,mean,sd,mc_error,hpd_2.5,hpd_97.5,n_eff,Rhat,MAP
b,1.0,0.0,0.0,1.0,1.0,,,
p_error,0.05000000447034836,3.725290298461914e-09,7.450580596923829e-10,0.05000000074505806,0.05000000074505806,1.0001503703406758,0.9999499987499374,
v__0_0,3.9734730084930475e-05,1.7610065772223787e-06,6.064684180155218e-08,3.6421665529419236e-05,4.3235624370587034e-05,718.2266648708453,0.9999601236179609,4e-05
gamma__0_0,1.0,0.0,0.0,1.0,1.0,,,
s__0_0,0.0057880731727067,0.00045336633215961185,9.931067440753137e-06,0.004903355206175544,0.006672346593779332,2376.7447534665625,1.0001899094279993,0.00564
tau__0_0,1.9502515572828116,0.9292776650716095,0.029137485656771177,0.6479917871748586,4.119200118765967,858.3927512272082,1.0002777511607022,1.28
t0__0_0,0.0,0.0,0.0,0.0,0.0,,,
