,mean,sd,mc_error,hpd_2.5,hpd_97.5,n_eff,Rhat,MAP
b,1.0,0.0,0.0,1.0,1.0,,,
p_error,0.05000000819563866,7.450580596923828e-09,1.4901161193847657e-09,0.05000000074505806,0.05000000074505806,1.0007506866324938,0.9997499687421851,
v__0_0,0.00011274129607553027,6.513930781304954e-06,2.1233776260419846e-07,9.969888600920244e-05,0.00012510868317502135,949.6558337524165,1.0010434496276523,0.000114
gamma__0_0,1.0,0.0,0.0,1.0,1.0,,,
s__0_0,0.00792692594097245,0.000701291426955218,2.1005193337423754e-05,0.0064380576376706035,0.009288944184678065,1054.0662025395704,0.9999611268509752,0.006465
tau__0_0,0.19803430153708454,0.049753982702970205,0.0014846246666179626,0.10924960332925829,0.2968350402522634,1044.7701578948531,1.0000660156469197,0.18
t0__0_0,0.0,0.0,0.0,0.0,0.0,,,
