,mean,sd,mc_error,hpd_2.5,hpd_97.5,n_eff,Rhat,MAP
b,1.0,0.0,0.0,1.0,1.0,,,
p_error,0.05000000447034836,3.725290298461914e-09,7.450580596923829e-10,0.05000000074505806,0.05000000074505806,1.0001503703406758,0.9999499987499374,
v__0_0,0.00013109449488941133,1.096406373044803e-06,6.78193800621649e-08,0.0001292010331022329,0.0001330921776836529,169.71857547584852,1.0039824121443068,0.000131
gamma__0_0,1.0,0.0,0.0,1.0,1.0,,,
s__0_0,0.006541840271750897,6.224022630422028e-05,3.7435769367560318e-06,0.006473268256785379,0.006602184511686194,259.55993657577966,0.9999565113550019,0.006543
tau__0_0,0.09554047326450514,0.0047999860561203644,0.00030441618630159325,0.08750282588377278,0.10617810122971223,177.7158621103812,1.0009953244307217,0.1
t0__0_0,0.0,0.0,0.0,0.0,0.0,,,
