,mean,sd,mc_error,hpd_2.5,hpd_97.5,n_eff,Rhat,MAP
b,1.0,0.0,0.0,1.0,1.0,,,
p_error,0.05000000819563866,7.450580596923828e-09,1.4901161193847657e-09,0.05000000074505806,0.05000000074505806,1.0007506866324938,0.9997499687421851,
v__0_0,7.524507115390715e-05,1.6049967871507462e-06,3.5881738589682645e-08,7.196648764393968e-05,7.818851501580953e-05,1894.2432762646383,0.9998437781717906,7.5e-05
gamma__0_0,1.0,0.0,0.0,1.0,1.0,,,
s__0_0,0.012269696823382848,0.0002360865630670109,5.318291468967448e-06,0.011821828739631113,0.012736224469399276,2050.579459456783,0.9998960213390911,0.012345
tau__0_0,0.646182731381605,0.052254847290180616,0.001224800121879811,0.5471030880052296,0.7482305665390301,1920.9582548272047,1.0003003661595198,0.65
t0__0_0,0.0,0.0,0.0,0.0,0.0,,,
