,mean,sd,mc_error,hpd_2.5,hpd_97.5,n_eff,Rhat,MAP
b,1.0,0.0,0.0,1.0,1.0,,,
p_error,0.05000000819563866,7.450580596923828e-09,1.4901161193847657e-09,0.05000000074505806,0.05000000074505806,1.0007506866324938,0.9997499687421851,
v__0_0,5.4943319111576836e-05,5.114029610363477e-06,1.3232211746084817e-07,4.469593732388069e-05,6.451961907159432e-05,1420.182087589611,0.9999861373634218,5.7e-05
gamma__0_0,1.0,0.0,0.0,1.0,1.0,,,
s__0_0,0.009481808004112448,0.0008117088298308828,1.9399527269268044e-05,0.007891781921970414,0.011065379884103152,1659.115534191804,1.001333016799807,0.008639
tau__0_0,0.7163980777114537,0.23594893949506252,0.0060563918092575745,0.3273294142061395,1.1658564960675846,1547.2419102156505,1.0002859372344572,0.68
t0__0_0,0.0,0.0,0.0,0.0,0.0,,,
