,mean,sd,mc_error,hpd_2.5,hpd_97.5,n_eff,Rhat,MAP
b,1.0,0.0,0.0,1.0,1.0,,,
p_error,0.05000000447034836,3.725290298461914e-09,7.450580596923829e-10,0.05000000074505806,0.05000000074505806,1.0001503703406758,0.9999499987499374,
v__0_0,6.354891999110035e-05,3.2328966934660064e-06,1.1620403131462353e-07,5.695504225683679e-05,6.980087336119397e-05,725.8144700986973,0.9999569175927491,6.4e-05
gamma__0_0,1.0,0.0,0.0,1.0,1.0,,,
s__0_0,0.006906719225111881,0.0004944932570283386,1.3605681257115046e-05,0.00599223386907364,0.007943977460324455,1117.5083087756307,1.0000424929345166,0.00675
tau__0_0,0.4190131627356393,0.07403596102665799,0.002408966000798818,0.295387228683839,0.5774766065118077,936.67577749064,1.0002198737920518,0.4
t0__0_0,0.0,0.0,0.0,0.0,0.0,,,
