,mean,sd,mc_error,hpd_2.5,hpd_97.5,n_eff,Rhat,MAP
b,1.0,0.0,0.0,1.0,1.0,,,
p_error,0.05000000447034836,3.725290298461914e-09,7.450580596923829e-10,0.05000000074505806,0.05000000074505806,1.0001503703406758,0.9999499987499374,
v__0_0,0.00012557430401792242,5.24804593557854e-06,2.2646841626480324e-07,0.00011519009868730978,0.0001353979459679511,488.91628494129924,1.0024670742359083,0.000124
gamma__0_0,1.0,0.0,0.0,1.0,1.0,,,
s__0_0,0.006895139954641597,0.0006619270947045165,2.4422179873202678e-05,0.005740833941726061,0.008153008243360892,639.7641457962213,1.00216086325943,0.006097
tau__0_0,0.1819777453062055,0.03786725523696785,0.001470900848399071,0.11254065714753686,0.2550811627162652,669.4745542521349,1.0018509797264783,0.18
t0__0_0,0.0,0.0,0.0,0.0,0.0,,,
