,mean,sd,mc_error,hpd_2.5,hpd_97.5,n_eff,Rhat,MAP
b,1.0,0.0,0.0,1.0,1.0,,,
p_error,0.05000000447034836,3.725290298461914e-09,7.450580596923829e-10,0.05000000074505806,0.05000000074505806,1.0001503703406758,0.9999499987499374,
v__0_0,5.6323158241891734e-05,3.568011774344773e-06,2.1357906044665015e-07,4.9132307496271863e-05,6.282615867248071e-05,185.70522572238517,1.012860234525288,5.6e-05
gamma__0_0,1.0,0.0,0.0,1.0,1.0,,,
s__0_0,0.006373341983741778,0.0005030251348988996,1.5028765222658672e-05,0.005399969524812501,0.007368645279353849,994.0802990508967,1.0027579069572035,0.005974
tau__0_0,0.5720083753714651,0.16371933553547027,0.008801982327247016,0.3125667564193571,0.9127804663219558,232.10815796493793,1.0099603631491396,0.56
t0__0_0,0.0,0.0,0.0,0.0,0.0,,,
