,mean,sd,mc_error,hpd_2.5,hpd_97.5,n_eff,Rhat,MAP
b,1.0,0.0,0.0,1.0,1.0,,,
p_error,0.05000000447034836,3.725290298461914e-09,7.450580596923829e-10,0.05000000074505806,0.05000000074505806,1.0001503703406758,0.9999499987499374,
v__0_0,2.2075495176376592e-05,1.3741923866988854e-06,4.759458179898916e-08,1.9335354011897058e-05,2.4673729001309903e-05,822.7076046498557,1.0007418851819805,2.2e-05
gamma__0_0,1.0,0.0,0.0,1.0,1.0,,,
s__0_0,0.00600043721432104,0.00032972548874996065,1.0963616289376448e-05,0.005393360697693865,0.006682863176766248,929.0953572900161,1.0001264809313772,0.006125
tau__0_0,0.773982309657977,0.14421109799283133,0.0037034534181863677,0.5107877733447393,1.0738766555951487,1492.0940379409583,1.0009773139146392,0.77
t0__0_0,0.0,0.0,0.0,0.0,0.0,,,
