,mean,sd,mc_error,hpd_2.5,hpd_97.5,n_eff,Rhat,MAP
b,1.0,0.0,0.0,1.0,1.0,,,
p_error,0.05000000819563866,7.450580596923828e-09,1.4901161193847657e-09,0.05000000074505806,0.05000000074505806,1.0007506866324938,0.9997499687421851,
v__0_0,6.52881716425065e-05,4.220167546846231e-06,8.848276127324354e-08,5.733626244544936e-05,7.373275811525077e-05,2377.4932859772052,0.9998698444632677,6.6e-05
gamma__0_0,1.0,0.0,0.0,1.0,1.0,,,
s__0_0,0.009484995505516885,0.0006988353713987714,1.2062120908854927e-05,0.008219993394379281,0.010898888207466269,2992.935104047088,1.0000881753142108,0.009019
tau__0_0,0.6176403161623264,0.17786143163990722,0.003684036396580588,0.318274673945118,0.9437886753781126,2449.2150837641225,1.00000335628922,0.56
t0__0_0,0.0,0.0,0.0,0.0,0.0,,,
