,mean,sd,mc_error,hpd_2.5,hpd_97.5,n_eff,Rhat,MAP
b,1.0,0.0,0.0,1.0,1.0,,,
p_error,0.05000000447034836,3.725290298461914e-09,7.450580596923829e-10,0.05000000074505806,0.05000000074505806,1.0001503703406758,0.9999499987499374,
v__0_0,0.00017196317011081933,8.268356202970988e-06,3.0382869781492275e-07,0.0001561419322958253,0.00018754890076665717,683.8987996102105,1.0038621264681757,0.000178
gamma__0_0,1.0,0.0,0.0,1.0,1.0,,,
s__0_0,0.009794045359760573,0.0008301392980219933,2.4907440235888173e-05,0.008206337693963369,0.01143286760516792,1127.7991204617506,1.0023727783823104,0.009951
tau__0_0,0.14739650354752876,0.03696915225339964,0.0010689238741423209,0.08055951412699539,0.22308780357440738,1161.5351465622487,1.0010970827672785,0.13
t0__0_0,0.0,0.0,0.0,0.0,0.0,,,
