,mean,sd,mc_error,hpd_2.5,hpd_97.5,n_eff,Rhat,MAP
b,1.0,0.0,0.0,1.0,1.0,,,
p_error,0.05000000447034836,3.725290298461914e-09,7.450580596923829e-10,0.05000000074505806,0.05000000074505806,1.0001503703406758,0.9999499987499374,
v__0_0,7.569855510056776e-05,4.540338244296494e-06,1.626007976187957e-07,6.670144781713369e-05,8.465114929541459e-05,834.5176092688083,1.000538533510253,7.6e-05
gamma__0_0,1.0,0.0,0.0,1.0,1.0,,,
s__0_0,0.009053811987771306,0.0006317331698869617,2.1597467558010643e-05,0.007845105144509307,0.010269983945622807,937.4180953135452,1.0001301763456938,0.009365
tau__0_0,0.20428289787554402,0.04181449861047921,0.0011470375938891614,0.12739395024926087,0.28501444912711926,1321.948414566049,1.001289094657943,0.19
t0__0_0,0.0,0.0,0.0,0.0,0.0,,,
