,mean,sd,mc_error,hpd_2.5,hpd_97.5,n_eff,Rhat,MAP
b,1.0,0.0,0.0,1.0,1.0,,,
p_error,0.05000000447034836,3.725290298461914e-09,7.450580596923829e-10,0.05000000074505806,0.05000000074505806,1.0001503703406758,0.9999499987499374,
v__0_0,3.6684572531741136e-05,1.6775805364673582e-06,7.85637056817468e-08,3.3461078124253456e-05,4.00232867527159e-05,440.2479451768593,1.0004662301117169,3.6e-05
gamma__0_0,1.0,0.0,0.0,1.0,1.0,,,
s__0_0,0.005714205349590936,0.00034407114669686006,1.323230020225937e-05,0.005056979409354131,0.006396430316822354,625.2661405514464,1.0001058977721555,0.005809
tau__0_0,0.6947712648771747,0.1256321706587472,0.005234794594459824,0.47212592428491856,0.9468961055076954,575.0897577703843,0.9999679205357259,0.67
t0__0_0,0.0,0.0,0.0,0.0,0.0,,,
