,mean,sd,mc_error,hpd_2.5,hpd_97.5,n_eff,Rhat,MAP
b,1.0,0.0,0.0,1.0,1.0,,,
p_error,0.05000000819563866,7.450580596923828e-09,1.4901161193847657e-09,0.05000000074505806,0.05000000074505806,1.0007506866324938,0.9997499687421851,
v__0_0,3.0155235803261345e-05,2.7500605724682985e-06,6.644803440873284e-08,2.4494560097386e-05,3.5115407344409416e-05,1592.246277932092,0.9999229992600941,3e-05
gamma__0_0,1.0,0.0,0.0,1.0,1.0,,,
s__0_0,0.009558614646566101,0.0005458071286573984,1.213871852858723e-05,0.00852245510718311,0.010659096527111446,2028.9010291427014,0.9997773263637639,0.009685
tau__0_0,2.468737245537814,1.0353627720464795,0.028795876923116102,0.9859968671860038,4.651858654315148,1125.07885563675,0.9997508577764066,1.78
t0__0_0,0.0,0.0,0.0,0.0,0.0,,,
