,mean,sd,mc_error,hpd_2.5,hpd_97.5,n_eff,Rhat,MAP
b,1.0,0.0,0.0,1.0,1.0,,,
p_error,0.05000000819563866,7.450580596923828e-09,1.4901161193847657e-09,0.05000000074505806,0.05000000074505806,1.0007506866324938,0.9997499687421851,
v__0_0,4.819244934340215e-05,1.222533955066251e-06,2.7896833554102893e-08,4.57709136935733e-05,5.05568144274845e-05,2006.1641480639146,0.9997500850118607,4.8e-05
gamma__0_0,1.0,0.0,0.0,1.0,1.0,,,
s__0_0,0.010465742943595131,0.0001991564039656134,4.22807264102187e-06,0.010092140841155952,0.010863942843023068,2270.366473229896,0.9997540549447631,0.010488
tau__0_0,0.2324628409130479,0.01818557920570589,0.00040759768383067464,0.19773931059813513,0.2677215024080148,2175.074232570752,0.9998612724350963,0.23
t0__0_0,0.0,0.0,0.0,0.0,0.0,,,
