,mean,sd,mc_error,hpd_2.5,hpd_97.5,n_eff,Rhat,MAP
b,1.0,0.0,0.0,1.0,1.0,,,
p_error,0.05000000819563866,7.450580596923828e-09,1.4901161193847657e-09,0.05000000074505806,0.05000000074505806,1.0007506866324938,0.9997499687421851,
v__0_0,4.1184102569652334e-05,3.2575583885510743e-06,8.16521565844611e-08,3.492939432345868e-05,4.744324241084865e-05,1753.5726984036949,0.9997531752236883,4.2e-05
gamma__0_0,1.0,0.0,0.0,1.0,1.0,,,
s__0_0,0.008949734820672238,0.0005622762553208886,1.3619620057881868e-05,0.007878023158752637,0.010055863527616112,1623.7325131385564,0.9997532719584133,0.00872
tau__0_0,0.5559235406091204,0.14471339192968163,0.004022989734757523,0.3264767574218499,0.8207869771610171,1422.3822996759493,0.9999673864084748,0.47
t0__0_0,0.0,0.0,0.0,0.0,0.0,,,
