,mean,sd,mc_error,hpd_2.5,hpd_97.5,n_eff,Rhat,MAP
b,1.0,0.0,0.0,1.0,1.0,,,
p_error,0.05000000819563866,7.450580596923828e-09,1.4901161193847657e-09,0.05000000074505806,0.05000000074505806,1.0007506866324938,0.9997499687421851,
v__0_0,3.7607438441345195e-05,3.4897998624310357e-06,7.387065036911758e-08,3.0501608603572024e-05,4.416515392083098e-05,2018.6123814655293,1.0008344600954597,3.8e-05
gamma__0_0,1.0,0.0,0.0,1.0,1.0,,,
s__0_0,0.010428931761874252,0.0007356870498783608,1.511716207154808e-05,0.009016558328825487,0.011898789996475355,2248.9199839501107,1.0004026107506832,0.010315
tau__0_0,0.7115524345257096,0.265245183698386,0.006700057944498431,0.3255351229963983,1.222572588287735,1448.9566382249775,0.999751318256827,0.63
t0__0_0,0.0,0.0,0.0,0.0,0.0,,,
