,mean,sd,mc_error,hpd_2.5,hpd_97.5,n_eff,Rhat,MAP
b,1.0,0.0,0.0,1.0,1.0,,,
p_error,0.05000000819563866,7.450580596923828e-09,1.4901161193847657e-09,0.05000000074505806,0.05000000074505806,1.0007506866324938,0.9997499687421851,
v__0_0,3.530683743197655e-05,2.160742023618738e-06,4.747008724732618e-08,3.0906300495523164e-05,3.958380256774621e-05,1867.815811939959,0.9997763085878524,3.5e-05
gamma__0_0,1.0,0.0,0.0,1.0,1.0,,,
s__0_0,0.006673205305570918,0.0004812338658509163,9.096156978175486e-06,0.005783434208348387,0.00763570107914573,2263.083601754977,0.9997945503224522,0.006608
tau__0_0,0.37183732091760563,0.08606387197287962,0.0018205585306122908,0.22246615885847612,0.5507339627578791,1906.1087071916259,0.9999174078030834,0.36
t0__0_0,0.0,0.0,0.0,0.0,0.0,,,
