,mean,sd,mc_error,hpd_2.5,hpd_97.5,n_eff,Rhat,MAP
b,1.0,0.0,0.0,1.0,1.0,,,
p_error,0.05000000819563866,7.450580596923828e-09,1.4901161193847657e-09,0.05000000074505806,0.05000000074505806,1.0007506866324938,0.9997499687421851,
v__0_0,9.950533068079604e-05,6.457464937022462e-06,1.573042090194297e-07,8.698987251948435e-05,0.00011218913257112879,1400.021112720957,0.9997753051537511,0.000103
gamma__0_0,1.0,0.0,0.0,1.0,1.0,,,
s__0_0,0.010044208622640282,0.0008107288179163506,1.8561505223585346e-05,0.008533959178138583,0.011675860806235224,1545.0116061861365,0.9998783208664983,0.009464
tau__0_0,0.10189293958258136,0.03202329966507974,0.0006581162813233142,0.04471858619424871,0.16993420908749404,1793.8636586787388,0.9998428398212881,0.1
t0__0_0,0.0,0.0,0.0,0.0,0.0,,,
