,mean,sd,mc_error,hpd_2.5,hpd_97.5,n_eff,Rhat,MAP
b,1.0,0.0,0.0,1.0,1.0,,,
p_error,0.05000000447034836,3.725290298461914e-09,7.450580596923829e-10,0.05000000074505806,0.05000000074505806,1.0001503703406758,0.9999499987499374,
v__0_0,8.972036535080803e-05,7.4157263345229505e-06,3.2721623121230704e-07,7.586767605820257e-05,0.00010395595718241902,427.81371128674766,1.0024323253828513,9e-05
gamma__0_0,1.0,0.0,0.0,1.0,1.0,,,
s__0_0,0.009270414584966689,0.0008259813122701957,2.8913326870479752e-05,0.007697520646873569,0.010880163804330871,725.5672376780398,1.0014349841815142,0.009597
tau__0_0,0.3757264402762708,0.1641024412323104,0.0064397218714851035,0.17525716325449614,0.6345681800101635,561.8861300300935,1.0004277741071914,0.3
t0__0_0,0.0,0.0,0.0,0.0,0.0,,,
