,mean,sd,mc_error,hpd_2.5,hpd_97.5,n_eff,Rhat,MAP
b,1.0,0.0,0.0,1.0,1.0,,,
p_error,0.05000000447034836,3.725290298461914e-09,7.450580596923829e-10,0.05000000074505806,0.05000000074505806,1.0001503703406758,0.9999499987499374,
v__0_0,1.8719673737274922e-05,1.2530633785462963e-06,4.750727424792991e-08,1.6186119948056533e-05,2.106792342254274e-05,676.6592316445793,0.9999692443633786,1.9e-05
gamma__0_0,1.0,0.0,0.0,1.0,1.0,,,
s__0_0,0.005770017663067213,0.0003328913248860173,1.2830910341916574e-05,0.005155782287230255,0.0064626043283576295,661.2695377853247,1.000216060502498,0.005615
tau__0_0,0.6339320935399426,0.13031396986306149,0.003920210358900185,0.4092829617904712,0.9001326544061197,1198.1174380336613,1.0001890277253074,0.57
t0__0_0,0.0,0.0,0.0,0.0,0.0,,,
