,mean,sd,mc_error,hpd_2.5,hpd_97.5,n_eff,Rhat,MAP
b,1.0,0.0,0.0,1.0,1.0,,,
p_error,0.05000000447034836,3.725290298461914e-09,7.450580596923829e-10,0.05000000074505806,0.05000000074505806,1.0001503703406758,0.9999499987499374,
v__0_0,0.00016495636874763435,4.0994991299365804e-06,1.291187204344969e-07,0.00015731570011778744,0.00017310760244692414,980.8310754953798,1.0000396782827503,0.000165
gamma__0_0,1.0,0.0,0.0,1.0,1.0,,,
s__0_0,0.006384318909930529,0.00039501054062163367,1.2784507857219865e-05,0.005641452372700256,0.007145127747632165,961.166899675457,1.001829511853911,0.006334
tau__0_0,0.1446843858412981,0.021757110170449866,0.0005732477162844193,0.10306049866552652,0.1870750785939317,1317.8555088193184,1.000473276563698,0.14
t0__0_0,0.0,0.0,0.0,0.0,0.0,,,
