,mean,sd,mc_error,hpd_2.5,hpd_97.5,n_eff,Rhat,MAP
b,1.0,0.0,0.0,1.0,1.0,,,
p_error,0.05000000447034836,3.725290298461914e-09,7.450580596923829e-10,0.05000000074505806,0.05000000074505806,1.0001503703406758,0.9999499987499374,
v__0_0,3.568243285427853e-05,1.5478892940484267e-06,5.56406296500963e-08,3.260542804707588e-05,3.878435342017445e-05,642.1077289545755,1.000263573792844,3.6e-05
gamma__0_0,1.0,0.0,0.0,1.0,1.0,,,
s__0_0,0.0056675381093298045,0.00032738007618778004,1.1080300112902619e-05,0.005006547999648806,0.006286756810909548,753.0369982975067,0.9999611255791817,0.005665
tau__0_0,0.4340683128039344,0.07314352069096612,0.0018173425513367276,0.2882603860174773,0.5740613097078852,1640.950752182229,1.0000035690114168,0.44
t0__0_0,0.0,0.0,0.0,0.0,0.0,,,
