,mean,sd,mc_error,hpd_2.5,hpd_97.5,n_eff,Rhat,MAP
b,1.0,0.0,0.0,1.0,1.0,,,
p_error,0.05000000447034836,3.725290298461914e-09,7.450580596923829e-10,0.05000000074505806,0.05000000074505806,1.0001503703406758,0.9999499987499374,
v__0_0,5.221140000076626e-05,4.259554560631823e-06,1.4156380192425803e-07,4.3590902692894007e-05,6.0368296504237485e-05,882.1675357709557,1.0009767859755843,5.1e-05
gamma__0_0,1.0,0.0,0.0,1.0,1.0,,,
s__0_0,0.00959037104905196,0.000725641450590363,2.0265372897400675e-05,0.008216845792147818,0.011041426541979132,1255.5497471780911,1.0011320867033082,0.00961
tau__0_0,1.1386037101155346,0.45794914342977955,0.01441361212600294,0.5007325491806703,1.959727558259906,1077.4389349722542,1.0009655557555563,0.91
t0__0_0,0.0,0.0,0.0,0.0,0.0,,,
