,mean,sd,mc_error,hpd_2.5,hpd_97.5,n_eff,Rhat,MAP
b,1.0,0.0,0.0,1.0,1.0,,,
p_error,0.05000000447034836,3.725290298461914e-09,7.450580596923829e-10,0.05000000074505806,0.05000000074505806,1.0001503703406758,0.9999499987499374,
v__0_0,2.1900550497939002e-05,2.0728915925888773e-06,6.465361284052761e-08,1.7891331987800998e-05,2.5958848886716313e-05,906.9650994230805,1.0022456304276557,2.2e-05
gamma__0_0,1.0,0.0,0.0,1.0,1.0,,,
s__0_0,0.006916018735470885,0.0004940186897791153,1.606511469633817e-05,0.0060221339825317684,0.007941640928655895,775.4937250014906,1.0033204334461292,0.006683
tau__0_0,0.22110695236708802,0.07121631445277087,0.0017456895334871689,0.09556122374298082,0.36040555092719573,1521.4345030566726,1.0009111046199337,0.22
t0__0_0,0.0,0.0,0.0,0.0,0.0,,,
