,mean,sd,mc_error,hpd_2.5,hpd_97.5,n_eff,Rhat,MAP
b,1.0,0.0,0.0,1.0,1.0,,,
p_error,0.05000000447034836,3.725290298461914e-09,7.450580596923829e-10,0.05000000074505806,0.05000000074505806,1.0001503703406758,0.9999499987499374,
v__0_0,8.667821241474972e-05,4.464962179563928e-06,1.6856419685121554e-07,7.8106647657409e-05,9.553844733368735e-05,632.3036334757802,1.0025070050049982,8.6e-05
gamma__0_0,1.0,0.0,0.0,1.0,1.0,,,
s__0_0,0.007042518763952641,0.0005791830326113876,1.926065525859758e-05,0.005950054188232582,0.00817621800945905,818.3646445692461,1.0013443865496225,0.006591
tau__0_0,0.22675375188567773,0.05433788745840455,0.0018460182800269158,0.1274884307100673,0.33132855194589117,812.6390732649639,1.0012063897988737,0.2
t0__0_0,0.0,0.0,0.0,0.0,0.0,,,
