,mean,sd,mc_error,hpd_2.5,hpd_97.5,n_eff,Rhat,MAP
b,1.0,0.0,0.0,1.0,1.0,,,
p_error,0.05000000819563866,7.450580596923828e-09,1.4901161193847657e-09,0.05000000074505806,0.05000000074505806,1.0007506866324938,0.9997499687421851,
v__0_0,7.446542772726605e-05,3.946228462035872e-06,9.164708169736448e-08,6.668936039155396e-05,8.219462920610236e-05,1717.8501653108663,0.9997789881789483,7.4e-05
gamma__0_0,1.0,0.0,0.0,1.0,1.0,,,
s__0_0,0.008369075134654801,0.0006104837093473579,1.157241185734945e-05,0.0071447383678220604,0.009566981855083206,2428.5741484605505,0.9997866818788872,0.008025
tau__0_0,0.5197947951567913,0.11459622716504411,0.002614515502851977,0.31932167363126984,0.7470943497003203,1872.0723097979999,0.9997723242552023,0.47
t0__0_0,0.0,0.0,0.0,0.0,0.0,,,
