,mean,sd,mc_error,hpd_2.5,hpd_97.5,n_eff,Rhat,MAP
b,1.0,0.0,0.0,1.0,1.0,,,
p_error,0.05000000447034836,3.725290298461914e-09,7.450580596923829e-10,0.05000000074505806,0.05000000074505806,1.0001503703406758,0.9999499987499374,
v__0_0,6.524698703334903e-05,4.39695137520865e-06,1.7016043682821132e-07,5.715885971151824e-05,7.391470139786382e-05,558.2829324122937,1.0002583817641932,6.5e-05
gamma__0_0,1.0,0.0,0.0,1.0,1.0,,,
s__0_0,0.008418975782528147,0.0006779192517036753,1.922477004903455e-05,0.007151217077848461,0.009790663096938258,1109.7110200462002,1.0008899385727352,0.008332
tau__0_0,0.7723207081347546,0.16559528402574702,0.005333311096302317,0.4896034368568496,1.122041028653435,788.4655157086645,1.0002327844633323,0.74
t0__0_0,0.0,0.0,0.0,0.0,0.0,,,
