,mean,sd,mc_error,hpd_2.5,hpd_97.5,n_eff,Rhat,MAP
b,1.0,0.0,0.0,1.0,1.0,,,
p_error,0.05000000819563866,7.450580596923828e-09,1.4901161193847657e-09,0.05000000074505806,0.05000000074505806,1.0007506866324938,0.9997499687421851,
v__0_0,4.549243627815038e-05,2.9206513873895494e-06,6.21475636252211e-08,3.982577847201776e-05,5.1380193889644445e-05,1737.4410065865752,0.9997518053728103,4.5e-05
gamma__0_0,1.0,0.0,0.0,1.0,1.0,,,
s__0_0,0.00760953737663886,0.0005195821249022543,1.0721487036602811e-05,0.006664739125317449,0.00872634316962535,2057.943243807112,0.9998319799113119,0.007641
tau__0_0,0.43985585042511455,0.09157627237024843,0.001948326259550467,0.28090591545598875,0.6237163383305468,1742.0503274465193,0.9998780821936578,0.4
t0__0_0,0.0,0.0,0.0,0.0,0.0,,,
