,mean,sd,mc_error,hpd_2.5,hpd_97.5,n_eff,Rhat,MAP
b,1.0,0.0,0.0,1.0,1.0,,,
p_error,0.05000000447034836,3.725290298461914e-09,7.450580596923829e-10,0.05000000074505806,0.05000000074505806,1.0001503703406758,0.9999499987499374,
v__0_0,0.000132326643040143,5.361976040922736e-06,1.9781310071122418e-07,0.00012185006689640761,0.00014263452406597558,675.7171682154273,0.9999552579639236,0.000133
gamma__0_0,1.0,0.0,0.0,1.0,1.0,,,
s__0_0,0.006626748386194654,0.0006243710737166823,2.2621335845804667e-05,0.005557364002154423,0.00789879096548056,757.3195815787069,1.000002122959169,0.006266
tau__0_0,0.2116337511924995,0.043334078176211065,0.0015441893774215325,0.13605708797854,0.2973399095504025,680.0942938324786,0.9999869298438776,0.22
t0__0_0,0.0,0.0,0.0,0.0,0.0,,,
