,mean,sd,mc_error,hpd_2.5,hpd_97.5,n_eff,Rhat,MAP
b,1.0,0.0,0.0,1.0,1.0,,,
p_error,0.05000000819563866,7.450580596923828e-09,1.4901161193847657e-09,0.05000000074505806,0.05000000074505806,1.0007506866324938,0.9997499687421851,
v__0_0,9.898984104113236e-05,5.136407910796276e-06,1.3197604712141048e-07,8.872769509371519e-05,0.00010910889980561653,1693.411537995413,0.9998089406437244,0.0001
gamma__0_0,1.0,0.0,0.0,1.0,1.0,,,
s__0_0,0.009316401621364514,0.000664702396500995,1.5598682943278615e-05,0.007959622908013834,0.010524746787275547,1870.9417462445488,0.9997768605925932,0.009211
tau__0_0,0.21007020045027122,0.040936568788051755,0.0010037514454705192,0.13512291493585288,0.2909232780841123,1831.4473970112506,0.9998238762281594,0.19
t0__0_0,0.0,0.0,0.0,0.0,0.0,,,
