,mean,sd,mc_error,hpd_2.5,hpd_97.5,n_eff,Rhat,MAP
b,1.0,0.0,0.0,1.0,1.0,,,
p_error,0.05000000447034836,3.725290298461914e-09,7.450580596923829e-10,0.05000000074505806,0.05000000074505806,1.0001503703406758,0.9999499987499374,
v__0_0,0.00011206164144568442,3.681650548401542e-06,1.7483834567978264e-07,0.00010404297333153897,0.00011853213840644842,374.33187931892786,1.0033877336710704,0.000112
gamma__0_0,1.0,0.0,0.0,1.0,1.0,,,
s__0_0,0.005309174836624566,0.00038525387227456487,1.456589786119175e-05,0.004657067676297867,0.0060662590778702685,599.943975574939,1.0030041590259224,0.005133
tau__0_0,0.19407956056982661,0.029811929627150006,0.0012567031141648877,0.14092474455820148,0.25103463009487686,529.3013089572463,1.00106688040234,0.19
t0__0_0,0.0,0.0,0.0,0.0,0.0,,,
