,mean,sd,mc_error,hpd_2.5,hpd_97.5,n_eff,Rhat,MAP
b,1.0,0.0,0.0,1.0,1.0,,,
p_error,0.05000000819563866,7.450580596923828e-09,1.4901161193847657e-09,0.05000000074505806,0.05000000074505806,1.0007506866324938,0.9997499687421851,
v__0_0,0.00010595444534090347,2.185104986825825e-06,4.765110987913428e-08,0.00010199788402295134,0.00011057122741641232,1944.9292504316652,1.0015414745471618,0.000106
gamma__0_0,1.0,0.0,0.0,1.0,1.0,,,
s__0_0,0.01190820142564176,0.0002390620215672544,5.15441007560185e-06,0.011464577557491862,0.012400220032152328,1853.5159915576226,1.000732761917565,0.011869
tau__0_0,0.13553994347691586,0.010216883466357539,0.00022683619371702347,0.11586207664534894,0.1555281844788003,1968.9333548248042,1.0001278932481095,0.13
t0__0_0,0.0,0.0,0.0,0.0,0.0,,,
