,mean,sd,mc_error,hpd_2.5,hpd_97.5,n_eff,Rhat,MAP
b,1.0,0.0,0.0,1.0,1.0,,,
p_error,0.05000000447034836,3.725290298461914e-09,7.450580596923829e-10,0.05000000074505806,0.05000000074505806,1.0001503703406758,0.9999499987499374,
v__0_0,2.0006610540896758e-05,1.9804393735134173e-06,7.071857957882998e-08,1.6061491580960976e-05,2.3870640007898065e-05,718.1414703927225,1.0000919513268534,2e-05
gamma__0_0,1.0,0.0,0.0,1.0,1.0,,,
s__0_0,0.006848223431797253,0.00044230718685969055,1.3310926501804523e-05,0.006059828002362769,0.007797378308527775,922.78590462336,1.0009981005985515,0.006947
tau__0_0,0.7858207742040703,0.3024558636772771,0.009454257355264563,0.3766737460237527,1.2909694878184435,899.0513849083325,0.9999625284353293,0.64
t0__0_0,0.0,0.0,0.0,0.0,0.0,,,
