,mean,sd,mc_error,hpd_2.5,hpd_97.5,n_eff,Rhat,MAP
b,1.0,0.0,0.0,1.0,1.0,,,
p_error,0.05000000447034836,3.725290298461914e-09,7.450580596923829e-10,0.05000000074505806,0.05000000074505806,1.0001503703406758,0.9999499987499374,
v__0_0,3.316260860036828e-05,1.936242629838156e-06,8.050341151959087e-08,2.9467158871102232e-05,3.6860666417024676e-05,561.8783596382307,1.0000647792379438,3.3e-05
gamma__0_0,1.0,0.0,0.0,1.0,1.0,,,
s__0_0,0.006496937656464391,0.0003891194633813665,1.604893695751612e-05,0.005731480591741907,0.0072341862030634065,564.2406501003809,0.9999649986660262,0.00645
tau__0_0,0.5046537321110249,0.10356288056597943,0.0034421763526217243,0.30573318151856993,0.7000434444174455,862.4685991154303,0.9999502873747802,0.48
t0__0_0,0.0,0.0,0.0,0.0,0.0,,,
