,mean,sd,mc_error,hpd_2.5,hpd_97.5,n_eff,Rhat,MAP
b,1.0,0.0,0.0,1.0,1.0,,,
p_error,0.05000000447034836,3.725290298461914e-09,7.450580596923829e-10,0.05000000074505806,0.05000000074505806,1.0001503703406758,0.9999499987499374,
v__0_0,3.359789389490851e-05,2.714848433793351e-06,8.509641263120643e-08,2.8090132719539986e-05,3.8674764436164945e-05,988.7557406871318,1.0008622621627519,3.3e-05
gamma__0_0,1.0,0.0,0.0,1.0,1.0,,,
s__0_0,0.008716907312655833,0.0004619903638142152,1.4409087832233864e-05,0.007808372374405537,0.009620345235297152,997.5875238837782,1.0001948419224627,0.008535
tau__0_0,0.13001015627569884,0.08881629481386648,0.0015164911926436714,2.104080108512919e-05,0.29560095116314034,3103.344626480857,0.9999532431108812,0.07
t0__0_0,0.0,0.0,0.0,0.0,0.0,,,
