,mean,sd,mc_error,hpd_2.5,hpd_97.5,n_eff,Rhat,MAP
b,1.0,0.0,0.0,1.0,1.0,,,
p_error,0.05000000447034836,3.725290298461914e-09,7.450580596923829e-10,0.05000000074505806,0.05000000074505806,1.0001503703406758,0.9999499987499374,
v__0_0,2.2133902749946966e-05,1.8491966309236848e-06,6.547152839751546e-08,1.8679418999758502e-05,2.5927558728807294e-05,693.9708104398852,1.000411956186273,2.2e-05
gamma__0_0,1.0,0.0,0.0,1.0,1.0,,,
s__0_0,0.00655759383713677,0.0003868526551201581,1.4971853478493465e-05,0.0058091420174028255,0.0072982715345027635,657.9677432501368,1.0000310325801436,0.006289
tau__0_0,0.13356013581101753,0.052952357987651494,0.0010086613268878559,0.029236692588771346,0.23491150302567215,2650.0439349763014,0.9999704057684132,0.12
t0__0_0,0.0,0.0,0.0,0.0,0.0,,,
