,mean,sd,mc_error,hpd_2.5,hpd_97.5,n_eff,Rhat,MAP
b,1.0,0.0,0.0,1.0,1.0,,,
p_error,0.05000000447034836,3.725290298461914e-09,7.450580596923829e-10,0.05000000074505806,0.05000000074505806,1.0001503703406758,0.9999499987499374,
v__0_0,0.0001069546523453613,6.08984240347443e-06,2.2983726647045351e-07,9.473770173813895e-05,0.00011876218016544696,703.3817286387433,1.0018980843842649,0.000108
gamma__0_0,1.0,0.0,0.0,1.0,1.0,,,
s__0_0,0.009244689281090946,0.0007713100073324657,2.3665372148582893e-05,0.007836362553158583,0.010818978263748743,1091.8969976599053,1.0010651037325617,0.009688
tau__0_0,0.23430739928147845,0.06007534420300919,0.001842317542692143,0.12572141821886376,0.35239853167094487,1032.4937562478115,1.000996044733128,0.21
t0__0_0,0.0,0.0,0.0,0.0,0.0,,,
