,mean,sd,mc_error,hpd_2.5,hpd_97.5,n_eff,Rhat,MAP
b,1.0,0.0,0.0,1.0,1.0,,,
p_error,0.05000000447034836,3.725290298461914e-09,7.450580596923829e-10,0.05000000074505806,0.05000000074505806,1.0001503703406758,0.9999499987499374,
v__0_0,3.0345955792797306e-05,3.360050324432568e-06,1.1013642217753262e-07,2.3923634293166772e-05,3.675649464867615e-05,824.9117379775165,1.000389035676642,3e-05
gamma__0_0,1.0,0.0,0.0,1.0,1.0,,,
s__0_0,0.009274589374321204,0.000682817623915473,1.7669386108561356e-05,0.008009818939263454,0.010667450004548659,1325.6404147870849,0.9999847883357574,0.009147
tau__0_0,1.360503942941362,0.9144848743144528,0.0306359053469556,0.3600932700124325,3.5557849446221113,799.6287948117922,1.0006674148029227,0.93
t0__0_0,0.0,0.0,0.0,0.0,0.0,,,
