,mean,sd,mc_error,hpd_2.5,hpd_97.5,n_eff,Rhat,MAP
b,1.0,0.0,0.0,1.0,1.0,,,
p_error,0.05000000447034836,3.725290298461914e-09,7.450580596923829e-10,0.05000000074505806,0.05000000074505806,1.0001503703406758,0.9999499987499374,
v__0_0,3.193750218801756e-05,1.6449384738102042e-06,6.014047136872815e-08,2.90449336955561e-05,3.547332023981556e-05,647.4895349595955,1.0009008316274917,3.2e-05
gamma__0_0,1.0,0.0,0.0,1.0,1.0,,,
s__0_0,0.005308335637236749,0.0003470481493383298,1.1002418292785494e-05,0.004649482123641486,0.005987251961418485,798.0058137648741,1.0009121670078769,0.005489
tau__0_0,1.4715136862714533,0.2920822657464552,0.00891104997083656,0.9425236905082347,2.0582411567250096,900.0238277011055,1.0034163946330203,1.37
t0__0_0,0.0,0.0,0.0,0.0,0.0,,,
