,mean,sd,mc_error,hpd_2.5,hpd_97.5,n_eff,Rhat,MAP
b,1.0,0.0,0.0,1.0,1.0,,,
p_error,0.05000000447034836,3.725290298461914e-09,7.450580596923829e-10,0.05000000074505806,0.05000000074505806,1.0001503703406758,0.9999499987499374,
v__0_0,9.305971221243301e-05,5.635125127788115e-06,3.0398942558400067e-07,8.225290870483616e-05,0.00010339819783087802,294.1323394061598,1.00577621148014,9e-05
gamma__0_0,1.0,0.0,0.0,1.0,1.0,,,
s__0_0,0.006840577440479674,0.0007309039412003145,3.6293484033202326e-05,0.005335897369148917,0.008171190312765027,355.74665743869156,1.0049344300095862,0.007252
tau__0_0,0.22948062158706278,0.046456544089357926,0.0019247236894497372,0.14726479509428408,0.32360982418385525,461.3098055412991,1.0055473789962783,0.22
t0__0_0,0.0,0.0,0.0,0.0,0.0,,,
