,mean,sd,mc_error,hpd_2.5,hpd_97.5,n_eff,Rhat,MAP
b,1.0,0.0,0.0,1.0,1.0,,,
p_error,0.05000000447034836,3.725290298461914e-09,7.450580596923829e-10,0.05000000074505806,0.05000000074505806,1.0001503703406758,0.9999499987499374,
v__0_0,0.0001442483985129576,7.373738130858973e-06,2.502357474378095e-07,0.00012951868025921402,0.0001577363289824067,868.5085748154959,1.0005847444546208,0.000142
gamma__0_0,1.0,0.0,0.0,1.0,1.0,,,
s__0_0,0.0097562674708165,0.0008129463591012296,2.2781070368956312e-05,0.008218992994177955,0.011359491531100222,1255.172356666337,1.0003877695219139,0.009626
tau__0_0,0.22222799043489605,0.05706592326435609,0.0015353338905570346,0.11815635954826141,0.3352605969993896,1519.8556735189932,1.0001749401032352,0.21
t0__0_0,0.0,0.0,0.0,0.0,0.0,,,
