,mean,sd,mc_error,hpd_2.5,hpd_97.5,n_eff,Rhat,MAP
b,1.0,0.0,0.0,1.0,1.0,,,
p_error,0.05000000447034836,3.725290298461914e-09,7.450580596923829e-10,0.05000000074505806,0.05000000074505806,1.0001503703406758,0.9999499987499374,
v__0_0,4.528055038411515e-05,2.8957589952295577e-06,9.446111923153236e-08,3.987216085286862e-05,5.1282658171686485e-05,986.0422233673013,1.0001459889733797,4.5e-05
gamma__0_0,1.0,0.0,0.0,1.0,1.0,,,
s__0_0,0.007616458973265853,0.0004961042597964163,1.4926176722414284e-05,0.006674085208822742,0.008557198584725763,1247.7626226253838,1.0002540569856981,0.00742
tau__0_0,0.4447503391399123,0.09028320700018809,0.0027680642849819198,0.2897097116851604,0.6359434658044558,1055.011117361083,1.0000165706356603,0.41
t0__0_0,0.0,0.0,0.0,0.0,0.0,,,
