,mean,sd,mc_error,hpd_2.5,hpd_97.5,n_eff,Rhat,MAP
b,1.0,0.0,0.0,1.0,1.0,,,
p_error,0.05000000819563866,7.450580596923828e-09,1.4901161193847657e-09,0.05000000074505806,0.05000000074505806,1.0007506866324938,0.9997499687421851,
v__0_0,6.706289933591217e-05,5.214204079949044e-06,1.2787865958383266e-07,5.699975173467263e-05,7.729500200903024e-05,1697.5075114070478,0.999987507350358,6.7e-05
gamma__0_0,1.0,0.0,0.0,1.0,1.0,,,
s__0_0,0.010240096999590215,0.0007192729322502955,1.7729452978370223e-05,0.008826708888533869,0.011624476630606973,1742.3122383904517,0.9999886426428967,0.009201
tau__0_0,0.23864534063891996,0.05723728967549196,0.0014988027994889883,0.14042777456159217,0.3536893093843527,1597.3558370242372,1.0000103423411204,0.22
t0__0_0,0.0,0.0,0.0,0.0,0.0,,,
