,mean,sd,mc_error,hpd_2.5,hpd_97.5,n_eff,Rhat,MAP
b,1.0,0.0,0.0,1.0,1.0,,,
p_error,0.05000000447034836,3.725290298461914e-09,7.450580596923829e-10,0.05000000074505806,0.05000000074505806,1.0001503703406758,0.9999499987499374,
v__0_0,1.8913721320763868e-05,1.3949328503240375e-06,5.601258606850874e-08,1.6276200625304518e-05,2.1817127807078673e-05,537.7864123290279,1.0014943074492932,1.9e-05
gamma__0_0,1.0,0.0,0.0,1.0,1.0,,,
s__0_0,0.006124535848370086,0.0003331396663880942,1.1826747924688477e-05,0.005496231598471994,0.006838603849854018,684.9544056355438,1.0002936963486249,0.006253
tau__0_0,0.9114233767442427,0.2853997941527024,0.009429428885661095,0.47573210605910693,1.4403550645832395,755.7885023618072,1.0003444099618233,0.88
t0__0_0,0.0,0.0,0.0,0.0,0.0,,,
