,mean,sd,mc_error,hpd_2.5,hpd_97.5,n_eff,Rhat,MAP
b,1.0,0.0,0.0,1.0,1.0,,,
p_error,0.05000000447034836,3.725290298461914e-09,7.450580596923829e-10,0.05000000074505806,0.05000000074505806,1.0001503703406758,0.9999499987499374,
v__0_0,0.00010323167245439566,5.2227842057751524e-06,2.720329488526108e-07,9.319542895411195e-05,0.0001128243727408255,306.5430607758731,1.0006277518653341,0.000101
gamma__0_0,1.0,0.0,0.0,1.0,1.0,,,
s__0_0,0.0069152013908536075,0.000673863993777533,2.782110967397651e-05,0.005569366580068245,0.008169153837983067,543.3534630059131,1.0005100608693258,0.00636
tau__0_0,0.17565713511362646,0.039819758002467676,0.001682870937610786,0.10229730111354526,0.2555429316211353,453.05983508413215,1.0008770548341017,0.17
t0__0_0,0.0,0.0,0.0,0.0,0.0,,,
