,mean,sd,mc_error,hpd_2.5,hpd_97.5,n_eff,Rhat,MAP
b,1.0,0.0,0.0,1.0,1.0,,,
p_error,0.05000000447034836,3.725290298461914e-09,7.450580596923829e-10,0.05000000074505806,0.05000000074505806,1.0001503703406758,0.9999499987499374,
v__0_0,9.326584267213928e-05,6.385555219592358e-06,2.47328548040309e-07,8.160516295546755e-05,0.0001065993651255429,594.6270166840543,1.0013757933148013,9.1e-05
gamma__0_0,1.0,0.0,0.0,1.0,1.0,,,
s__0_0,0.007911861972974528,0.0008377250110759348,2.0952144822456086e-05,0.006300638831386606,0.009593034244179469,1431.4543106760614,1.0003690035742487,0.008066
tau__0_0,0.4022255801184273,0.10534162430270247,0.0036369948232511085,0.21559377384288975,0.6154324928147137,712.5319380923298,1.0000197657751648,0.42
t0__0_0,0.0,0.0,0.0,0.0,0.0,,,
