,mean,sd,mc_error,hpd_2.5,hpd_97.5,n_eff,Rhat,MAP
b,1.0,0.0,0.0,1.0,1.0,,,
p_error,0.05000000819563866,7.450580596923828e-09,1.4901161193847657e-09,0.05000000074505806,0.05000000074505806,1.0007506866324938,0.9997499687421851,
v__0_0,5.307725998898344e-05,3.325296991655031e-06,7.852566385153726e-08,4.653674675294659e-05,5.934085223233358e-05,1820.4941134253893,0.9998451757052206,5.3e-05
gamma__0_0,1.0,0.0,0.0,1.0,1.0,,,
s__0_0,0.007552676910003568,0.0005374781912241556,1.3254119577157286e-05,0.006463679642455943,0.008546645336073761,1720.1871021639895,0.9997500969640986,0.007719
tau__0_0,0.19062799424470228,0.037586538525389686,0.0008640748724302979,0.12334124322634234,0.2686821792039502,1983.555846410948,0.9998708501567057,0.18
t0__0_0,0.0,0.0,0.0,0.0,0.0,,,
