,mean,sd,mc_error,hpd_2.5,hpd_97.5,n_eff,Rhat,MAP
b,1.0,0.0,0.0,1.0,1.0,,,
p_error,0.05000000447034836,3.725290298461914e-09,7.450580596923829e-10,0.05000000074505806,0.05000000074505806,1.0001503703406758,0.9999499987499374,
v__0_0,5.03746587555011e-05,4.083760146067663e-06,1.0893272775296815e-07,4.2001571778953245e-05,5.774934750634282e-05,1136.5465769469617,0.9999534800297011,5e-05
gamma__0_0,1.0,0.0,0.0,1.0,1.0,,,
s__0_0,0.010225789419018094,0.0007499041814040466,1.643172142426136e-05,0.00885446631567988,0.011724764380104813,1895.169158246882,0.9999876039421776,0.010409
tau__0_0,1.0159302451694665,0.3172201435157307,0.007997893755216352,0.5190098975698862,1.5836471184026026,1703.2155858914489,0.9999702059296605,0.89
t0__0_0,0.0,0.0,0.0,0.0,0.0,,,
