,mean,sd,mc_error,hpd_2.5,hpd_97.5,n_eff,Rhat,MAP
b,1.0,0.0,0.0,1.0,1.0,,,
p_error,0.05000000447034836,3.725290298461914e-09,7.450580596923829e-10,0.05000000074505806,0.05000000074505806,1.0001503703406758,0.9999499987499374,
v__0_0,2.5618984364114073e-05,1.4268756218159257e-06,5.509733084014868e-08,2.2645482037058304e-05,2.81644765882108e-05,608.4959640451572,1.0013893307618578,2.6e-05
gamma__0_0,1.0,0.0,0.0,1.0,1.0,,,
s__0_0,0.005606728785739577,0.0003337500390426625,1.1702024903779303e-05,0.004913383497169474,0.006197104715368431,704.443250423918,1.0065434371237088,0.005471
tau__0_0,1.1677915548520632,0.23032333045513811,0.006428791291922758,0.7495372108943671,1.6290224182908475,1063.402415019247,1.0051514945172266,1.04
t0__0_0,0.0,0.0,0.0,0.0,0.0,,,
