,mean,sd,mc_error,hpd_2.5,hpd_97.5,n_eff,Rhat,MAP
b,1.0,0.0,0.0,1.0,1.0,,,
p_error,0.05000000447034836,3.725290298461914e-09,7.450580596923829e-10,0.05000000074505806,0.05000000074505806,1.0001503703406758,0.9999499987499374,
v__0_0,1.8426382150842725e-05,9.82394571764951e-07,3.633669103554254e-08,1.639469749212272e-05,2.018885195117241e-05,576.8449419910144,1.0159618395452177,1.9e-05
gamma__0_0,1.0,0.0,0.0,1.0,1.0,,,
s__0_0,0.00451876398731395,0.000291324637785783,9.262629435922217e-06,0.00399370019128182,0.0051145593260873414,752.0293536065759,1.0177748003626625,0.004529
tau__0_0,0.2840732861764528,0.0696271873665018,0.0017542691811352838,0.14786969850760098,0.41841980994807115,1722.292867205044,1.0053419424068364,0.26
t0__0_0,0.0,0.0,0.0,0.0,0.0,,,
