,mean,sd,mc_error,hpd_2.5,hpd_97.5,n_eff,Rhat,MAP
b,1.0,0.0,0.0,1.0,1.0,,,
p_error,0.05000000447034836,3.725290298461914e-09,7.450580596923829e-10,0.05000000074505806,0.05000000074505806,1.0001503703406758,0.9999499987499374,
v__0_0,2.1437154788667952e-05,1.7499284419783966e-06,5.784908870661108e-08,1.796951174736315e-05,2.4634871242600337e-05,755.0842185067501,1.0024396711053796,2.1e-05
gamma__0_0,1.0,0.0,0.0,1.0,1.0,,,
s__0_0,0.007330489553591235,0.0003781483532040341,1.0735106272759711e-05,0.006621428752704234,0.008073483504348828,1106.4100551471277,1.0018705195124933,0.007221
tau__0_0,2.7975471415848947,1.0920591549009357,0.03301822354167568,1.306281014533612,4.9448318726963425,915.6961202586191,1.0023638248656224,2.07
t0__0_0,0.0,0.0,0.0,0.0,0.0,,,
