,mean,sd,mc_error,hpd_2.5,hpd_97.5,n_eff,Rhat,MAP
b,1.0,0.0,0.0,1.0,1.0,,,
p_error,0.05000000819563866,7.450580596923828e-09,1.4901161193847657e-09,0.05000000074505806,0.05000000074505806,1.0007506866324938,0.9997499687421851,
v__0_0,2.8064515249362695e-05,1.3465754559098457e-06,2.7516814968718565e-08,2.5486054500843505e-05,3.0799788541002576e-05,2056.542946824058,1.0005693769725896,2.8e-05
gamma__0_0,1.0,0.0,0.0,1.0,1.0,,,
s__0_0,0.005967679961299931,0.0003316133760375477,6.207867581778906e-06,0.005358726308918884,0.006666116925161999,2794.9752966894503,0.9998543984609931,0.005872
tau__0_0,0.8043601432531953,0.17371529318775816,0.003993421036630137,0.5236958428517227,1.135487778816483,1898.2225482646102,1.000388579839579,0.76
t0__0_0,0.0,0.0,0.0,0.0,0.0,,,
