,mean,sd,mc_error,hpd_2.5,hpd_97.5,n_eff,Rhat,MAP
b,1.0,0.0,0.0,1.0,1.0,,,
p_error,0.05000000447034836,3.725290298461914e-09,7.450580596923829e-10,0.05000000074505806,0.05000000074505806,1.0001503703406758,0.9999499987499374,
v__0_0,2.926404830729019e-05,1.4591364131308367e-06,4.9440681719027634e-08,2.64280967203707e-05,3.1999496115358555e-05,756.3309637809684,1.00062434501356,3e-05
gamma__0_0,1.0,0.0,0.0,1.0,1.0,,,
s__0_0,0.005287511000904914,0.0003259562422478638,1.2180085910556525e-05,0.004663410319980035,0.005924217484651831,697.2456412641602,1.0034081827315435,0.005126
tau__0_0,0.6551074489308265,0.11571879468771154,0.0030441904558818115,0.4421077275076923,0.8818989167650271,1358.2093937899303,1.0000463025362687,0.65
t0__0_0,0.0,0.0,0.0,0.0,0.0,,,
