,mean,sd,mc_error,hpd_2.5,hpd_97.5,n_eff,Rhat,MAP
b,1.0,0.0,0.0,1.0,1.0,,,
p_error,0.05000000819563866,7.450580596923828e-09,1.4901161193847657e-09,0.05000000074505806,0.05000000074505806,1.0007506866324938,0.9997499687421851,
v__0_0,4.828423987979718e-05,4.070224480885193e-06,8.817483933662368e-08,4.076018738097777e-05,5.628804994604659e-05,1915.8036753155332,0.9999669541077519,4.8e-05
gamma__0_0,1.0,0.0,0.0,1.0,1.0,,,
s__0_0,0.009565143391276912,0.0007074549540995317,1.2700488986557582e-05,0.008236555948177512,0.01102658068153784,2453.6490156484974,1.0000064871959349,0.009375
tau__0_0,0.7145758148643929,0.1883518241201211,0.003951369142262479,0.37679033986313787,1.0752520029872068,2001.694551651848,1.0000376072295571,0.68
t0__0_0,0.0,0.0,0.0,0.0,0.0,,,
