,mean,sd,mc_error,hpd_2.5,hpd_97.5,n_eff,Rhat,MAP
b,1.0,0.0,0.0,1.0,1.0,,,
p_error,0.05000000819563866,7.450580596923828e-09,1.4901161193847657e-09,0.05000000074505806,0.05000000074505806,1.0007506866324938,0.9997499687421851,
v__0_0,5.6260388983380554e-05,3.6519780767947566e-06,8.616862960764991e-08,4.944155991596021e-05,6.351873701217244e-05,1916.4241496118043,1.0026315219870459,5.6e-05
gamma__0_0,1.0,0.0,0.0,1.0,1.0,,,
s__0_0,0.006360893741068864,0.0005085317711110548,9.125698834468065e-06,0.00541861620949471,0.00742227742079677,2431.7427692176766,0.9998155225322568,0.006591
tau__0_0,0.5742728007934882,0.16031113929519192,0.003793890713571874,0.30619481088251715,0.9020565729560923,1898.0709430392874,1.0030193693360714,0.55
t0__0_0,0.0,0.0,0.0,0.0,0.0,,,
