,mean,sd,mc_error,hpd_2.5,hpd_97.5,n_eff,Rhat,MAP
b,1.0,0.0,0.0,1.0,1.0,,,
p_error,0.05000000447034836,3.725290298461914e-09,7.450580596923829e-10,0.05000000074505806,0.05000000074505806,1.0001503703406758,0.9999499987499374,
v__0_0,2.1001273957735083e-05,1.595782461292375e-06,5.594878355830271e-08,1.7852024253849127e-05,2.4130497293327588e-05,765.4946399868905,1.0001721833504187,2.1e-05
gamma__0_0,1.0,0.0,0.0,1.0,1.0,,,
s__0_0,0.0062478633394363525,0.0003794358796614753,1.2691424959028144e-05,0.0055267789046845196,0.0070118801040852784,948.9600325314194,0.999961599955418,0.006216
tau__0_0,0.39773956613994116,0.11371914072980942,0.0031276448124974016,0.20101784267007722,0.6186395550805847,1405.071133090489,0.9999746155492386,0.34
t0__0_0,0.0,0.0,0.0,0.0,0.0,,,
