,mean,sd,mc_error,hpd_2.5,hpd_97.5,n_eff,Rhat,MAP
b,1.0,0.0,0.0,1.0,1.0,,,
p_error,0.05000000819563866,7.450580596923828e-09,1.4901161193847657e-09,0.05000000074505806,0.05000000074505806,1.0007506866324938,0.9997499687421851,
v__0_0,0.00010762521420944562,2.1513842801075478e-06,5.85932941576346e-08,0.00010344352323265313,0.00011171611623590234,1460.5252448806948,0.9998269773558726,0.000108
gamma__0_0,1.0,0.0,0.0,1.0,1.0,,,
s__0_0,0.011147758741062217,0.00023615005171391093,6.009497400423501e-06,0.010667606107900235,0.011582426475685012,1598.6165713046457,1.0003514916972616,0.011162
tau__0_0,0.21218571257184154,0.014175554710978422,0.000369117161231532,0.18500513895281157,0.24032411649603724,1637.2111122595988,0.9997836140557705,0.21
t0__0_0,0.0,0.0,0.0,0.0,0.0,,,
