,mean,sd,mc_error,hpd_2.5,hpd_97.5,n_eff,Rhat,MAP
b,1.0,0.0,0.0,1.0,1.0,,,
p_error,0.05000000819563866,7.450580596923828e-09,1.4901161193847657e-09,0.05000000074505806,0.05000000074505806,1.0007506866324938,0.9997499687421851,
v__0_0,0.00010625862734531328,8.568860910036753e-06,1.7208275169604751e-07,8.848534808009157e-05,0.00012215548270301367,2068.6396030403816,0.9998599830520105,0.000108
gamma__0_0,0.9022206881934852,0.08825611040689745,0.0013194173450647882,0.727807710432181,0.9999774702307249,3654.6866866211026,0.9997518476588112,0.99
s__0_0,0.009226126175225112,0.001153219360510672,2.430726664710012e-05,0.0070266694961624325,0.011443452626020357,1945.1557855268563,0.9998713044968638,0.008664
tau__0_0,0.2693216688877145,0.13111767401552982,0.003412376852329417,0.08138994312504877,0.4900964487596752,1350.5854335827987,1.000091363048988,0.21
t0__0_0,0.0,0.0,0.0,0.0,0.0,,,
