,mean,sd,mc_error,hpd_2.5,hpd_97.5,n_eff,Rhat,MAP
b,1.0,0.0,0.0,1.0,1.0,,,
p_error,0.05000000819563866,7.450580596923828e-09,1.4901161193847657e-09,0.05000000074505806,0.05000000074505806,1.0007506866324938,0.9997499687421851,
v__0_0,5.411989482250454e-05,4.378375207140546e-06,7.937475678643247e-08,4.5451286700805744e-05,6.25416445950023e-05,2105.2778356831313,0.9998149357829926,5.6e-05
gamma__0_0,0.32732155228430976,0.17519088155812967,0.0033163427251147208,0.0013637744717289735,0.6817390208806522,2381.877971977612,1.000043017008875,0.37
s__0_0,0.006679155435922072,0.0007850759443882377,1.5588623561596327e-05,0.005194409901907775,0.008218175102151955,2152.6436230123777,0.9997683898047611,0.006366
tau__0_0,0.269733280631263,0.0795272127532602,0.0016037010923321028,0.13220625187277432,0.4271268668553142,1907.1551130014434,0.9999390708929717,0.22
t0__0_0,0.0,0.0,0.0,0.0,0.0,,,
