,mean,sd,mc_error,hpd_2.5,hpd_97.5,n_eff,Rhat,MAP
b,1.0,0.0,0.0,1.0,1.0,,,
p_error,0.05000000819563866,7.450580596923828e-09,1.4901161193847657e-09,0.05000000074505806,0.05000000074505806,1.0007506866324938,0.9997499687421851,
v__0_0,7.048842625446801e-05,2.2185554703024546e-06,4.653354493282035e-08,6.618385610498118e-05,7.461910136195186e-05,2005.6260589723277,0.9997518786449616,7e-05
gamma__0_0,0.816777530838248,0.050524853776033996,0.0008826220854382446,0.7235807145455979,0.9254219235654197,3139.3726846620825,0.999759664728859,0.82
s__0_0,0.011078116074414094,0.0003023318885203103,6.26860086472551e-06,0.01052104143186677,0.01171642156775002,2260.4198662935823,0.9998512054081576,0.010893
tau__0_0,0.3889042909032871,0.04316345158652243,0.0008841648505800409,0.3106599950304173,0.47633892054900917,2256.79464518353,0.999820942686181,0.38
t0__0_0,0.0,0.0,0.0,0.0,0.0,,,
