,mean,sd,mc_error,hpd_2.5,hpd_97.5,n_eff,Rhat,MAP
b,1.0,0.0,0.0,1.0,1.0,,,
p_error,0.05000000447034836,3.725290298461914e-09,7.450580596923829e-10,0.05000000074505806,0.05000000074505806,1.0001503703406758,0.9999499987499374,
v__0_0,9.343707095550046e-05,6.2274106079913995e-06,2.931480963185842e-07,8.154902473701384e-05,0.00010498730464224881,387.67217023988354,1.0009010969052239,9.1e-05
gamma__0_0,0.32091516466028674,0.1801525750104102,0.0038182914988336564,-0.04084326500608171,0.6664240740421121,2750.903484715901,0.9999939279962254,0.39
s__0_0,0.0059729201822792954,0.0007729464045989311,2.9438180378607062e-05,0.004618999331354636,0.007497500087567312,565.0540266014946,1.0004871759673761,0.0061
tau__0_0,0.23420719435858,0.06726110191816483,0.002713003786413476,0.11565427987878524,0.361666695093397,535.8935971945905,1.0007353962408592,0.19
t0__0_0,0.0,0.0,0.0,0.0,0.0,,,
