,mean,sd,mc_error,hpd_2.5,hpd_97.5,n_eff,Rhat,MAP
b,1.0,0.0,0.0,1.0,1.0,,,
p_error,0.05000000819563866,7.450580596923828e-09,1.4901161193847657e-09,0.05000000074505806,0.05000000074505806,1.0007506866324938,0.9997499687421851,
v__0_0,5.337662206001616e-05,5.723784483384359e-06,1.5464065269029916e-07,4.207470285042051e-05,6.458487701769863e-05,1127.3125406011272,1.0019775880723125,5.1e-05
gamma__0_0,0.9130262901145261,0.05315750031747508,0.0010681146443353288,0.8179402632754069,0.9998927078379136,2474.028848704848,0.9997505502505856,0.94
s__0_0,0.007101071981193181,0.0008506206711618813,1.950351378567305e-05,0.005458730516257965,0.008714230749422056,1520.8128078377322,1.0003929595992722,0.006494
tau__0_0,0.8993615009217067,0.5566996512663004,0.01635544006525545,0.18957710906847156,1.8504756496546158,948.7581600456177,1.0054955030088848,0.6
t0__0_0,0.0,0.0,0.0,0.0,0.0,,,
