,mean,sd,mc_error,hpd_2.5,hpd_97.5,n_eff,Rhat,MAP
b,1.0,0.0,0.0,1.0,1.0,,,
p_error,0.05000000819563866,7.450580596923828e-09,1.4901161193847657e-09,0.05000000074505806,0.05000000074505806,1.0007506866324938,0.9997499687421851,
v__0_0,3.5387365224632904e-05,7.153543474897054e-06,1.4737212188212054e-07,2.148597449221001e-05,4.9396685841121484e-05,1715.1012015975716,1.0004108473481084,3.4e-05
gamma__0_0,-0.6023549036576331,2.0288364907398275,0.05035396603687644,-5.3838372630928335,0.9999085890449901,1414.0402142940552,0.9997873313324322,0.58
s__0_0,0.013092438546026085,0.0012963643066903664,3.4084061569424764e-05,0.01074834205261449,0.01574722777124523,1371.1507611617592,1.0010020262522685,0.013451
tau__0_0,0.39448494269135836,0.551063747153055,0.013901431029983344,9.649135382786301e-05,1.118589496427055,1266.5077931394153,1.0000657581001173,0.01
t0__0_0,0.0,0.0,0.0,0.0,0.0,,,
