,mean,sd,mc_error,hpd_2.5,hpd_97.5,n_eff,Rhat,MAP
b,1.0,0.0,0.0,1.0,1.0,,,
p_error,0.05000000819563866,7.450580596923828e-09,1.4901161193847657e-09,0.05000000074505806,0.05000000074505806,1.0007506866324938,0.9997499687421851,
v__0_0,9.226467112865139e-05,1.0752576862924067e-05,2.958974356830837e-07,7.289074510114386e-05,0.00011469132839045021,1287.566973925231,1.0019388032829393,9.4e-05
gamma__0_0,0.7612048325345299,0.1189641086113974,0.0023483355829008777,0.5464432746518888,0.993435493898458,2249.6589714885476,1.0001102022657682,0.82
s__0_0,0.009911068913284712,0.0012905200324308584,3.296361026088047e-05,0.00759078100828358,0.012560366244868565,1393.0053560661,1.001169804790941,0.009022
tau__0_0,0.5210614708857271,0.3331927848633239,0.011085806105688734,0.15431889928844292,1.0008585618649977,842.6112510795501,1.0044040865675192,0.4
t0__0_0,0.0,0.0,0.0,0.0,0.0,,,
