,mean,sd,mc_error,hpd_2.5,hpd_97.5,n_eff,Rhat,MAP
b,1.0,0.0,0.0,1.0,1.0,,,
p_error,0.05000000819563866,7.450580596923828e-09,1.4901161193847657e-09,0.05000000074505806,0.05000000074505806,1.0007506866324938,0.9997499687421851,
v__0_0,7.196888863854994e-05,1.1050330359310074e-05,3.552770882424071e-07,5.2698094231818904e-05,9.590676705335844e-05,883.6749133870616,1.0047925550836607,7.1e-05
gamma__0_0,-1.610518852704153,1.0849896109249246,0.03810076882805307,-3.4880921767231223,0.10313133484599035,710.0388915109476,1.0077494523669979,-1.46
s__0_0,0.008522411662962862,0.0010613467624327616,2.3922644096249164e-05,0.006416778404065683,0.01063254383336625,1729.8928571016277,1.0018272781853845,0.008341
tau__0_0,0.43345077817395883,0.22615706256864063,0.007633390627439842,0.07167475901786552,0.8179862529938525,830.8619300742816,1.0047523779080212,0.37
t0__0_0,0.0,0.0,0.0,0.0,0.0,,,
