,mean,sd,mc_error,hpd_2.5,hpd_97.5,n_eff,Rhat,MAP
b,1.0,0.0,0.0,1.0,1.0,,,
p_error,0.05000000819563866,7.450580596923828e-09,1.4901161193847657e-09,0.05000000074505806,0.05000000074505806,1.0007506866324938,0.9997499687421851,
v__0_0,4.095203292383476e-05,2.953798612054982e-06,8.242222867091263e-08,3.517417848532248e-05,4.66274278884415e-05,1304.0424718460397,0.9999024594469796,4.1e-05
gamma__0_0,0.09563670844580859,0.14155792540767698,0.004891363207482175,-0.13856741415258966,0.38828003569813596,1062.6987994687959,1.0011634243239933,0.05
s__0_0,0.007187785129134991,0.0007208551378894713,1.4327220767963887e-05,0.005840118552620901,0.008655496075923511,2361.6013964668687,1.000469507487123,0.007369
tau__0_0,2.3026563787440817,1.1426056522757941,0.039002047623210565,0.5974756690220495,4.482769619851378,935.016608416919,0.9998024411726532,1.25
t0__0_0,0.0,0.0,0.0,0.0,0.0,,,
