,mean,sd,mc_error,hpd_2.5,hpd_97.5,n_eff,Rhat,MAP
b,1.0,0.0,0.0,1.0,1.0,,,
p_error,0.05000000819563866,7.450580596923828e-09,1.4901161193847657e-09,0.05000000074505806,0.05000000074505806,1.0007506866324938,0.9997499687421851,
v__0_0,0.00010678061728157788,7.592817576639684e-06,1.7531136341194759e-07,9.210475320718352e-05,0.00012173733335289623,1635.6209210461684,0.9999146046971421,0.000106
gamma__0_0,0.6729902082267248,0.22904233180136846,0.0043865535070346205,0.26401384831805075,0.9994238054815927,2891.442704846777,0.9997569456281448,0.87
s__0_0,0.00823661644116496,0.0009378902190278136,2.0419984789189024e-05,0.0064150616954414775,0.010083630352690729,1782.7585151975616,1.0005966928729477,0.008212
tau__0_0,0.16346674659987348,0.058603588956402504,0.001289368718392867,0.06549479674737058,0.2876733940791554,1913.9179798706004,0.9997881341227955,0.14
t0__0_0,0.0,0.0,0.0,0.0,0.0,,,
