,mean,sd,mc_error,hpd_2.5,hpd_97.5,n_eff,Rhat,MAP
b,1.0,0.0,0.0,1.0,1.0,,,
p_error,0.05000000819563866,7.450580596923828e-09,1.4901161193847657e-09,0.05000000074505806,0.05000000074505806,1.0007506866324938,0.9997499687421851,
v__0_0,6.172704810411172e-05,4.5277244881057095e-06,1.0474742467346013e-07,5.2927040381049494e-05,7.053676581923956e-05,1988.9602344484683,0.9997665805990172,6.1e-05
gamma__0_0,0.5714735929597353,0.13824008512433145,0.0026336588233103466,0.3033027914938131,0.8474755393579496,2449.0017974932166,0.9998166903697011,0.57
s__0_0,0.007171700387400242,0.0007528861070719599,1.7628597979529542e-05,0.005721127925775797,0.00863069931310234,1877.5044026677494,0.9997560799023542,0.007183
tau__0_0,0.5827336680876843,0.15823639692234628,0.0037457194235198193,0.29061964821865316,0.8860997679954923,1662.4600625125713,0.9997640788356567,0.5
t0__0_0,0.0,0.0,0.0,0.0,0.0,,,
