,mean,sd,mc_error,hpd_2.5,hpd_97.5,n_eff,Rhat,MAP
b,1.0,0.0,0.0,1.0,1.0,,,
p_error,0.05000000819563866,7.450580596923828e-09,1.4901161193847657e-09,0.05000000074505806,0.05000000074505806,1.0007506866324938,0.9997499687421851,
v__0_0,0.000134325902861878,3.496765625024256e-06,7.748996266066297e-08,0.0001275169030921607,0.00014081838838957492,2278.457000784072,0.9997641141197878,0.000134
gamma__0_0,0.38323085559078585,0.06673322944473596,0.0012346074318290725,0.2371412415736156,0.5005988427989205,3416.255006945077,0.9997893640520762,0.37
s__0_0,0.010953884978974667,0.000369343696971343,7.20152705030409e-06,0.01024135542719813,0.01166606956659668,2882.3951636523434,0.9997506539250325,0.010923
tau__0_0,0.14936316428769347,0.015859384576986497,0.0003504998791745707,0.12059054509655531,0.18126564982379206,2254.444471626666,0.999843624373758,0.15
t0__0_0,0.0,0.0,0.0,0.0,0.0,,,
