,mean,sd,mc_error,hpd_2.5,hpd_97.5,n_eff,Rhat,MAP
b,1.0,0.0,0.0,1.0,1.0,,,
p_error,0.05000000819563866,7.450580596923828e-09,1.4901161193847657e-09,0.05000000074505806,0.05000000074505806,1.0007506866324938,0.9997499687421851,
v__0_0,0.0001203370187981309,4.001945987510799e-06,9.541621405250226e-08,0.00011240430759950143,0.00012778639035794065,2268.283827402428,0.9999714768269683,0.000121
gamma__0_0,0.461418938348625,0.06500488661640853,0.0013075864936917094,0.3307238374227097,0.5844658048731723,2659.2850391035863,1.0001421329497737,0.47
s__0_0,0.011180752319974131,0.0004184115245865064,8.73178904557229e-06,0.0103713805633013,0.012001763449560313,2614.1786678679164,0.9997658542746269,0.011043
tau__0_0,0.25141699934568945,0.029841380469871063,0.0006701791002079948,0.19872314432244254,0.3113379054363074,2394.2274092010252,0.9998166695919762,0.24
t0__0_0,0.0,0.0,0.0,0.0,0.0,,,
