,mean,sd,mc_error,hpd_2.5,hpd_97.5,n_eff,Rhat,MAP
b,1.0,0.0,0.0,1.0,1.0,,,
p_error,0.05000000819563866,7.450580596923828e-09,1.4901161193847657e-09,0.05000000074505806,0.05000000074505806,1.0007506866324938,0.9997499687421851,
v__0_0,0.0001244669714002082,2.3516273664506664e-06,1.0613112550553334e-07,0.00012008602615068492,0.00012924744985500457,371.7886074777146,1.001174283247149,0.000124
gamma__0_0,0.877083966216742,0.050698871047019374,0.001283838536909728,0.781652732254777,0.977526690717589,1542.1711659662599,1.000345771266159,0.88
s__0_0,0.007425380042495519,0.0002905568701931942,1.4859242132652845e-05,0.00685131626930517,0.00795345638429874,245.22656172030733,1.0023473280305277,0.006543
tau__0_0,0.11368848411196711,0.009675041529700754,0.00034619397029475357,0.09497212178032466,0.13329230576788126,730.8635886490935,1.0000788473612332,0.11
t0__0_0,0.0,0.0,0.0,0.0,0.0,,,
