,mean,sd,mc_error,hpd_2.5,hpd_97.5,n_eff,Rhat,MAP
b,1.0,0.0,0.0,1.0,1.0,,,
p_error,0.05000000819563866,7.450580596923828e-09,1.4901161193847657e-09,0.05000000074505806,0.05000000074505806,1.0007506866324938,0.9997499687421851,
v__0_0,4.831311877398255e-05,9.439442492026348e-06,2.768114003550892e-07,3.2640729389099845e-05,6.852875394123489e-05,806.9769646816211,1.0032973564251615,4.4e-05
gamma__0_0,0.6126647354608338,0.2630195460092281,0.008986451596566481,0.1730833713492128,0.9988994692194435,781.1274986776176,1.0023966333279466,0.99
s__0_0,0.01108746600888419,0.0012500879027300597,3.5244915445781486e-05,0.00869631801655343,0.01348372397081072,980.1940535095272,1.0012530248061926,0.010577
tau__0_0,1.63419593490033,1.2122600153055414,0.04163105568591579,0.2521174317196347,4.421180979380689,643.2190806679886,1.0029166213191187,0.65
t0__0_0,0.0,0.0,0.0,0.0,0.0,,,
