,mean,sd,mc_error,hpd_2.5,hpd_97.5,n_eff,Rhat,MAP
b,1.0,0.0,0.0,1.0,1.0,,,
p_error,0.05000000819563866,7.450580596923828e-09,1.4901161193847657e-09,0.05000000074505806,0.05000000074505806,1.0007506866324938,0.9997499687421851,
v__0_0,8.090889654265115e-05,2.798442866156264e-06,5.869483431863474e-08,7.539114041210052e-05,8.633955956039394e-05,2065.0826879501706,0.9997503798053334,8.1e-05
gamma__0_0,0.5865492958133225,0.07054515499179931,0.001352153966115185,0.43884092985861933,0.7164492252206411,3032.438754834907,0.9997788638901537,0.58
s__0_0,0.012153173194336517,0.0003653177124229531,6.00764280519668e-06,0.011478676210042022,0.01287763300752725,2905.4502042941876,0.9997610400670895,0.012231
tau__0_0,0.2873608871322226,0.03259308621836064,0.0006683392509120079,0.22366745441848207,0.3496198814719854,2195.3712327826456,0.9997504344844198,0.29
t0__0_0,0.0,0.0,0.0,0.0,0.0,,,
