,mean,sd,mc_error,hpd_2.5,hpd_97.5,n_eff,Rhat,MAP
b,1.0,0.0,0.0,1.0,1.0,,,
p_error,0.05000000819563866,7.450580596923828e-09,1.4901161193847657e-09,0.05000000074505806,0.05000000074505806,1.0007506866324938,0.9997499687421851,
v__0_0,4.7387698135667276e-05,6.681964776641879e-06,1.528967339846738e-07,3.4066267433030604e-05,5.9842658715864854e-05,1857.0787470258567,0.9999896551364297,4.8e-05
gamma__0_0,0.7464686190087523,0.15182349444415819,0.0032337679337093943,0.4690932117149327,0.9982922065885926,1848.0232604347323,0.9999553066327929,0.82
s__0_0,0.010139798705573065,0.0011513184442616135,2.419063796690723e-05,0.008049806908353352,0.012485469080771014,2082.8230130442576,0.9997616133888407,0.009915
tau__0_0,0.8850685340121104,0.6023097361735219,0.02281059101330271,0.2132584058648842,1.9228196775395157,652.2502197705905,1.0016213855242655,0.6
t0__0_0,0.0,0.0,0.0,0.0,0.0,,,
