,mean,sd,mc_error,hpd_2.5,hpd_97.5,n_eff,Rhat,MAP
b,1.0,0.0,0.0,1.0,1.0,,,
p_error,0.05000000819563866,7.450580596923828e-09,1.4901161193847657e-09,0.05000000074505806,0.05000000074505806,1.0007506866324938,0.9997499687421851,
v__0_0,3.830763759676198e-05,6.617090063439437e-06,1.9507662595297616e-07,2.6902361285049194e-05,5.1485988122020804e-05,903.7749522936606,0.999953542818649,3.5e-05
gamma__0_0,0.8111016374907795,0.14756342506383188,0.003201463309428213,0.5224027388869992,0.9998992205815558,1893.8588274070635,0.9998848709753567,0.93
s__0_0,0.010107066916984835,0.0011833180938271711,3.390411485456896e-05,0.00764563758237515,0.012190604018776944,1042.338966507091,1.0005478872888527,0.007695
tau__0_0,1.5500997172554583,1.299138455205537,0.03963536021837093,0.24664394811673918,4.375206550124849,946.1933328433715,0.9998661252870437,0.57
t0__0_0,0.0,0.0,0.0,0.0,0.0,,,
