,mean,sd,mc_error,hpd_2.5,hpd_97.5,n_eff,Rhat,MAP
b,1.0,0.0,0.0,1.0,1.0,,,
p_error,0.05000000819563866,7.450580596923828e-09,1.4901161193847657e-09,0.05000000074505806,0.05000000074505806,1.0007506866324938,0.9997499687421851,
v__0_0,8.16057016275817e-05,7.959655524339605e-06,1.8268577042169311e-07,6.533017234491289e-05,9.679658862449999e-05,1883.437570259559,1.0016353650189835,8.4e-05
gamma__0_0,0.8114141725501728,0.12428056427548342,0.002688969549683396,0.5820493735598973,0.99925709076496,2330.7347008195047,0.9999951798201642,0.88
s__0_0,0.010957355261431552,0.0011670591633843833,2.6758401305393806e-05,0.008542311544752192,0.013153355575321839,2077.7870970738186,1.0008101205159177,0.010041
tau__0_0,0.68834185881336,0.26335040950019967,0.0069555964403952885,0.3108718768202267,1.1541454456132296,940.2809178943495,1.0056794042025856,0.56
t0__0_0,0.0,0.0,0.0,0.0,0.0,,,
