,mean,sd,mc_error,hpd_2.5,hpd_97.5,n_eff,Rhat,MAP
b,1.0,0.0,0.0,1.0,1.0,,,
p_error,0.05000000819563866,7.450580596923828e-09,1.4901161193847657e-09,0.05000000074505806,0.05000000074505806,1.0007506866324938,0.9997499687421851,
v__0_0,0.00012467653937270118,9.278348753012397e-06,5.913723580013437e-07,0.00010716394670335411,0.00014350435877823447,147.8133992771236,0.9998517704981658,0.000127
gamma__0_0,0.868658287818452,0.0924106034082945,0.00399939319709895,0.6982922056121819,0.9996893907902731,412.9496041366081,1.0020565365966074,0.98
s__0_0,0.008914489268832157,0.001170543109850343,6.462772402745828e-05,0.0064758491453669065,0.011172963602557807,242.44737786184058,1.0003950695854995,0.00648
tau__0_0,0.2241144318298226,0.06687210566153275,0.0030477782087238014,0.11312447952032967,0.35276422363870275,327.9880537320722,0.9997558311337154,0.21
t0__0_0,0.0,0.0,0.0,0.0,0.0,,,
