,mean,sd,mc_error,hpd_2.5,hpd_97.5,n_eff,Rhat,MAP
b,1.0,0.0,0.0,1.0,1.0,,,
p_error,0.05000000819563866,7.450580596923828e-09,1.4901161193847657e-09,0.05000000074505806,0.05000000074505806,1.0007506866324938,0.9997499687421851,
v__0_0,4.719188257838741e-05,4.437424040742809e-06,1.1061454616505084e-07,3.877417472773244e-05,5.583719136151656e-05,1646.9803310157654,0.9998152852390926,4.9e-05
gamma__0_0,-0.0745633585585466,0.18969174761431887,0.003687720941889055,-0.47962317648903685,0.2701910387427837,2493.6988685238275,1.001231237124939,-0.12
s__0_0,0.006861129310924569,0.0007455137226412408,1.714802327837103e-05,0.005548323374400846,0.008397415296893435,1813.3192026802535,1.0001941940099597,0.00699
tau__0_0,0.6004627161863006,0.2578929035286772,0.00731883347722932,0.22787670852868788,1.0698726479823026,1460.9400405784802,0.9998410461887672,0.49
t0__0_0,0.0,0.0,0.0,0.0,0.0,,,
