,mean,sd,mc_error,hpd_2.5,hpd_97.5,n_eff,Rhat,MAP
b,1.0,0.0,0.0,1.0,1.0,,,
p_error,0.05000000819563866,7.450580596923828e-09,1.4901161193847657e-09,0.05000000074505806,0.05000000074505806,1.0007506866324938,0.9997499687421851,
v__0_0,6.739745390277721e-05,6.825051791698044e-06,1.6581286489846898e-07,5.3848030027233883e-05,8.053554467663974e-05,1844.5304793727646,1.0000832978880234,6.9e-05
gamma__0_0,0.892516428714826,0.08624814735846556,0.0019239086855076515,0.7247795015041163,0.999909003662161,2326.974169165828,1.0009535672175254,0.99
s__0_0,0.00897240007935781,0.0010470462960222515,2.5309538696104764e-05,0.006935895962338958,0.0109423722879087,1932.1726286430503,1.0001370201405437,0.008133
tau__0_0,0.5969062084528352,0.29799955468471123,0.010877282850408159,0.23795399141795143,1.0412417604261714,818.2263099010172,1.0003718945931042,0.46
t0__0_0,0.0,0.0,0.0,0.0,0.0,,,
