,mean,sd,mc_error,hpd_2.5,hpd_97.5,n_eff,Rhat,MAP
b,1.0,0.0,0.0,1.0,1.0,,,
p_error,0.05000000819563866,7.450580596923828e-09,1.4901161193847657e-09,0.05000000074505806,0.05000000074505806,1.0007506866324938,0.9997499687421851,
v__0_0,5.5308929707360387e-05,2.6014485216422567e-06,5.170022481956925e-08,5.0717327774755447e-05,6.0707601148641676e-05,2208.4101038451863,0.9997758003475582,5.5e-05
gamma__0_0,0.6719909917201443,0.05739455058458534,0.0013398182024171648,0.5584102044317003,0.7818248256748355,2274.0059128556954,0.9999211661685071,0.68
s__0_0,0.012906514827310313,0.00038871825042204977,7.057196391068552e-06,0.012127240273511506,0.013641524005304077,2657.752880088233,0.9998012792311526,0.012965
tau__0_0,0.6498852307591447,0.11521754513040648,0.0023568901163318542,0.4595499795871312,0.8681867114972902,2119.556678177688,0.9998981296709384,0.61
t0__0_0,0.0,0.0,0.0,0.0,0.0,,,
