,mean,sd,mc_error,hpd_2.5,hpd_97.5,n_eff,Rhat,MAP
b,1.0,0.0,0.0,1.0,1.0,,,
p_error,0.05000000819563866,7.450580596923828e-09,1.4901161193847657e-09,0.05000000074505806,0.05000000074505806,1.0007506866324938,0.9997499687421851,
v__0_0,5.2497539312672926e-05,6.847696731489684e-06,1.4878607027254279e-07,3.965582943599018e-05,6.59531184588235e-05,1894.747580468553,1.0012192140525005,5.2e-05
gamma__0_0,0.5908378448549472,0.27358626614661075,0.006169088806630087,0.1413214234816884,0.9992696332873514,2354.4640646165635,0.9998392686382461,0.68
s__0_0,0.01109126329243654,0.0011298425778907236,2.4834229568060182e-05,0.009020403145310246,0.013346741824763867,1902.6193491325744,1.0009830142602445,0.00915
tau__0_0,0.8121383674478434,0.45535793715342476,0.008955328306538148,0.2118149766879135,1.6111704614571138,1840.8630670226744,0.999995355731577,0.63
t0__0_0,0.0,0.0,0.0,0.0,0.0,,,
