,mean,sd,mc_error,hpd_2.5,hpd_97.5,n_eff,Rhat,MAP
b,1.0,0.0,0.0,1.0,1.0,,,
p_error,0.05000000819563866,7.450580596923828e-09,1.4901161193847657e-09,0.05000000074505806,0.05000000074505806,1.0007506866324938,0.9997499687421851,
v__0_0,0.00010010195987099326,1.9643936597489833e-05,6.275994050029452e-07,5.7840128400411196e-05,0.0001348628767561252,1054.3575838574016,1.0023385927000013,0.000105
gamma__0_0,0.4830497703228608,0.8720794182369093,0.03317262643741369,-0.5005654440667175,0.9998585119647707,652.832576531552,1.0007963668275728,0.86
s__0_0,0.01274281747302527,0.0022120630862298278,6.600726127736199e-05,0.008788417108986783,0.01728944439932765,1052.9605899318287,1.0046144139024098,0.012536
tau__0_0,0.3841155603537294,0.7090527080042963,0.0282093927935455,0.0005105655404118361,1.617050321855372,609.1741540138204,1.0073757456740995,0.11
t0__0_0,0.0,0.0,0.0,0.0,0.0,,,
