,mean,sd,mc_error,hpd_2.5,hpd_97.5,n_eff,Rhat,MAP
b,1.0,0.0,0.0,1.0,1.0,,,
p_error,0.05000000819563866,7.450580596923828e-09,1.4901161193847657e-09,0.05000000074505806,0.05000000074505806,1.0007506866324938,0.9997499687421851,
v__0_0,2.002889143755734e-05,2.838601479631824e-06,8.167406258602817e-08,1.5046021262605435e-05,2.5893892153462615e-05,1171.347558914466,0.9999720152633848,1.8e-05
gamma__0_0,0.5493708885204875,0.10537166721654864,0.0032106114698109206,0.3318558347444025,0.7527138881730533,1037.9599444071557,0.9997521542822108,0.53
s__0_0,0.006668144329172957,0.000654094185151437,1.599163295996461e-05,0.005350232335750072,0.007910342187549867,1557.6502510601445,1.00148756441513,0.00667
tau__0_0,2.1323582317786443,1.2083470991133616,0.0368678893611593,0.5420731716249891,4.577667491631449,990.2051768278477,0.999764473536144,0.83
t0__0_0,0.0,0.0,0.0,0.0,0.0,,,
