,mean,sd,mc_error,hpd_2.5,hpd_97.5,n_eff,Rhat,MAP
b,1.0,0.0,0.0,1.0,1.0,,,
p_error,0.05000000819563866,7.450580596923828e-09,1.4901161193847657e-09,0.05000000074505806,0.05000000074505806,1.0007506866324938,0.9997499687421851,
v__0_0,4.1863435699772846e-05,3.208759722294906e-06,1.1673551860744153e-07,3.6336912311755674e-05,4.887149836169393e-05,676.6637568022961,1.0039118806693101,4.1e-05
gamma__0_0,0.5115523474897044,0.13289944452756078,0.0036346747176518373,0.2308026684541069,0.7711180054926992,1384.150317272955,1.0000103423979292,0.5
s__0_0,0.00564255558699157,0.0006333320752481774,1.5543090049586572e-05,0.004423219928223619,0.006890223770988311,1488.5309607899283,0.9998496027475253,0.005415
tau__0_0,1.6448550219823703,1.0461166628079255,0.03239125048266387,0.2841361923223958,3.9061037897067665,1139.562357454797,0.9997685375340041,0.66
t0__0_0,0.0,0.0,0.0,0.0,0.0,,,
