,mean,sd,mc_error,hpd_2.5,hpd_97.5,n_eff,Rhat,MAP
b,1.0,0.0,0.0,1.0,1.0,,,
p_error,0.05000000819563866,7.450580596923828e-09,1.4901161193847657e-09,0.05000000074505806,0.05000000074505806,1.0007506866324938,0.9997499687421851,
v__0_0,0.00010635946634768076,3.2096135813876427e-06,9.563716162165582e-08,0.00010065397221992768,0.00011323806255147159,1092.3431679223659,1.0019300479057924,0.000107
gamma__0_0,0.9414920401881062,0.037603291579357524,0.0009055922829911848,0.870789859723244,0.9999096130706047,1598.4800082069307,0.9997778817929504,0.95
s__0_0,0.01024628718946792,0.0003301490286852615,9.585249588688903e-06,0.009647146402929093,0.01093209664978715,1141.1697572679964,1.0024470350995214,0.010126
tau__0_0,0.2381483110700627,0.0237538905135615,0.0006713313739198013,0.1931574778620607,0.285203844295313,1113.1508596602132,1.0010995382345576,0.23
t0__0_0,0.0,0.0,0.0,0.0,0.0,,,
