,mean,sd,mc_error,hpd_2.5,hpd_97.5,n_eff,Rhat,MAP
b,1.0,0.0,0.0,1.0,1.0,,,
p_error,0.05000000819563866,7.450580596923828e-09,1.4901161193847657e-09,0.05000000074505806,0.05000000074505806,1.0007506866324938,0.9997499687421851,
v__0_0,0.00010010148098870206,3.933355568250064e-06,8.371293103512424e-08,9.249542578044722e-05,0.00010775550293113658,2038.12663988755,0.9997503373824479,0.000101
gamma__0_0,0.8830251486083186,0.05823102054384833,0.001277619470717987,0.7800221856948628,0.9969919390329327,2211.914741733639,0.9999283252762364,0.89
s__0_0,0.013802557755669234,0.0004266826065961376,9.742799122680442e-06,0.012957957185585567,0.014625144184449448,1987.913216355058,0.999759403698129,0.013776
tau__0_0,0.285164962687542,0.038050133157073375,0.0008410346152518294,0.21161544751624614,0.3576296946404001,2028.6769919094024,0.9999403413984186,0.28
t0__0_0,0.0,0.0,0.0,0.0,0.0,,,
