,mean,sd,mc_error,hpd_2.5,hpd_97.5,n_eff,Rhat,MAP
b,1.0,0.0,0.0,1.0,1.0,,,
p_error,0.05000000819563866,7.450580596923828e-09,1.4901161193847657e-09,0.05000000074505806,0.05000000074505806,1.0007506866324938,0.9997499687421851,
v__0_0,2.6908825706957747e-05,4.243998724223242e-06,1.0433011839442928e-07,1.892113192064122e-05,3.5253316948489436e-05,1666.4235188482237,0.9998876404048817,2.6e-05
gamma__0_0,0.9277589123349845,0.060798873004524495,0.0010004441236351616,0.8033787238827408,0.999968550172456,3079.158135133554,0.9997590347252153,0.98
s__0_0,0.009848505473405903,0.0009608487517407653,2.1136359124368578e-05,0.008098441886951423,0.011795829769922793,1883.494415462577,1.0001406791560803,0.010166
tau__0_0,1.6287591149004734,1.1081802735792907,0.028481309614552763,0.2790798494633313,4.201649815852225,1305.270116922664,1.0011380661176579,0.78
t0__0_0,0.0,0.0,0.0,0.0,0.0,,,
