,mean,sd,mc_error,hpd_2.5,hpd_97.5,n_eff,Rhat,MAP
b,1.0,0.0,0.0,1.0,1.0,,,
p_error,0.05000000819563866,7.450580596923828e-09,1.4901161193847657e-09,0.05000000074505806,0.05000000074505806,1.0007506866324938,0.9997499687421851,
v__0_0,5.870659234189712e-05,7.2355218740512836e-06,1.7747866962276185e-07,4.4489248056773426e-05,7.190014747457322e-05,1609.104370255576,1.0010386970484488,5.9e-05
gamma__0_0,0.8331029604734838,0.08942618276209163,0.0018816158612671714,0.6775810216778364,0.9988658819236171,1791.0547532848748,1.0017727106353762,0.83
s__0_0,0.01027216503965917,0.0010190733654962584,2.3912209199469597e-05,0.008243447219430594,0.012239936979635784,1656.0001056959004,1.0005737983378573,0.009729
tau__0_0,1.2250709170255991,0.7039674090490861,0.0207334516904333,0.3884667235911572,2.701427278024648,1099.6472943749507,1.0044797380573163,0.81
t0__0_0,0.0,0.0,0.0,0.0,0.0,,,
