,mean,std,min,max,se,iqr
Mean RT,2843.540073766573,1676.2065039353445,957.64,7577.430656934306,154.96534610782348,1766.3770531436041
P(choose best),0.7662883837108012,0.11593841358350163,0.4507042253521127,0.9691497366440933,0.010718510127468352,0.155062689700593
Gaze Influence,0.23634985566200362,0.15030724440419546,-0.10515880593879182,0.7234032357422651,0.013895909660846782,0.23060090665179916
