,mean,sd,mc_error,hpd_2.5,hpd_97.5,n_eff,Rhat,MAP,generating
b,1.0,0.0,0.0,1.0,1.0,,,,
p_error,0.05000000819563866,7.450580596923828e-09,1.4901161193847657e-09,0.05000000074505806,0.05000000074505806,1.0007506866324938,0.9997499687421851,,
v__0_0,5.489619252282192e-05,1.3796235094606937e-06,2.4712404713468725e-08,5.225374103785985e-05,5.774623225647742e-05,3020.1279286791846,0.999752731937646,5.5e-05,5.4000000000000005e-05
gamma__0_0,-0.4242137556700552,0.055450166118484134,0.0009310925885996678,-0.5297165710795344,-0.320868029556479,3031.1601144978135,0.9997634216017202,-0.4,-0.36
s__0_0,0.011745964235390515,0.0002179529198315936,4.0498056841940295e-06,0.011311929196272767,0.012160254822410432,2879.391006377808,1.0005622142955053,0.011701,0.011965
tau__0_0,0.7457605540290554,0.09599420261222083,0.0017065797159184503,0.5621164234885252,0.9323645463328434,2960.9868145786327,0.9997699451939899,0.73,0.88
t0__0_0,0.0,0.0,0.0,0.0,0.0,,,,
