,mean,sd,mc_error,hpd_2.5,hpd_97.5,n_eff,Rhat,MAP,generating
b,1.0,0.0,0.0,1.0,1.0,,,,
p_error,0.05000000819563866,7.450580596923828e-09,1.4901161193847657e-09,0.05000000074505806,0.05000000074505806,1.0007506866324938,0.9997499687421851,,
v__0_0,8.926726792018753e-05,6.258897543379714e-06,1.3739081948194287e-07,7.735679915605779e-05,0.0001017750175974169,1994.1370619188313,0.9997543526021342,8.9e-05,0.00010400000000000001
gamma__0_0,0.3453559951551623,0.16539315245501132,0.0028306491186180283,0.021401332996862976,0.662837502480567,2534.0154810433582,1.0018126398378853,0.35,0.47
s__0_0,0.009302296154406874,0.0007009686903018545,1.346708007211728e-05,0.007880505503155912,0.010561150146039653,2451.40592751884,0.9998614892186589,0.008715,0.008679000000000001
tau__0_0,0.7358242344446025,0.24702597609996854,0.005508261163376424,0.34624851213572844,1.2047212750082306,1837.9142762678466,0.9999477341651327,0.62,0.33
t0__0_0,0.0,0.0,0.0,0.0,0.0,,,,
