,mean,sd,mc_error,hpd_2.5,hpd_97.5,n_eff,Rhat,MAP,generating
b,1.0,0.0,0.0,1.0,1.0,,,,
p_error,0.05000000819563866,7.450580596923828e-09,1.4901161193847657e-09,0.05000000074505806,0.05000000074505806,1.0007506866324938,0.9997499687421851,,
v__0_0,6.021415037420237e-05,7.293342737891253e-06,2.6070959484826577e-07,4.653738662767572e-05,7.385822153833936e-05,688.758744498035,1.0004844201699343,5.7e-05,7.3e-05
gamma__0_0,0.7483320422857865,0.08886595511665453,0.0031753856975751337,0.5978306745360413,0.9257859619434843,636.6917379865032,1.0003897141388007,0.71,0.81
s__0_0,0.009568771118340254,0.0008790336303177482,2.686763053824749e-05,0.007945393640490326,0.011262233501015916,1023.9005203806087,1.0004157367043343,0.008418,0.008888
tau__0_0,1.650544852819899,1.1575001178256294,0.045324754347732,0.4955290642024297,4.455449237943995,585.5486993315711,1.0000636385031394,0.82,0.65
t0__0_0,0.0,0.0,0.0,0.0,0.0,,,,
