,mean,sd,mc_error,hpd_2.5,hpd_97.5,n_eff,Rhat,MAP,generating
b,1.0,0.0,0.0,1.0,1.0,,,,
p_error,0.05000000819563866,7.450580596923828e-09,1.4901161193847657e-09,0.05000000074505806,0.05000000074505806,1.0007506866324938,0.9997499687421851,,
v__0_0,4.186367106788586e-05,1.3638852670293054e-06,2.5391733538097546e-08,3.922415238833482e-05,4.452100690749757e-05,2664.4437238855994,1.0000341455426587,4.2e-05,4.2e-05
gamma__0_0,0.21390670083124463,0.06427398602293782,0.0012725858146448875,0.09508961108962843,0.34603794571759927,2666.415253415229,0.9998629942746932,0.21,0.25
s__0_0,0.012787347322270205,0.0002288858052680807,3.813643057559557e-06,0.012353985237365752,0.013248663512606102,2944.5415145270376,0.9999362191435304,0.012834,0.013075999999999999
tau__0_0,0.8896223360726829,0.15618821873856573,0.0031137696378392725,0.605778486575992,1.1926012430423392,2307.558985991791,0.9997616542956772,0.87,0.81
t0__0_0,0.0,0.0,0.0,0.0,0.0,,,,
