,mean,sd,mc_error,hpd_2.5,hpd_97.5,n_eff,Rhat,MAP,generating
b,1.0,0.0,0.0,1.0,1.0,,,,
p_error,0.05000000819563866,7.450580596923828e-09,1.4901161193847657e-09,0.05000000074505806,0.05000000074505806,1.0007506866324938,0.9997499687421851,,
v__0_0,7.534852671472939e-05,5.938565158264113e-06,1.3624706181799377e-07,6.427416456418043e-05,8.696499161915494e-05,1556.5905504784882,0.9997550310453195,7.4e-05,8.4e-05
gamma__0_0,0.8752611212141016,0.10312421557400091,0.002153609954422663,0.6776495299817302,0.9998220005247234,2010.2360504855785,1.0005448022097432,0.98,0.79
s__0_0,0.010758523883575982,0.0008332875098793366,1.8477476421395406e-05,0.009171528703072604,0.01240710793958689,2060.1153595442856,1.0002208456690171,0.010854,0.01075
tau__0_0,1.14237691134282,0.6266192885626336,0.018707986078787476,0.3499258259926846,2.3200016912896744,1098.067141872411,0.9997894241232756,0.81,0.49
t0__0_0,0.0,0.0,0.0,0.0,0.0,,,,
