,mean,sd,mc_error,hpd_2.5,hpd_97.5,n_eff,Rhat,MAP,generating
b,1.0,0.0,0.0,1.0,1.0,,,,
p_error,0.05000000819563866,7.450580596923828e-09,1.4901161193847657e-09,0.05000000074505806,0.05000000074505806,1.0007506866324938,0.9997499687421851,,
v__0_0,4.701054604635513e-05,2.7272807551797466e-06,6.62400180665031e-08,4.1743142747518846e-05,5.236585154318643e-05,2121.013741731664,1.00010053034664,4.8e-05,5.3e-05
gamma__0_0,-0.5109510326963156,0.14486418144705682,0.00372491118621089,-0.8167382483974048,-0.22448445251263038,1617.3597196528324,1.0028626990686595,-0.44,-0.53
s__0_0,0.008748380100773683,0.0005881963816722788,1.2488111969157983e-05,0.00754814020556125,0.009855878301592352,2254.4717629382417,0.9998052874471272,0.008785,0.00916
tau__0_0,2.3547237507969356,0.8178434839480542,0.01742465073685589,1.0214903521944938,4.11925315669663,1878.9817986142154,1.0005081607886248,1.99,1.34
t0__0_0,0.0,0.0,0.0,0.0,0.0,,,,
