,mean,sd,mc_error,hpd_2.5,hpd_97.5,n_eff,Rhat,MAP,generating
b,1.0,0.0,0.0,1.0,1.0,,,,
p_error,0.05000000819563866,7.450580596923828e-09,1.4901161193847657e-09,0.05000000074505806,0.05000000074505806,1.0007506866324938,0.9997499687421851,,
v__0_0,1.7707209369358407e-05,9.715462923728825e-07,2.5963991051606604e-08,1.590319891182831e-05,1.9746487042582927e-05,1254.0931691596513,1.0007102698741557,1.8e-05,1.9e-05
gamma__0_0,-0.28625410864527656,0.12978733525558478,0.003225227578199677,-0.5469395111984721,-0.05323867367023105,1514.008463644635,0.9998961621605831,-0.21,-0.35
s__0_0,0.004671631939276514,0.000287157433239424,7.612664233076293e-06,0.004155339774311049,0.005259309464395519,1384.1049130909457,0.9997532728791538,0.004641,0.004745
tau__0_0,0.6573252999658975,0.14366548933412832,0.0037402293534218754,0.42205702626823743,0.9498598438702106,1349.0453670840184,1.0001398966897606,0.58,0.59
t0__0_0,0.0,0.0,0.0,0.0,0.0,,,,
