,mean,sd,mc_error,hpd_2.5,hpd_97.5,n_eff,Rhat,MAP,generating
b,1.0,0.0,0.0,1.0,1.0,,,,
p_error,0.05000000819563866,7.450580596923828e-09,1.4901161193847657e-09,0.05000000074505806,0.05000000074505806,1.0007506866324938,0.9997499687421851,,
v__0_0,0.00010509249553024466,1.9099615278121528e-06,3.883880523106029e-08,0.00010153466309946804,0.00010895828770709542,2237.38474229211,0.9998321968670997,0.000105,0.000103
gamma__0_0,0.07896646541304769,0.03977079032035875,0.0006548239175993484,0.0024363780669744983,0.15783183629495845,3088.496559482113,0.99980253867988,0.07,0.08
s__0_0,0.010305458412756862,0.0002035778391679446,4.05074875633658e-06,0.009896425293923717,0.0107087591207211,2654.0843341355617,0.9997696016288119,0.010265,0.01095
tau__0_0,0.37993124125373307,0.02944059854327982,0.0005863274703165888,0.32413204315269,0.4380130086740128,2260.577298671786,0.9998301623037842,0.38,0.4
t0__0_0,0.0,0.0,0.0,0.0,0.0,,,,
