,mean,sd,mc_error,hpd_2.5,hpd_97.5,n_eff,Rhat,MAP,generating
b,1.0,0.0,0.0,1.0,1.0,,,,
p_error,0.05000000819563866,7.450580596923828e-09,1.4901161193847657e-09,0.05000000074505806,0.05000000074505806,1.0007506866324938,0.9997499687421851,,
v__0_0,5.924288948035893e-05,4.780737956691587e-06,1.0285018264839752e-07,4.994237096102537e-05,6.84663385932741e-05,2106.210955658245,0.9997765042467178,5.8e-05,6.4e-05
gamma__0_0,0.14142633855567185,0.14815107821399945,0.0031880674667033337,-0.13136011986984464,0.46253814339608645,1997.8802217758137,1.0005177435149548,0.12,0.23
s__0_0,0.009209117747185464,0.0007312993345937145,1.4115787464265395e-05,0.007795374120234189,0.010641158459966198,2475.120517170194,0.9998516878439779,0.009075,0.009072
tau__0_0,1.3489735346250382,0.8267572953631258,0.02105704826064293,0.3411497362853767,3.2192331462531625,1517.2489843317119,1.0000730184995308,0.83,0.82
t0__0_0,0.0,0.0,0.0,0.0,0.0,,,,
