,mean,sd,mc_error,hpd_2.5,hpd_97.5,n_eff,Rhat,MAP,generating
b,1.0,0.0,0.0,1.0,1.0,,,,
p_error,0.05000000819563866,7.450580596923828e-09,1.4901161193847657e-09,0.05000000074505806,0.05000000074505806,1.0007506866324938,0.9997499687421851,,
v__0_0,9.189538400067184e-05,1.658580785921681e-06,3.3009168182517225e-08,8.85771607704506e-05,9.502043873235891e-05,2442.121108811337,0.9997829714607124,9.2e-05,9.1e-05
gamma__0_0,-0.2828282936781145,0.034870801820427774,0.0005250882383759184,-0.35005130814956686,-0.21486577554001585,3483.397067988102,0.9998419433926907,-0.29,-0.3
s__0_0,0.01075779006210875,0.0002015485962749747,3.8173504833229645e-06,0.010359533619091865,0.01114721459427591,3220.667677852589,1.000141611637198,0.010714,0.010983
tau__0_0,0.5563661510205764,0.04522619282461766,0.0008412117038028518,0.46985146552915164,0.6444016974438045,2457.2630774165427,1.0003444929868905,0.56,0.57
t0__0_0,0.0,0.0,0.0,0.0,0.0,,,,
