,mean,sd,mc_error,hpd_2.5,hpd_97.5,n_eff,Rhat,MAP,generating
b,1.0,0.0,0.0,1.0,1.0,,,,
p_error,0.05000000819563866,7.450580596923828e-09,1.4901161193847657e-09,0.05000000074505806,0.05000000074505806,1.0007506866324938,0.9997499687421851,,
v__0_0,8.38453531505727e-05,4.2179320261071274e-06,8.809988654840645e-08,7.555400070941004e-05,9.182523290120846e-05,2364.0818128038736,1.0000389650273596,8.5e-05,8.6e-05
gamma__0_0,-0.06222074345480382,0.16876484889128887,0.0033328886792105806,-0.38125088510453153,0.2666368466673248,2575.0982310941095,0.9998158468521073,0.01,0.03
s__0_0,0.007205488184005144,0.0005630385850942935,1.0347890611838824e-05,0.0061029074089380304,0.008306754578426391,2726.249469110397,0.9998495255909726,0.007147,0.006679000000000001
tau__0_0,0.359546947276988,0.08298297678500541,0.0015831813901913498,0.22548802397179424,0.5410604909518294,2533.7138333140365,0.9997787192486359,0.31,0.33
t0__0_0,0.0,0.0,0.0,0.0,0.0,,,,
