,mean,sd,mc_error,hpd_2.5,hpd_97.5,n_eff,Rhat,MAP,generating
b,1.0,0.0,0.0,1.0,1.0,,,,
p_error,0.05000000819563866,7.450580596923828e-09,1.4901161193847657e-09,0.05000000074505806,0.05000000074505806,1.0007506866324938,0.9997499687421851,,
v__0_0,9.628625702288973e-05,5.9089437538646615e-06,1.5380041593580003e-07,8.445326334642123e-05,0.00010737533591234715,1403.1915130225736,1.0005488619421055,9.9e-05,9.1e-05
gamma__0_0,0.543598970265132,0.23300128033877826,0.005630867671151803,0.1509944544579067,0.9984130640855646,1909.0241524760615,0.9998606185796741,0.64,0.13
s__0_0,0.008292125483208295,0.0007350140490351537,1.794765330256222e-05,0.006866386743645688,0.009741445319586572,1618.2800215147906,1.0006682155849134,0.007852,0.008706
tau__0_0,0.30629781726387,0.09065109257596993,0.0022789727276728263,0.17126506602870434,0.49604493248091175,1348.603352731186,1.0003784015663642,0.28,0.47
t0__0_0,0.0,0.0,0.0,0.0,0.0,,,,
