,mean,sd,mc_error,hpd_2.5,hpd_97.5,n_eff,Rhat,MAP,generating
b,1.0,0.0,0.0,1.0,1.0,,,,
p_error,0.05000000819563866,7.450580596923828e-09,1.4901161193847657e-09,0.05000000074505806,0.05000000074505806,1.0007506866324938,0.9997499687421851,,
v__0_0,1.827464755555954e-05,7.446123942963761e-07,1.4315009735172872e-08,1.687256051038905e-05,1.9798978573145827e-05,2553.1787779068086,1.0003865135237187,1.8e-05,1.8e-05
gamma__0_0,0.07252636658468742,0.03518089498673511,0.0006783946112267384,0.0019982287524591413,0.14285924404989458,2781.1801543870492,1.0001955231159578,0.07,0.09
s__0_0,0.005053253773261593,0.00028391820570437695,5.1661337531774715e-06,0.004499633948060779,0.005606696543446235,2812.332659106223,0.9998040244841355,0.005159,0.005549
tau__0_0,3.7907667433306025,0.7304102081555904,0.01522268115368899,2.489174904054007,4.996011265024853,2307.068216091095,1.0006723619222757,4.01,2.46
t0__0_0,0.0,0.0,0.0,0.0,0.0,,,,
