,mean,sd,mc_error,hpd_2.5,hpd_97.5,n_eff,Rhat,MAP,generating
b,1.0,0.0,0.0,1.0,1.0,,,,
p_error,0.05000000819563866,7.450580596923828e-09,1.4901161193847657e-09,0.05000000074505806,0.05000000074505806,1.0007506866324938,0.9997499687421851,,
v__0_0,0.00012893224605476904,6.6292121360375125e-06,2.1564675812675207e-07,0.00011680203822456896,0.00014265629430389347,882.9094562910523,1.0005692353818556,0.000131,0.00013700000000000002
gamma__0_0,-0.11610504858705571,0.07956483603075692,0.0023016259968748325,-0.27122940279230257,0.03413665071664518,1184.3106936011766,1.0023086023476424,-0.12,-0.18
s__0_0,0.007377065224387954,0.0006893843456672317,2.5774684052768667e-05,0.005932970287920447,0.008674330262158846,660.0551938988384,0.999934749725267,0.007186,0.00683
tau__0_0,0.890282194185886,0.21933017521457604,0.006818057577992136,0.5360750913188241,1.3193826897056093,914.068733038152,1.0001755737399944,0.78,0.57
t0__0_0,0.0,0.0,0.0,0.0,0.0,,,,
