,mean,sd,mc_error,hpd_2.5,hpd_97.5,n_eff,Rhat,MAP,generating
b,1.0,0.0,0.0,1.0,1.0,,,,
p_error,0.05000000819563866,7.450580596923828e-09,1.4901161193847657e-09,0.05000000074505806,0.05000000074505806,1.0007506866324938,0.9997499687421851,,
v__0_0,6.739821846629346e-05,5.365308757335341e-06,1.3135460794135833e-07,5.685828273777313e-05,7.724619622376308e-05,1370.0736869272778,1.0013044246725022,6.7e-05,6.6e-05
gamma__0_0,0.6790255466867838,0.12476515743285939,0.002640534020021376,0.45411753790484255,0.9224193931943496,2292.3753572100404,1.0001083279910792,0.7,0.49
s__0_0,0.009641078785181858,0.0007708303951884906,1.8106364659065794e-05,0.00822673220347539,0.011240595908670582,1436.628436280533,1.0003136953072684,0.009683,0.00999
tau__0_0,0.2986339350680377,0.11569712179845167,0.0034493255986093032,0.14810846228974833,0.4959442185515455,994.6643918289825,1.0046080467130407,0.25,0.29
t0__0_0,0.0,0.0,0.0,0.0,0.0,,,,
