,mean,sd,mc_error,hpd_2.5,hpd_97.5,n_eff,Rhat,MAP,generating
b,1.0,0.0,0.0,1.0,1.0,,,,
p_error,0.05000000819563866,7.450580596923828e-09,1.4901161193847657e-09,0.05000000074505806,0.05000000074505806,1.0007506866324938,0.9997499687421851,,
v__0_0,8.662255091614335e-05,1.8909871582098871e-06,4.045679382776653e-08,8.306813561317279e-05,9.042082164994355e-05,2346.2848432815167,1.000440210153324,8.7e-05,8.6e-05
gamma__0_0,-0.09530335313074373,0.053041409668799944,0.0009487014226641435,-0.20525288799233898,0.008924383193667396,3200.841359989548,1.0009047639283082,-0.1,-0.04
s__0_0,0.011836141399966311,0.00023689693287103503,4.116713699381079e-06,0.011364524200924396,0.012283160046458142,2751.154132445128,1.0001250506391135,0.011758,0.012043
tau__0_0,0.41212301661254785,0.03602775507645372,0.0007324114639554884,0.3414592797288417,0.4810856105234152,2335.1964141835465,1.000445376303646,0.41,0.46
t0__0_0,0.0,0.0,0.0,0.0,0.0,,,,
