,mean,sd,mc_error,hpd_2.5,hpd_97.5,n_eff,Rhat,MAP,generating
b,1.0,0.0,0.0,1.0,1.0,,,,
p_error,0.05000000819563866,7.450580596923828e-09,1.4901161193847657e-09,0.05000000074505806,0.05000000074505806,1.0007506866324938,0.9997499687421851,,
v__0_0,0.00011456375902484164,4.633678787115068e-06,1.0874084884067137e-07,0.00010511777501775603,0.00012324441425931687,1916.5353469913257,1.0016674765131832,0.000116,0.00010700000000000001
gamma__0_0,0.1320724898973116,0.2532227268147225,0.0072036294207063105,-0.3195603468264139,0.6494999530019907,1024.7457505247642,1.0014175467591364,0.07,0.49
s__0_0,0.008189791506974973,0.000604548201997529,1.2114041654472187e-05,0.0070480497120967755,0.009354642684111215,2333.966062965458,0.9999097376713478,0.007942,0.008855
tau__0_0,0.24002502844921442,0.07119109525277907,0.0020828265510279345,0.11672105760278552,0.38152672170924795,1062.0632508815518,1.0026829421479122,0.21,0.25
t0__0_0,0.0,0.0,0.0,0.0,0.0,,,,
