,mean,sd,mc_error,hpd_2.5,hpd_97.5,n_eff,Rhat,MAP,generating
b,1.0,0.0,0.0,1.0,1.0,,,,
p_error,0.05000000819563866,7.450580596923828e-09,1.4901161193847657e-09,0.05000000074505806,0.05000000074505806,1.0007506866324938,0.9997499687421851,,
v__0_0,5.270394763414329e-05,3.8111106151970325e-06,1.1213743682453653e-07,4.5622910236235795e-05,6.036485104075243e-05,1177.9200693172068,1.0000715117071517,5.2e-05,5.6000000000000006e-05
gamma__0_0,0.847879831173687,0.08424014268892846,0.0016238269604895799,0.6986962410751509,0.9997333401704349,2443.432815937452,0.9997958379255507,0.87,0.89
s__0_0,0.006845655624097019,0.0005557024960320614,1.15626959551146e-05,0.005735581357308266,0.007915352225428699,1975.1349794998027,1.000241499176049,0.006465,0.006369
tau__0_0,1.1788615021419597,0.6676516295127959,0.022582635486305826,0.41123988355440405,2.546148653247183,843.7854632868267,0.9998427416848975,0.84,0.55
t0__0_0,0.0,0.0,0.0,0.0,0.0,,,,
