,mean,sd,mc_error,hpd_2.5,hpd_97.5,n_eff,Rhat,MAP,generating
b,1.0,0.0,0.0,1.0,1.0,,,,
p_error,0.05000000819563866,7.450580596923828e-09,1.4901161193847657e-09,0.05000000074505806,0.05000000074505806,1.0007506866324938,0.9997499687421851,,
v__0_0,5.3436723410138055e-05,3.723458516395033e-06,7.93869325890444e-08,4.623312341469864e-05,6.0810333088944056e-05,2331.4781335093644,1.0034566567038898,5.4e-05,5.4000000000000005e-05
gamma__0_0,-0.5342200141510216,0.09152947001905953,0.0016564244796903025,-0.7226752862487906,-0.3573714465139126,2894.526061595834,0.99975111325717,-0.54,-0.46
s__0_0,0.010539526584115631,0.000630149875426562,1.412822511303748e-05,0.009404465030263768,0.011836772791689954,2330.5691492183296,1.0008274860893018,0.010157,0.010194
tau__0_0,1.7611211702594602,0.5446638441369482,0.011871679588979047,0.9046674069181572,2.907972575693774,1842.0449713459675,1.0016536416265367,1.42,1.52
t0__0_0,0.0,0.0,0.0,0.0,0.0,,,,
