,mean,sd,mc_error,hpd_2.5,hpd_97.5,n_eff,Rhat,MAP,generating
b,1.0,0.0,0.0,1.0,1.0,,,,
p_error,0.05000000819563866,7.450580596923828e-09,1.4901161193847657e-09,0.05000000074505806,0.05000000074505806,1.0007506866324938,0.9997499687421851,,
v__0_0,9.193579632119577e-05,5.590459835259084e-06,1.3300925335625326e-07,8.152817469820115e-05,0.0001031017986937457,1650.2153795329668,1.0001593448042112,9.2e-05,9.2e-05
gamma__0_0,0.8533279681357144,0.0971000764509859,0.0020669584016025236,0.6793320518851722,0.9998607471297483,2163.438494916792,1.0009767196022104,0.92,0.89
s__0_0,0.007749119438701259,0.0006929830443203349,1.7752058053499357e-05,0.0064742142386871905,0.009105032223373215,1756.8537583162797,0.9997809500939269,0.007374,0.007819
tau__0_0,0.31355503787729605,0.07702074877274208,0.0018466093103928587,0.17622696608300537,0.4667142398675376,1668.074004930751,1.000685515021969,0.3,0.41
t0__0_0,0.0,0.0,0.0,0.0,0.0,,,,
