,mean,sd,mc_error,hpd_2.5,hpd_97.5,n_eff,Rhat,MAP,generating
b,1.0,0.0,0.0,1.0,1.0,,,,
p_error,0.05000000819563866,7.450580596923828e-09,1.4901161193847657e-09,0.05000000074505806,0.05000000074505806,1.0007506866324938,0.9997499687421851,,
v__0_0,2.7855695481324366e-05,1.1423965449222228e-06,2.1131490850846303e-08,2.5526523028811697e-05,2.9934028072374396e-05,2754.298709226484,0.9997873168405474,2.8e-05,2.8000000000000003e-05
gamma__0_0,0.2436881193851653,0.08149391739365434,0.0013125755166610523,0.08033733909887708,0.3998626631762736,2871.804551354035,0.999897260405163,0.24,0.32
s__0_0,0.0052528665250706225,0.0002925531991168358,4.597454611170291e-06,0.0047136132133966824,0.005852250418256681,3523.8001683349444,0.9997934935492322,0.005061,0.005318
tau__0_0,1.2680408220482187,0.26103966637905246,0.004552783670324269,0.7940837401936414,1.8041224389901043,2796.294425957153,0.9997513536780414,1.12,1.04
t0__0_0,0.0,0.0,0.0,0.0,0.0,,,,
