,mean,sd,mc_error,hpd_2.5,hpd_97.5,n_eff,Rhat,MAP,generating
b,1.0,0.0,0.0,1.0,1.0,,,,
p_error,0.05000000819563866,7.450580596923828e-09,1.4901161193847657e-09,0.05000000074505806,0.05000000074505806,1.0007506866324938,0.9997499687421851,,
v__0_0,5.4800062318291e-05,5.075569158880077e-06,1.0903221598936591e-07,4.40217214897068e-05,6.412282837470934e-05,1882.4517600666904,0.9998144447466881,5.4e-05,5.9999999999999995e-05
gamma__0_0,0.6270801012272584,0.18564276554527107,0.003684725953167473,0.3035691406896426,0.9981462669645893,2266.3692105175483,1.000079909403281,0.63,0.55
s__0_0,0.011212732283084708,0.0007855514011602601,1.5725486092330893e-05,0.009677551287916485,0.012706990330511342,1926.4760584059716,1.0000242484590816,0.010612,0.011031000000000001
tau__0_0,0.8261032766769801,0.3377708432317732,0.008851435860659779,0.2934794921518527,1.4213667312820453,1370.7396071673866,0.9999240886524322,0.65,0.59
t0__0_0,0.0,0.0,0.0,0.0,0.0,,,,
