,mean,sd,mc_error,hpd_2.5,hpd_97.5,n_eff,Rhat,MAP,generating
b,1.0,0.0,0.0,1.0,1.0,,,,
p_error,0.05000000819563866,7.450580596923828e-09,1.4901161193847657e-09,0.05000000074505806,0.05000000074505806,1.0007506866324938,0.9997499687421851,,
v__0_0,4.914173994904332e-05,1.2379605909027364e-06,2.4808381731967967e-08,4.6773664034404395e-05,5.158203475348999e-05,2600.026701828895,1.000599836079197,4.9e-05,4.7e-05
gamma__0_0,0.15167506424554844,0.054138414001352615,0.0009546659882492899,0.050112610666072754,0.26262511775695785,3169.4460816460155,1.0000124142925655,0.14,0.12
s__0_0,0.01094396214433615,0.0002047875187730467,3.9317639006862594e-06,0.010555391344110574,0.011348419911433111,2835.7194705756474,0.999767785558225,0.010968,0.011222
tau__0_0,0.6845436403788117,0.07897927848808795,0.001578307035941143,0.5357442149400928,0.839530030524275,2299.1839690340153,1.0004937691396503,0.67,0.78
t0__0_0,0.0,0.0,0.0,0.0,0.0,,,,
