,mean,sd,mc_error,hpd_2.5,hpd_97.5,n_eff,Rhat,MAP,generating
b,1.0,0.0,0.0,1.0,1.0,,,,
p_error,0.05000000819563866,7.450580596923828e-09,1.4901161193847657e-09,0.05000000074505806,0.05000000074505806,1.0007506866324938,0.9997499687421851,,
v__0_0,4.594211672713546e-05,1.678789843582911e-06,2.8954909606994713e-08,4.2695525850995116e-05,4.921952631590936e-05,2787.9958912241923,1.0000652804265475,4.6e-05,4.6e-05
gamma__0_0,0.18038068986089945,0.0684754239791319,0.0010960756535058852,0.046317367855118974,0.3124064293387967,3215.438309673338,0.9997650766376557,0.18,0.17
s__0_0,0.01409893092763194,0.00026161577273353345,4.1556930311695486e-06,0.013601871744604518,0.014636543428504997,3063.0377828200258,1.0015987395837818,0.013954,0.014316999999999998
tau__0_0,0.8228322024785829,0.16113231713875859,0.0030468901392758725,0.5451176167124621,1.1457120988759255,2293.3085043234432,1.0002876207082307,0.73,0.86
t0__0_0,0.0,0.0,0.0,0.0,0.0,,,,
