,mean,sd,mc_error,hpd_2.5,hpd_97.5,n_eff,Rhat,MAP,generating
b,1.0,0.0,0.0,1.0,1.0,,,,
p_error,0.05000000819563866,7.450580596923828e-09,1.4901161193847657e-09,0.05000000074505806,0.05000000074505806,1.0007506866324938,0.9997499687421851,,
v__0_0,1.751982127803046e-05,1.2513611494293362e-06,2.60764016046597e-08,1.5197721622858066e-05,1.9959942300289653e-05,2050.3269880717057,0.9997718483371684,1.7e-05,1.9e-05
gamma__0_0,0.37929318499041365,0.05850424086252325,0.001433817777824022,0.2695326987953397,0.49970632546399685,2213.1926151236485,1.0007486974682676,0.37,0.34
s__0_0,0.00668647556342639,0.0003782397516001043,7.059362462554714e-06,0.0059674821769744955,0.007436240344254467,2647.248168466763,0.9998651689130653,0.00647,0.006682
tau__0_0,3.367052676451691,1.004692022774838,0.02211367160961956,1.655897554077028,4.999290359998166,2193.0457358679337,0.9997499693846917,4.33,1.8
t0__0_0,0.0,0.0,0.0,0.0,0.0,,,,
