,mean,sd,mc_error,hpd_2.5,hpd_97.5,n_eff,Rhat,MAP,generating
b,1.0,0.0,0.0,1.0,1.0,,,,
p_error,0.05000000819563866,7.450580596923828e-09,1.4901161193847657e-09,0.05000000074505806,0.05000000074505806,1.0007506866324938,0.9997499687421851,,
v__0_0,7.284258271726129e-05,4.582584255981484e-06,9.227467404210559e-08,6.397102403942575e-05,8.143361757813451e-05,2141.277678488945,0.999753733661419,7.2e-05,7.099999999999999e-05
gamma__0_0,-0.14769151447704446,0.12055095184074574,0.0024291581708204965,-0.3929631236022715,0.0767994376881802,2674.8376960157034,0.9999378356944612,-0.12,-0.2
s__0_0,0.009400277155194996,0.0006656325518433825,1.2990601090951987e-05,0.008104070517041958,0.010733613583281093,2469.2437374175493,1.0000028512288346,0.009114,0.00856
tau__0_0,0.45018134203493787,0.12188903526311905,0.0028776735858938836,0.25507329469028106,0.6710615001593591,1609.190327072747,1.000105932744721,0.42,0.46
t0__0_0,0.0,0.0,0.0,0.0,0.0,,,,
