,mean,sd,mc_error,hpd_2.5,hpd_97.5,n_eff,Rhat,MAP,generating
b,1.0,0.0,0.0,1.0,1.0,,,,
p_error,0.05000000819563866,7.450580596923828e-09,1.4901161193847657e-09,0.05000000074505806,0.05000000074505806,1.0007506866324938,0.9997499687421851,,
v__0_0,4.87931449808192e-05,3.3298748838504636e-06,7.797461682242166e-08,4.2664947166403486e-05,5.557513250574684e-05,1929.0772629054725,0.9997547123559489,4.8e-05,5.5e-05
gamma__0_0,-0.1681732374788885,0.18620163675232027,0.003788282112324242,-0.53180331015494,0.19946567733152065,2335.3030121256365,0.999868748195013,-0.18,-0.23
s__0_0,0.0085367498935754,0.0005926237766566281,1.263650920739327e-05,0.007355600571647849,0.009660670586430919,2486.3541325824076,0.9999690963124636,0.008334,0.008923
tau__0_0,1.5656748333626573,0.5338692754918639,0.01197226413188551,0.7050640233872101,2.6007689359612374,2242.512125742972,0.9998176032370358,1.37,1.38
t0__0_0,0.0,0.0,0.0,0.0,0.0,,,,
