,mean,sd,mc_error,hpd_2.5,hpd_97.5,n_eff,Rhat,MAP,generating
b,1.0,0.0,0.0,1.0,1.0,,,,
p_error,0.05000000819563866,7.450580596923828e-09,1.4901161193847657e-09,0.05000000074505806,0.05000000074505806,1.0007506866324938,0.9997499687421851,,
v__0_0,4.714583247220211e-05,3.848912220473931e-06,9.565741917166828e-08,3.984741613219368e-05,5.465938920233505e-05,1897.2317851664775,1.0000374770299791,4.7e-05,4.9e-05
gamma__0_0,0.7355566536576205,0.1883187740012516,0.0037664773657143983,0.37966649461124113,0.999948693874579,2364.6450904407966,0.9997704583178176,0.95,0.59
s__0_0,0.010602012563832214,0.0006989021798080765,1.67391283958387e-05,0.009254707387189755,0.011940910883329445,1861.407223982717,0.9998572212253712,0.010296,0.010076
tau__0_0,1.0698536345401444,0.4155646160735382,0.010065127652090356,0.4346355630215667,1.8250615054598875,1822.8936566172003,1.0003784515397873,0.91,1.08
t0__0_0,0.0,0.0,0.0,0.0,0.0,,,,
