,mean,sd,mc_error,hpd_2.5,hpd_97.5,n_eff,Rhat,MAP,generating
b,1.0,0.0,0.0,1.0,1.0,,,,
p_error,0.05000000819563866,7.450580596923828e-09,1.4901161193847657e-09,0.05000000074505806,0.05000000074505806,1.0007506866324938,0.9997499687421851,,
v__0_0,0.00010402390514452577,2.184426625850056e-06,3.7615874749738174e-08,9.988463227037814e-05,0.0001083179286238768,2947.5484343366784,0.999769513037422,0.000103,0.00010400000000000001
gamma__0_0,0.5848475724878957,0.05305609514020187,0.0009645908240274262,0.48288347334389137,0.6913162846426442,2858.596791541292,0.9997520930758728,0.59,0.56
s__0_0,0.013202313498278731,0.00024126183909727354,4.45720731257514e-06,0.01273280618605604,0.013673762243905025,3108.968521388779,0.9999093964551871,0.013175,0.013411000000000001
tau__0_0,0.5749637960511991,0.05758717844918836,0.001031509759174307,0.46630171733371867,0.6863375594700223,2759.2581707832974,0.999771059052602,0.56,0.59
t0__0_0,0.0,0.0,0.0,0.0,0.0,,,,
