,mean,sd,mc_error,hpd_2.5,hpd_97.5,n_eff,Rhat,MAP,generating
b,1.0,0.0,0.0,1.0,1.0,,,,
p_error,0.05000000819563866,7.450580596923828e-09,1.4901161193847657e-09,0.05000000074505806,0.05000000074505806,1.0007506866324938,0.9997499687421851,,
v__0_0,2.78080791432197e-05,2.5535544837984795e-06,5.3379779685419085e-08,2.28247690279391e-05,3.2686793735723854e-05,2216.010623752265,0.9997617512538571,2.7e-05,2.4e-05
gamma__0_0,0.4500273770241689,0.1967097533816377,0.004429219566161588,0.07548463392140015,0.8406690361032858,1807.4449648497712,0.9998956804904809,0.45,0.82
s__0_0,0.009163921776909728,0.0005946548181208906,1.1184264178306585e-05,0.008094924961492101,0.01035895564240463,2386.708266204634,1.0001287672421169,0.008624,0.009845999999999999
tau__0_0,1.7922552308305102,0.7191433588348848,0.01923395115618209,0.7241645051796495,3.39954551399942,1319.3568332201942,1.0009834910862243,1.15,1.17
t0__0_0,0.0,0.0,0.0,0.0,0.0,,,,
