,mean,sd,mc_error,hpd_2.5,hpd_97.5,n_eff,Rhat,MAP,generating
b,1.0,0.0,0.0,1.0,1.0,,,,
p_error,0.05000000819563866,7.450580596923828e-09,1.4901161193847657e-09,0.05000000074505806,0.05000000074505806,1.0007506866324938,0.9997499687421851,,
v__0_0,4.133852562385042e-05,1.6432007307593012e-06,3.6494133898128637e-08,3.8208445392172475e-05,4.455282247905475e-05,1964.7204799349768,0.9999991564711761,4.1e-05,3.9e-05
gamma__0_0,0.7467909813314735,0.12316628601779649,0.003325174023936576,0.5586477934934084,0.9963793731560813,1506.7367100153513,1.0002416205780382,0.67,0.67
s__0_0,0.005896509394076345,0.0004334952270944223,8.928465915326082e-06,0.00508090972400247,0.006751680235887843,1977.5139473262195,0.9997523566787272,0.005964,0.005745
tau__0_0,2.0719480680038114,0.7974140218007277,0.02690139358421443,0.9344430665301544,3.881412916799147,763.0995110086895,1.0007754956579913,1.69,1.99
t0__0_0,0.0,0.0,0.0,0.0,0.0,,,,
