,mean,sd,mc_error,hpd_2.5,hpd_97.5,n_eff,Rhat,MAP,generating
b,1.0,0.0,0.0,1.0,1.0,,,,
p_error,0.05000000819563866,7.450580596923828e-09,1.4901161193847657e-09,0.05000000074505806,0.05000000074505806,1.0007506866324938,0.9997499687421851,,
v__0_0,9.574649761480883e-05,1.8642714797693745e-06,3.810549080868826e-08,9.220582909659864e-05,9.941773015658481e-05,2317.58809137904,1.0002835235800374,9.6e-05,0.0001
gamma__0_0,0.4983632334528314,0.06738508924946938,0.0011934421578795144,0.36737019246329794,0.6323823868874818,3302.262208961949,1.000012573739253,0.48,0.45
s__0_0,0.010751612183952111,0.00020990064857917862,3.814846489720757e-06,0.010357939500876266,0.011170456833872668,2585.6870375273234,0.9998582652533803,0.010716,0.010768999999999999
tau__0_0,0.3533471968843863,0.028442516456643457,0.0005692072554785994,0.2965384305920761,0.4084771223961911,2276.701336028911,0.9998183431928973,0.35,0.33
t0__0_0,0.0,0.0,0.0,0.0,0.0,,,,
