,mean,sd,mc_error,hpd_2.5,hpd_97.5,n_eff,Rhat,MAP,generating
b,1.0,0.0,0.0,1.0,1.0,,,,
p_error,0.05000000819563866,7.450580596923828e-09,1.4901161193847657e-09,0.05000000074505806,0.05000000074505806,1.0007506866324938,0.9997499687421851,,
v__0_0,6.729709293712133e-05,4.574670068218755e-06,9.284242309281361e-08,5.831495625125131e-05,7.587137972005525e-05,2030.313999123019,0.9997889067142347,6.7e-05,6.1e-05
gamma__0_0,-0.7899449757077491,0.12882007087981462,0.0030267599251754536,-1.0459297342296274,-0.5372970973987741,1854.8674950845068,0.9999391319839973,-0.75,-1.1
s__0_0,0.008626868274596048,0.0006196193901106442,1.098494647872367e-05,0.007463746763496264,0.009861777327427722,2689.6708496063743,1.0000298138425001,0.00851,0.008565999999999999
tau__0_0,0.7157974007944162,0.21278338633466545,0.0046647057386083,0.3769447382205373,1.1359886310184346,1996.6193194282896,1.0011317583493025,0.66,0.87
t0__0_0,0.0,0.0,0.0,0.0,0.0,,,,
