,mean,sd,mc_error,hpd_2.5,hpd_97.5,n_eff,Rhat,MAP
b,1.0,0.0,0.0,1.0,1.0,,,
p_error,0.05000000819563866,7.450580596923828e-09,1.4901161193847657e-09,0.05000000074505806,0.05000000074505806,1.0007506866324938,0.9997499687421851,
v__0_0,9.48665270108913e-05,3.893815748530237e-06,1.1353339384263716e-07,8.723087477153637e-05,0.000102570966987234,1202.514286085479,0.9999459313100456,9.5e-05
gamma__0_0,16.693760568479934,2.075679995267937,0.05561791819193644,12.986722460749707,19.994177341734776,1309.641900530733,1.0009357443231128,17.6
s__0_0,0.00690268348927418,0.0005438102600982961,1.5767472391545016e-05,0.005904367547943015,0.007976444470027166,1419.2775343179383,1.0000147035948281,0.006726
tau__0_0,0.17783967606016596,0.034375023716638343,0.0011062348864288361,0.11731290236828834,0.24657716163263813,1005.6821216142046,0.9999886497339293,0.17
t0__0_0,0.0,0.0,0.0,0.0,0.0,,,
