,mean,sd,mc_error,hpd_2.5,hpd_97.5,n_eff,Rhat,MAP
b,1.0,0.0,0.0,1.0,1.0,,,
p_error,0.05000000447034836,3.725290298461914e-09,7.450580596923829e-10,0.05000000074505806,0.05000000074505806,1.0001503703406758,0.9999499987499374,
v__0_0,9.047794207261696e-05,4.391301834804372e-06,2.3738284831398871e-07,8.235536997450106e-05,9.903845720025519e-05,270.09427658518484,1.0044008924650762,9.3e-05
gamma__0_0,15.309550448459614,2.66808067399603,0.06641499524521519,10.791237167026246,19.999359870027593,1151.5466347413787,1.000665833985038,14.6
s__0_0,0.006011075347533549,0.0005732453158799694,2.6312342791739606e-05,0.005025074240079744,0.007179491551889065,392.7197361301916,1.0028500704258099,0.005628
tau__0_0,0.1587464630529881,0.03117765386980154,0.001384569178487788,0.10326601226926699,0.2215662464700544,392.772357880607,1.0040026864951463,0.14
t0__0_0,0.0,0.0,0.0,0.0,0.0,,,
