,mean,sd,mc_error,hpd_2.5,hpd_97.5,n_eff,Rhat,MAP
b,1.0,0.0,0.0,1.0,1.0,,,
p_error,0.05000000447034836,3.725290298461914e-09,7.450580596923829e-10,0.05000000074505806,0.05000000074505806,1.0001503703406758,0.9999499987499374,
v__0_0,0.00017250933579217203,8.64960663865707e-06,3.749056147042904e-07,0.00015723788243975453,0.00019054863532258018,442.85842612609525,1.004548094871326,0.000174
gamma__0_0,9.287533427219898,3.3415044326746006,0.12239299438606362,3.456912028441632,16.465633992188295,663.0858776932014,1.0002295328344197,8.24
s__0_0,0.008698169355226265,0.000986368583910933,3.673313784987493e-05,0.006895081941185586,0.01045655920124064,707.4527919877638,1.0012663844004437,0.007574
tau__0_0,0.09816380369297796,0.02960728156453677,0.0012687800391163952,0.04457917132124713,0.15503548995558386,468.62825729541214,1.0009666550793919,0.09
t0__0_0,0.0,0.0,0.0,0.0,0.0,,,
