,mean,sd,mc_error,hpd_2.5,hpd_97.5,n_eff,Rhat,MAP
b,1.0,0.0,0.0,1.0,1.0,,,
p_error,0.05000000447034836,3.725290298461914e-09,7.450580596923829e-10,0.05000000074505806,0.05000000074505806,1.0001503703406758,0.9999499987499374,
v__0_0,0.0001096712799120073,7.00510391404927e-06,2.496451702761179e-07,9.641852403743024e-05,0.00012414959485705903,818.5433429874645,1.000867986973891,0.00011
gamma__0_0,-0.6374576297570439,2.001365999541075,0.05631409084696269,-4.937590425952265,3.165425898288845,1231.7725399202684,1.0000170049348707,-1.39
s__0_0,0.009263246045815828,0.0007575528512989326,1.9483695249606895e-05,0.007801097022407191,0.010693982734030364,1554.3789643852504,1.0005752217030552,0.009448
tau__0_0,0.23023872344875831,0.05636547646333902,0.001339086101821477,0.12641612333906,0.3432097754421748,1590.9014488044975,1.0025751863854206,0.21
t0__0_0,0.0,0.0,0.0,0.0,0.0,,,
