,mean,sd,mc_error,hpd_2.5,hpd_97.5,n_eff,Rhat,MAP
b,1.0,0.0,0.0,1.0,1.0,,,
p_error,0.05000000819563866,7.450580596923828e-09,1.4901161193847657e-09,0.05000000074505806,0.05000000074505806,1.0007506866324938,0.9997499687421851,
v__0_0,6.802122787455723e-05,4.7538962034112135e-06,1.3369646592133592e-07,5.9126320058705304e-05,7.773122859983266e-05,1084.157105277853,1.0017661708745498,6.9e-05
gamma__0_0,26.083270867045343,9.405256217397849,0.3187120698224783,11.742868449595846,44.82522343044434,805.5688129975514,1.0002602758549088,16.73
s__0_0,0.008809771229107479,0.0006860838220741238,1.919777046087917e-05,0.007419527645938575,0.01009146794694413,1294.4794497614273,1.0038941922358604,0.008509
tau__0_0,0.16928533452549185,0.06290279847092671,0.0020487259811045795,0.05458681263089726,0.2862926830406108,961.1048819842881,1.003773313036919,0.14
t0__0_0,0.0,0.0,0.0,0.0,0.0,,,
