,mean,sd,mc_error,hpd_2.5,hpd_97.5,n_eff,Rhat,MAP
b,1.0,0.0,0.0,1.0,1.0,,,
p_error,0.05000000819563866,7.450580596923828e-09,1.4901161193847657e-09,0.05000000074505806,0.05000000074505806,1.0007506866324938,0.9997499687421851,
v__0_0,0.00010462935302228497,2.150872025929334e-06,4.4577833052557223e-08,0.00010039297837898911,0.00010889794691342451,2494.853485209268,0.9997514421379631,0.000105
gamma__0_0,8.390043676023142,1.166266377773979,0.022315414498987326,6.199849482739598,10.679605284806485,2552.229498905477,1.0003788571196823,7.89
s__0_0,0.011872811505223992,0.0002371642556103705,4.8689219628166074e-06,0.011426278094789986,0.01235281288575387,2775.410491856842,0.9997915175408264,0.011702
tau__0_0,0.12948987024829386,0.010390831630391865,0.00019950035485999788,0.11038100691121148,0.15116464172964253,2501.414668719288,0.9999708283232474,0.13
t0__0_0,0.0,0.0,0.0,0.0,0.0,,,
