,mean,sd,mc_error,hpd_2.5,hpd_97.5,n_eff,Rhat,MAP
b,1.0,0.0,0.0,1.0,1.0,,,
p_error,0.05000000819563866,7.450580596923828e-09,1.4901161193847657e-09,0.05000000074505806,0.05000000074505806,1.0007506866324938,0.9997499687421851,
v__0_0,4.1372719949261255e-05,2.277065632274564e-06,4.3414280706325837e-08,3.677515809557016e-05,4.553603144046877e-05,2570.9802916349627,0.9997723863411461,4.1e-05
gamma__0_0,15.377490275720604,3.1380457246574993,0.05643310543841483,9.65484508784104,21.764183355426894,2928.46140302225,1.000852630282781,14.58
s__0_0,0.007242173653461514,0.00046715471918890863,8.873729545672628e-06,0.006402053947935917,0.008194422032666954,2978.957893926615,1.000526563591481,0.007
tau__0_0,0.5023683508618316,0.1401096292069964,0.0028929072425948497,0.2771843715116652,0.7857424754119341,2265.667602405634,0.9997669230376277,0.44
t0__0_0,0.0,0.0,0.0,0.0,0.0,,,
