,mean,sd,mc_error,hpd_2.5,hpd_97.5,n_eff,Rhat,MAP
b,1.0,0.0,0.0,1.0,1.0,,,
p_error,0.05000000447034836,3.725290298461914e-09,7.450580596923829e-10,0.05000000074505806,0.05000000074505806,1.0001503703406758,0.9999499987499374,
v__0_0,9.25881649370978e-05,6.4196209081217995e-06,3.190079739541297e-07,8.000887881720921e-05,0.00010471385912998396,317.04972077101183,1.0090571712734013,9.2e-05
gamma__0_0,0.49554283238611535,0.6594577125103382,0.014085373894945349,-0.8106854298821027,1.7460252090296269,2320.513122560273,1.000771055659529,0.67
s__0_0,0.00791421773659555,0.0008108296874324521,2.1466046545961503e-05,0.00632152658227434,0.009408106810010957,1530.3994741780925,1.0000418583484987,0.007746
tau__0_0,0.40615094700582866,0.11566504733704049,0.004956833526397316,0.2107921604526241,0.6317448049473477,446.2833572162659,1.0078546623760891,0.33
t0__0_0,0.0,0.0,0.0,0.0,0.0,,,
