,mean,sd,mc_error,hpd_2.5,hpd_97.5,n_eff,Rhat,MAP
b,1.0,0.0,0.0,1.0,1.0,,,
p_error,0.05000000819563866,7.450580596923828e-09,1.4901161193847657e-09,0.05000000074505806,0.05000000074505806,1.0007506866324938,0.9997499687421851,
v__0_0,2.7942101776469557e-05,1.2605228593197294e-06,2.6385463844109863e-08,2.563089763235092e-05,3.056486138194276e-05,2466.7024976750504,0.9997547026500985,2.8e-05
gamma__0_0,8.148066430147015,1.9513323196554362,0.04135198580841863,4.501898545630111,12.048259829429046,2518.460066896984,0.9997538491792192,7.69
s__0_0,0.00567816887200086,0.0003124278441901368,5.094023221047552e-06,0.0050867487050933,0.006312111049905505,2775.9650776776084,0.9997654276539039,0.005559
tau__0_0,0.596439712669196,0.12865372501035552,0.0028061807260133685,0.36236651311462836,0.847467689689295,2360.656933838597,1.0003222668837262,0.54
t0__0_0,0.0,0.0,0.0,0.0,0.0,,,
