,mean,sd,mc_error,hpd_2.5,hpd_97.5,n_eff,Rhat,MAP
b,1.0,0.0,0.0,1.0,1.0,,,
p_error,0.05000000819563866,7.450580596923828e-09,1.4901161193847657e-09,0.05000000074505806,0.05000000074505806,1.0007506866324938,0.9997499687421851,
v__0_0,6.142374698207472e-05,1.6457336229668781e-06,3.56696506542788e-08,5.807398239582894e-05,6.447322480029446e-05,2159.4797145138346,1.0009952730679195,6.1e-05
gamma__0_0,8.840599444554217,1.0205512843679128,0.019403859419472792,6.933994286039027,10.946654289124933,2963.4153817764936,1.0003158170677426,8.36
s__0_0,0.014334540795081842,0.00024463763101608066,4.072280563618339e-06,0.013850884795334813,0.014801624556683978,3012.832190989031,1.000661126791755,0.014243
tau__0_0,0.38064570231726375,0.038595708558670436,0.0008035945159062478,0.3088968536432318,0.4578221005395123,2175.297062195083,0.9998089815733874,0.37
t0__0_0,0.0,0.0,0.0,0.0,0.0,,,
