,mean,sd,mc_error,hpd_2.5,hpd_97.5,n_eff,Rhat,MAP
b,1.0,0.0,0.0,1.0,1.0,,,
p_error,0.05000000819563866,7.450580596923828e-09,1.4901161193847657e-09,0.05000000074505806,0.05000000074505806,1.0007506866324938,0.9997499687421851,
v__0_0,0.00013029224459601185,2.5814169447360373e-06,5.534696671569577e-08,0.0001252205953725146,0.00013540241397291833,2295.559909241617,1.0001418846470287,0.000131
gamma__0_0,8.861902872639712,0.8897102972936322,0.01650560791567934,7.189750007742592,10.690522329188667,2417.8223987749207,1.001060208526304,8.73
s__0_0,0.010982854169987686,0.000265707646523234,5.155693645267692e-06,0.010493309051951229,0.011532416240111747,2723.398125508027,1.0001288962023456,0.011042
tau__0_0,0.15318695211791683,0.012845105226419165,0.0002509524583906746,0.12735342044037049,0.1777506205951761,2136.7487527528874,1.0010022881349734,0.15
t0__0_0,0.0,0.0,0.0,0.0,0.0,,,
