,mean,sd,mc_error,hpd_2.5,hpd_97.5,n_eff,Rhat,MAP
b,1.0,0.0,0.0,1.0,1.0,,,
p_error,0.05000000819563866,7.450580596923828e-09,1.4901161193847657e-09,0.05000000074505806,0.05000000074505806,1.0007506866324938,0.9997499687421851,
v__0_0,6.320703787230945e-05,3.854189705060964e-06,9.621563388365656e-08,5.545125786005348e-05,7.028343186722252e-05,1813.6378029981831,0.9998227172313485,6.3e-05
gamma__0_0,15.372525761510357,2.1078758998065616,0.04853210496782632,11.788447539756568,19.714282378597908,1647.4731551082432,0.9997625119281962,13.82
s__0_0,0.008401658271395027,0.0005733044743537322,1.138862596945861e-05,0.007325753469843324,0.009515301477835905,2305.1930307544612,0.9997528287214538,0.008781
tau__0_0,0.3588132561902,0.08868646916954134,0.0021342954995481503,0.2144667479922789,0.5458868225702127,1784.2051446611329,0.9998037197721191,0.33
t0__0_0,0.0,0.0,0.0,0.0,0.0,,,
