,mean,sd,mc_error,hpd_2.5,hpd_97.5,n_eff,Rhat,MAP
b,1.0,0.0,0.0,1.0,1.0,,,
p_error,0.05000000447034836,3.725290298461914e-09,7.450580596923829e-10,0.05000000074505806,0.05000000074505806,1.0001503703406758,0.9999499987499374,
v__0_0,3.239800864646897e-05,1.8804646362667183e-06,9.989668385560196e-08,2.8920339386343147e-05,3.6267455126085186e-05,284.2606991113899,1.0059691026183135,3.3e-05
gamma__0_0,14.446954725304964,2.63610884189297,0.08380929115328319,10.028541248134982,19.653046392200228,1105.8366105161872,0.9999526526694101,14.78
s__0_0,0.005543906167217641,0.00035754163407841435,1.4266536038879901e-05,0.004863657103476146,0.006233757510269103,561.7361807464843,1.003669919282343,0.005286
tau__0_0,0.40586942509674134,0.13168734885482328,0.006287283392380244,0.19840925858107672,0.6537533011446082,371.6585652008359,1.0023520111189026,0.34
t0__0_0,0.0,0.0,0.0,0.0,0.0,,,
