,mean,sd,mc_error,hpd_2.5,hpd_97.5,n_eff,Rhat,MAP
b,1.0,0.0,0.0,1.0,1.0,,,
p_error,0.05000000447034836,3.725290298461914e-09,7.450580596923829e-10,0.05000000074505806,0.05000000074505806,1.0001503703406758,0.9999499987499374,
v__0_0,3.1428318802005626e-05,1.7615674941545556e-06,5.8991895191891025e-08,2.8202693841017825e-05,3.512068703713378e-05,777.7496398394306,1.0000984126627321,3.1e-05
gamma__0_0,9.240990861387415,2.6336504296032195,0.08900780982795907,4.749017894710381,14.465318601025068,750.2929328136277,1.003427855386327,8.36
s__0_0,0.006410016914509195,0.00039129955739360237,1.2478709703536909e-05,0.00562899570052409,0.0071572032451481206,978.6124417714683,1.002990021997919,0.006504
tau__0_0,1.1365825707928376,0.3626054929983571,0.013897312850086658,0.541627430586714,1.8348342969502662,618.1142804206697,1.0022202364414092,0.99
t0__0_0,0.0,0.0,0.0,0.0,0.0,,,
