,mean,sd,mc_error,hpd_2.5,hpd_97.5,n_eff,Rhat,MAP
b,1.0,0.0,0.0,1.0,1.0,,,
p_error,0.05000000819563866,7.450580596923828e-09,1.4901161193847657e-09,0.05000000074505806,0.05000000074505806,1.0007506866324938,0.9997499687421851,
v__0_0,5.1286777731289814e-05,5.062225984523727e-06,2.7536650779996824e-07,4.220132258049594e-05,6.305297018048755e-05,144.99868094231502,1.005460545409864,5.1e-05
gamma__0_0,51.433608313370414,21.73744128360135,0.9235528571540111,19.236555310863878,93.82152406686924,415.0415565799125,0.9997524828115097,23.77
s__0_0,0.008591358716155288,0.0007225470586651322,3.4784275722497484e-05,0.007201242099259109,0.010084955579914236,321.1327786517707,1.0011855182035732,0.007904
tau__0_0,0.24053711052964916,0.3986549876888747,0.023786360641988507,0.019434734273648765,0.5183034696709061,156.4075129648362,1.0020439563448862,0.14
t0__0_0,0.0,0.0,0.0,0.0,0.0,,,
