,mean,sd,mc_error,hpd_2.5,hpd_97.5,n_eff,Rhat,MAP
b,1.0,0.0,0.0,1.0,1.0,,,
p_error,0.05000000447034836,3.725290298461914e-09,7.450580596923829e-10,0.05000000074505806,0.05000000074505806,1.0001503703406758,0.9999499987499374,
v__0_0,9.85170432018653e-05,5.49126957100591e-06,2.3157920085058402e-07,8.784378183595826e-05,0.00010876256698832586,488.8125610260203,1.000758443423303,0.000102
gamma__0_0,12.168939297597117,5.820801729394643,0.3226089914210168,3.4233284796613788,22.300813219861652,237.90206454181413,1.0194157715481693,9.87
s__0_0,0.006943113768596604,0.0006420234810657153,2.079318434242515e-05,0.005684183512504295,0.008151005570559818,834.3671162640816,0.9999537407968212,0.006524
tau__0_0,0.1338578738918967,0.039792729857407304,0.0018576456967072737,0.05916924540321519,0.21486644264006868,367.0088123263627,1.005761554347222,0.12
t0__0_0,0.0,0.0,0.0,0.0,0.0,,,
