,mean,sd,mc_error,hpd_2.5,hpd_97.5,n_eff,Rhat,MAP
b,1.0,0.0,0.0,1.0,1.0,,,
p_error,0.05000000447034836,3.725290298461914e-09,7.450580596923829e-10,0.05000000074505806,0.05000000074505806,1.0001503703406758,0.9999499987499374,
v__0_0,2.054191156491747e-05,1.2819798338381325e-06,4.670236847843295e-08,1.8067731595871173e-05,2.307043102576675e-05,695.7569870013465,1.00001087055629,2.1e-05
gamma__0_0,18.10301742842239,1.6041505194836436,0.02840981648691388,14.931034259660358,19.999482739896575,2992.5381986769553,1.0001120202433431,19.98
s__0_0,0.005959033204714689,0.00031973008896400365,1.0808931606766103e-05,0.005343139396186764,0.00656585798855067,798.2862015400087,0.9999632723409508,0.006025
tau__0_0,0.3426689699043007,0.07453694097637546,0.002460219738221317,0.20880872316680218,0.494729421184784,931.5885463634739,1.0010506039927862,0.32
t0__0_0,0.0,0.0,0.0,0.0,0.0,,,
