,mean,sd,mc_error,hpd_2.5,hpd_97.5,n_eff,Rhat,MAP
b,1.0,0.0,0.0,1.0,1.0,,,
p_error,0.05000000447034836,3.725290298461914e-09,7.450580596923829e-10,0.05000000074505806,0.05000000074505806,1.0001503703406758,0.9999499987499374,
v__0_0,9.866736637514083e-05,5.306035517955737e-06,2.675870499461193e-07,8.793569401011182e-05,0.00010881931046818197,290.9642137548954,0.9999757750394455,0.000101
gamma__0_0,11.387436354899144,3.558995344127625,0.10647642599467824,5.414489293946701,18.860476665791346,909.6079497394148,1.0014081133196786,9.91
s__0_0,0.006889461741407936,0.0006346047657505296,2.2562704744490696e-05,0.005606696289661221,0.008053491039738842,605.0473661967186,1.0001358527508526,0.007019
tau__0_0,0.13434574258083415,0.03589235584571014,0.0015787675522019409,0.0723381409615813,0.20708476806415535,398.20709834089115,1.0003473072906754,0.12
t0__0_0,0.0,0.0,0.0,0.0,0.0,,,
