,mean,sd,mc_error,hpd_2.5,hpd_97.5,n_eff,Rhat,MAP
b,1.0,0.0,0.0,1.0,1.0,,,
p_error,0.05000000447034836,3.725290298461914e-09,7.450580596923829e-10,0.05000000074505806,0.05000000074505806,1.0001503703406758,0.9999499987499374,
v__0_0,6.797557885039458e-05,4.842117831626266e-06,2.2586204536421712e-07,5.843484398826801e-05,7.690543434733903e-05,293.0149939839291,1.0053280751260363,6.6e-05
gamma__0_0,17.063937931485434,2.157618940249848,0.04460416016583496,12.937631740118345,19.999870735875653,2424.067754579935,1.0005906187257998,18.05
s__0_0,0.008888207701024477,0.000674305646421297,2.4889587014380787e-05,0.007569414466732157,0.010239155129666139,579.679263530674,1.004131271346427,0.009097
tau__0_0,0.21912500785038816,0.06838820704872862,0.0027690180029950663,0.11031833805631064,0.34621015650428183,424.2573157271206,1.0043242105115016,0.2
t0__0_0,0.0,0.0,0.0,0.0,0.0,,,
