,mean,sd,mc_error,hpd_2.5,hpd_97.5,n_eff,Rhat,MAP
b,1.0,0.0,0.0,1.0,1.0,,,
p_error,0.05000000447034836,3.725290298461914e-09,7.450580596923829e-10,0.05000000074505806,0.05000000074505806,1.0001503703406758,0.9999499987499374,
v__0_0,8.830842996041057e-05,7.65017529774326e-06,3.3512584022634447e-07,7.237621182730708e-05,0.00010142249653972993,422.3544712468703,1.0025679621519716,9.1e-05
gamma__0_0,6.637223979267347,2.739672785363661,0.06940054275750145,1.9240380494719833,12.459225369107578,1303.743512926634,1.0007501186880279,5.36
s__0_0,0.009253487260153445,0.000834956959923098,2.9065966491475577e-05,0.007632230975417987,0.0108616436208148,652.4272506578484,1.0027526891331462,0.009032
tau__0_0,0.31063629852832325,0.13034425835275593,0.005456040320489687,0.11998871364967986,0.5515591664137295,460.33640859538025,1.0015251895712467,0.22
t0__0_0,0.0,0.0,0.0,0.0,0.0,,,
