,mean,sd,mc_error,hpd_2.5,hpd_97.5,n_eff,Rhat,MAP
b,1.0,0.0,0.0,1.0,1.0,,,
p_error,0.05000000447034836,3.725290298461914e-09,7.450580596923829e-10,0.05000000074505806,0.05000000074505806,1.0001503703406758,0.9999499987499374,
v__0_0,1.8238627419485622e-05,1.0800988974786939e-06,3.8796858793610216e-08,1.638853978698947e-05,2.04164897779312e-05,682.1767707803976,1.0008571525599763,1.8e-05
gamma__0_0,8.588407780467747,1.1438707202515,0.025216564425693595,6.345008060545332,10.86711393202782,2071.6290541609737,1.0003372943723408,7.93
s__0_0,0.005707037478516399,0.00031166626806198666,9.678744185517019e-06,0.005097335333422538,0.006318283991193335,1022.4181858789689,1.0010921046342678,0.005751
tau__0_0,1.129377514144106,0.2966370361841943,0.008378397486631736,0.6132161754946196,1.6949542344888402,1151.3450783564351,0.999951080850189,1.05
t0__0_0,0.0,0.0,0.0,0.0,0.0,,,
