,mean,sd,mc_error,hpd_2.5,hpd_97.5,n_eff,Rhat,MAP
b,1.0,0.0,0.0,1.0,1.0,,,
p_error,0.05000000819563866,7.450580596923828e-09,1.4901161193847657e-09,0.05000000074505806,0.05000000074505806,1.0007506866324938,0.9997499687421851,
v__0_0,0.00010294138975667052,2.1670309928192176e-06,5.001908460148907e-08,9.844038150615582e-05,0.00010713136592961128,1946.466821584253,0.999772944827184,0.000103
gamma__0_0,9.276400665550408,0.7324611288064952,0.013663793270740476,7.822816278771612,10.663381252709488,2647.265841414371,1.0000510678595733,9.16
s__0_0,0.01092441507447921,0.00024047468391763765,4.279418673168511e-06,0.010451490775559312,0.011396939870896051,2837.535030256239,0.999881267975004,0.010766
tau__0_0,0.21890999763035202,0.016866363044231166,0.00039560246291539666,0.18446327643873942,0.2502065948801856,1712.1799005473317,1.0000513785238443,0.22
t0__0_0,0.0,0.0,0.0,0.0,0.0,,,
