,mean,sd,mc_error,hpd_2.5,hpd_97.5,n_eff,Rhat,MAP
b,1.0,0.0,0.0,1.0,1.0,,,
p_error,0.05000000819563866,7.450580596923828e-09,1.4901161193847657e-09,0.05000000074505806,0.05000000074505806,1.0007506866324938,0.9997499687421851,
v__0_0,6.379886225684922e-05,1.5916967316579602e-06,3.389138179754416e-08,6.0854869407776644e-05,6.711584182122987e-05,2087.659663432745,0.9997502438047828,6.4e-05
gamma__0_0,8.10867760499691,0.88219451315896,0.016043672190359532,6.391858080088667,9.809205183486824,2720.0650662817848,0.9997705346977646,8.29
s__0_0,0.011475877734348779,0.00022133761248977163,4.378302278685369e-06,0.011064080107865281,0.011916373676930056,2333.643368549384,0.9997976829974768,0.011455
tau__0_0,0.2518778803366964,0.022426804359098322,0.00047900720469489227,0.20916048788388336,0.2949947583213317,2125.765995289122,0.9997945961213472,0.25
t0__0_0,0.0,0.0,0.0,0.0,0.0,,,
