,mean,sd,mc_error,hpd_2.5,hpd_97.5,n_eff,Rhat,MAP
b,1.0,0.0,0.0,1.0,1.0,,,
p_error,0.05000000819563866,7.450580596923828e-09,1.4901161193847657e-09,0.05000000074505806,0.05000000074505806,1.0007506866324938,0.9997499687421851,
v__0_0,7.791611256923341e-05,4.674392829244114e-06,1.3947857147547001e-07,6.889888972851245e-05,8.689049904242982e-05,1237.027308018621,1.0007958194841577,7.8e-05
gamma__0_0,16.00667492970566,2.7197357219315625,0.05006158962361064,10.930924151832162,19.99825425684624,2614.0449539926176,0.9997519868560817,18.52
s__0_0,0.006371726837549332,0.0005944677657172403,2.0671876110129173e-05,0.005231555183234536,0.007564794105165472,945.8288610638372,1.0007715191975946,0.005973
tau__0_0,0.1252208173292606,0.03942297434393316,0.001140542878613408,0.06294051056660299,0.19195112841745868,1215.8158232931878,1.000705870931166,0.11
t0__0_0,0.0,0.0,0.0,0.0,0.0,,,
