,mean,sd,mc_error,hpd_2.5,hpd_97.5,n_eff,Rhat,MAP
b,1.0,0.0,0.0,1.0,1.0,,,
p_error,0.05000000819563866,7.450580596923828e-09,1.4901161193847657e-09,0.05000000074505806,0.05000000074505806,1.0007506866324938,0.9997499687421851,
v__0_0,5.118395044882372e-05,3.0653237293736115e-06,1.060737725580852e-07,4.4801397479303195e-05,5.686444569025437e-05,687.927813616497,0.9998171644482651,5.2e-05
gamma__0_0,47.24201167502512,21.168618642703272,0.8704541092892537,16.73090010121932,91.38390702414327,482.4825711209534,0.9999684344579288,17.99
s__0_0,0.008870738750345861,0.0005873249955806959,2.129359096028782e-05,0.007751688908471575,0.010021253414982202,502.70812189604914,0.9998762863004764,0.008698
tau__0_0,0.13198494975681682,0.059835559718585216,0.0028011518994682373,0.04242257027683106,0.24713657838163688,386.117308869774,0.9998144284981499,0.07
t0__0_0,0.0,0.0,0.0,0.0,0.0,,,
