,mean,sd,mc_error,hpd_2.5,hpd_97.5,n_eff,Rhat,MAP
b,1.0,0.0,0.0,1.0,1.0,,,
p_error,0.05000000819563866,7.450580596923828e-09,1.4901161193847657e-09,0.05000000074505806,0.05000000074505806,1.0007506866324938,0.9997499687421851,
v__0_0,4.188592319491562e-05,1.3119304016087712e-06,2.4690674222452654e-08,3.942898336801136e-05,4.455261239054275e-05,2344.0309594398464,1.0000010157741783,4.2e-05
gamma__0_0,4.8666084059255885,0.8844692618883072,0.013601851063261968,3.1721312983990337,6.6196193425016965,4080.3457591263787,0.9997685833590575,5.16
s__0_0,0.013184121299716797,0.00023143394397945457,4.44567763631287e-06,0.012750225118982057,0.013637754359691641,3326.6188588274936,1.000245225459695,0.013051
tau__0_0,0.5204300009003735,0.05218687786138609,0.0010552432082150166,0.421427707735598,0.6228921322785311,2483.0310255707514,0.9997551733742833,0.5
t0__0_0,0.0,0.0,0.0,0.0,0.0,,,
