,mean,sd,mc_error,hpd_2.5,hpd_97.5,n_eff,Rhat,MAP
b,1.0,0.0,0.0,1.0,1.0,,,
p_error,0.05000000819563866,7.450580596923828e-09,1.4901161193847657e-09,0.05000000074505806,0.05000000074505806,1.0007506866324938,0.9997499687421851,
v__0_0,3.4737292656262935e-05,2.1883476562169264e-06,5.054096993357225e-08,3.0061802529999987e-05,3.8747967748318635e-05,1928.1129955811568,1.0013899710057392,3.5e-05
gamma__0_0,0.9254591884308827,0.6335394600925677,0.011698596128598714,-0.31345881245610485,2.1955527905909094,3108.3941342847625,0.9998607194238975,1.23
s__0_0,0.006746921914338048,0.0004859876616926751,9.334937241905565e-06,0.005815085693759395,0.007722039954150673,2574.3596234039287,0.9997708307164443,0.006573
tau__0_0,0.4049363812478596,0.10930495443395842,0.0026348032468925617,0.22526776104096366,0.6183419105614841,2188.4474102326403,1.0009782519916863,0.35
t0__0_0,0.0,0.0,0.0,0.0,0.0,,,
