,mean,sd,mc_error,hpd_2.5,hpd_97.5,n_eff,Rhat,MAP
b,1.0,0.0,0.0,1.0,1.0,,,
p_error,0.05000000447034836,3.725290298461914e-09,7.450580596923829e-10,0.05000000074505806,0.05000000074505806,1.0001503703406758,0.9999499987499374,
v__0_0,0.00015844569638780566,4.05275414452266e-06,1.5592548471643478e-07,0.00014992023431844198,0.00016564453284900296,562.1573140022298,1.0007783430578387,0.000158
gamma__0_0,9.698400600242369,1.8722662222308397,0.05278417620475645,5.980610316008663,13.216013052407305,1172.4260412717106,1.0003397765084325,8.07
s__0_0,0.005726724702743703,0.00036035604615149836,8.855227435966554e-06,0.005031680991189109,0.006423929123556323,1411.7823134183773,1.000092591776331,0.005634
tau__0_0,0.12583022306520505,0.01924286730456013,0.0007448465407616612,0.09103709423820257,0.1634805582188802,557.8506091009891,1.0014337597404808,0.12
t0__0_0,0.0,0.0,0.0,0.0,0.0,,,
