,mean,sd,mc_error,hpd_2.5,hpd_97.5,n_eff,Rhat,MAP
b,1.0,0.0,0.0,1.0,1.0,,,
p_error,0.05000000819563866,7.450580596923828e-09,1.4901161193847657e-09,0.05000000074505806,0.05000000074505806,1.0007506866324938,0.9997499687421851,
v__0_0,0.00010361896274848542,1.9026270776880951e-06,3.3753123217675246e-08,9.998551008907359e-05,0.00010741426528879864,2467.6193354278244,0.9998881744590233,0.000103
gamma__0_0,3.7078906003600443,0.6005785296773504,0.011423514220392712,2.496573485520841,4.878319167652792,2743.5374013334435,0.9997563943773221,3.93
s__0_0,0.010217404701580581,0.00021383554882696733,4.005437361312563e-06,0.009807443804509363,0.010643873239205948,2497.596782205545,0.999760017919443,0.010269
tau__0_0,0.21246864775192909,0.014588168052056613,0.00027498805567069623,0.1849914797141785,0.24133511425029913,2386.2573476627404,0.9998027400905395,0.21
t0__0_0,0.0,0.0,0.0,0.0,0.0,,,
