,mean,sd,mc_error,hpd_2.5,hpd_97.5,n_eff,Rhat,MAP
b,1.0,0.0,0.0,1.0,1.0,,,
p_error,0.05000000819563866,7.450580596923828e-09,1.4901161193847657e-09,0.05000000074505806,0.05000000074505806,1.0007506866324938,0.9997499687421851,
v__0_0,4.4075747470347215e-05,4.727417776739039e-06,1.594561505977685e-07,3.507826258031141e-05,5.314954266935697e-05,741.2931895132749,0.9997706428820851,4.4e-05
gamma__0_0,5.383065490879124,1.9320030036127542,0.055004824568244126,1.7809253889358132,9.285582033768321,1037.0168976875184,0.999784426605312,4.1
s__0_0,0.0097983110814527,0.0007744688414513103,2.3534391473284526e-05,0.008261294715258499,0.011262115960876007,936.2467474576696,1.0005986705749887,0.009288
tau__0_0,1.2617404594897044,0.9840294472022331,0.033073548820248384,0.3251263486052154,3.679973487363889,673.8615888285972,1.0002016749777225,0.69
t0__0_0,0.0,0.0,0.0,0.0,0.0,,,
