,mean,sd,mc_error,hpd_2.5,hpd_97.5,n_eff,Rhat,MAP
b,1.0,0.0,0.0,1.0,1.0,,,
p_error,0.05000000819563866,7.450580596923828e-09,1.4901161193847657e-09,0.05000000074505806,0.05000000074505806,1.0007506866324938,0.9997499687421851,
v__0_0,0.0001096635248536003,6.349090552993089e-06,1.4069464990383363e-07,9.676059203418561e-05,0.0001220811844386267,1811.964843050373,0.999886635020309,0.00011
gamma__0_0,5.121160264296475,2.1367409969261715,0.044118075730509416,1.306106338993601,9.632170048251226,2580.506423963161,0.9998482197862948,4.55
s__0_0,0.008076379201810696,0.0006777474889778621,1.5466288527005924e-05,0.006767025206104239,0.009403596553928242,1762.4361504778446,0.999749980636615,0.008103
tau__0_0,0.19278999183100123,0.052106273967897604,0.001232887601486195,0.10282277111094207,0.29461136305858626,1651.035490077246,0.999750327452019,0.18
t0__0_0,0.0,0.0,0.0,0.0,0.0,,,
