,mean,sd,mc_error,hpd_2.5,hpd_97.5,n_eff,Rhat,MAP
b,1.0,0.0,0.0,1.0,1.0,,,
p_error,0.05000000447034836,3.725290298461914e-09,7.450580596923829e-10,0.05000000074505806,0.05000000074505806,1.0001503703406758,0.9999499987499374,
v__0_0,3.312609356256915e-05,1.933259668143456e-06,8.083103907871164e-08,2.935766768873046e-05,3.662324992381989e-05,487.5310003993709,1.0004807538903053,3.3e-05
gamma__0_0,5.339023616176952,1.2257572601764009,0.03325315279634246,3.044323511097371,7.627558767993502,1354.7494375091446,1.0006481548298838,5.43
s__0_0,0.0063785230134342326,0.00040967279863838847,1.6206299799434004e-05,0.005640010363184698,0.0072090938516972585,560.564684129632,1.0001311335919836,0.006219
tau__0_0,0.5163387409090654,0.13681669422562448,0.004918947223502909,0.2924656936439486,0.8063171906497295,683.8325769701651,1.000251498435662,0.45
t0__0_0,0.0,0.0,0.0,0.0,0.0,,,
