,mean,sd,mc_error,hpd_2.5,hpd_97.5,n_eff,Rhat,MAP
b,1.0,0.0,0.0,1.0,1.0,,,
p_error,0.05000000447034836,3.725290298461914e-09,7.450580596923829e-10,0.05000000074505806,0.05000000074505806,1.0001503703406758,0.9999499987499374,
v__0_0,3.281121748649745e-05,1.917431172942361e-06,9.300240481527372e-08,2.8889997209223736e-05,3.6302562770084425e-05,357.23282456421333,1.0000094511126019,3.3e-05
gamma__0_0,16.467757486339558,5.872868018041582,0.3550444352298424,9.000824046826537,26.695080645530012,233.85587192788017,1.0020811932523377,11.71
s__0_0,0.005475121066838668,0.00034840565496417316,1.4371022050879353e-05,0.004795229841360544,0.006156706290591067,496.3970173678055,1.0004378826801306,0.005358
tau__0_0,0.3590581410137748,0.13281193994562898,0.0072404019148249316,0.12370302233223966,0.6163772749215185,230.29481532526486,1.0000996155790634,0.3
t0__0_0,0.0,0.0,0.0,0.0,0.0,,,
