,mean,sd,mc_error,hpd_2.5,hpd_97.5,n_eff,Rhat,MAP
b,1.0,0.0,0.0,1.0,1.0,,,
p_error,0.05000000819563866,7.450580596923828e-09,1.4901161193847657e-09,0.05000000074505806,0.05000000074505806,1.0007506866324938,0.9997499687421851,
v__0_0,6.349856543731827e-05,4.594845440473107e-06,9.74756709848119e-08,5.4458784277291845e-05,7.230824379348857e-05,2068.3059407019723,1.0000983686493092,6.3e-05
gamma__0_0,7.443711242254385,2.485696511694468,0.0514393217828074,2.998205917459657,12.240411555530727,2123.3682981614093,1.0005193025016974,5.62
s__0_0,0.00884451305838526,0.0006511477085211216,1.3211174737867131e-05,0.007653273358710325,0.010226793669688703,2178.344179278379,0.9997944966211338,0.008576
tau__0_0,0.360299058323665,0.08710005735651034,0.0016823287372042621,0.2117804311327788,0.5292059278743779,1961.2654040922935,0.9998017411107318,0.35
t0__0_0,0.0,0.0,0.0,0.0,0.0,,,
