,mean,sd,mc_error,hpd_2.5,hpd_97.5,n_eff,Rhat,MAP
b,1.0,0.0,0.0,1.0,1.0,,,
p_error,0.05000000447034836,3.725290298461914e-09,7.450580596923829e-10,0.05000000074505806,0.05000000074505806,1.0001503703406758,0.9999499987499374,
v__0_0,9.380346890896019e-05,1.1380476451038863e-05,5.244503297958012e-07,7.113202042557372e-05,0.0001145658790638441,357.1675739903318,1.0025773493689145,0.000102
gamma__0_0,10.453163823011115,2.9564127955615676,0.08155349509862418,5.683583464556975,16.97903691336706,1142.3354723879233,1.0005739576342536,8.77
s__0_0,0.01073273511461045,0.0012667821556873115,4.2511482852896054e-05,0.008454229093020536,0.013334557924939153,697.3692292205931,1.0012650930605,0.011668
tau__0_0,0.7002119419493346,0.8876142279766442,0.04197368457202498,0.09293068871991524,2.969424221811288,370.40183564063875,1.0026751945312093,0.3
t0__0_0,0.0,0.0,0.0,0.0,0.0,,,
