,mean,sd,mc_error,hpd_2.5,hpd_97.5,n_eff,Rhat,MAP
b,1.0,0.0,0.0,1.0,1.0,,,
p_error,0.05000000819563866,7.450580596923828e-09,1.4901161193847657e-09,0.05000000074505806,0.05000000074505806,1.0007506866324938,0.9997499687421851,
v__0_0,3.981606735354165e-05,3.264797281102697e-06,7.021080044674048e-08,3.372922451797994e-05,4.648670081706694e-05,2021.1578504003448,0.9997888431775073,4e-05
gamma__0_0,4.893937771404404,1.5469906565104528,0.028651091345328266,1.8671841637897373,7.936506648627365,2716.0414928712303,0.9998086405187125,4.58
s__0_0,0.008978731031500665,0.0005744068929058175,1.3021853081535679e-05,0.007876841096344253,0.010132087977239329,2196.2664900386176,1.0000864743269575,0.00912
tau__0_0,0.6601285003925557,0.32536447711572447,0.013291558477850319,0.30682306250993413,1.1111799575802752,620.5691776163071,1.0009694459854226,0.53
t0__0_0,0.0,0.0,0.0,0.0,0.0,,,
