,mean,sd,mc_error,hpd_2.5,hpd_97.5,n_eff,Rhat,MAP
b,1.0,0.0,0.0,1.0,1.0,,,
p_error,0.05000000819563866,7.450580596923828e-09,1.4901161193847657e-09,0.05000000074505806,0.05000000074505806,1.0007506866324938,0.9997499687421851,
v__0_0,7.025780157564631e-05,4.247594320952874e-06,7.553134242568183e-08,6.235711867448295e-05,7.879185746387318e-05,2574.8135671973837,0.9998013368434507,6.9e-05
gamma__0_0,3.170452442384645,1.0258074770563168,0.020029224866118123,1.3319629174503724,5.13516747364881,2079.023113498562,1.0003869978792086,2.91
s__0_0,0.008120957591118827,0.0006117187503144848,1.165244507739167e-05,0.006956433282134974,0.009308049702412769,2652.7782497612116,0.9998298053383725,0.008201
tau__0_0,0.5247821227151396,0.1290845583058088,0.002598456482137139,0.2898430219287175,0.7883854716287869,2488.1811653677655,1.0001993015164847,0.53
t0__0_0,0.0,0.0,0.0,0.0,0.0,,,
