,mean,sd,mc_error,hpd_2.5,hpd_97.5,n_eff,Rhat,MAP
b,1.0,0.0,0.0,1.0,1.0,,,
p_error,0.05000000819563866,7.450580596923828e-09,1.4901161193847657e-09,0.05000000074505806,0.05000000074505806,1.0007506866324938,0.9997499687421851,
v__0_0,1.9990432055344162e-05,9.479149577629485e-07,2.1220071440359598e-08,1.8111625883012182e-05,2.178693857938755e-05,2023.6903555632787,0.9999494722392648,2e-05
gamma__0_0,10.57170139153797,2.129634140037726,0.047761685736040324,6.691874625766104,14.717864704726196,2166.601248016212,0.999936844212144,9.33
s__0_0,0.0036414546816320157,0.00023283283756405255,4.762197616172454e-06,0.0032018888125123534,0.0041035383056257525,2185.854692810334,1.0005255304136522,0.003581
tau__0_0,0.4102436988600983,0.08342316623687386,0.0017263377971423383,0.2615276457420783,0.5789587122430175,2007.7886150716215,1.0001553382677708,0.36
t0__0_0,0.0,0.0,0.0,0.0,0.0,,,
