,mean,sd,mc_error,hpd_2.5,hpd_97.5,n_eff,Rhat,MAP
b,1.0,0.0,0.0,1.0,1.0,,,
p_error,0.05000000819563866,7.450580596923828e-09,1.4901161193847657e-09,0.05000000074505806,0.05000000074505806,1.0007506866324938,0.9997499687421851,
v__0_0,4.77054417228168e-05,1.0778966181713426e-06,2.1528569366595408e-08,4.540976030182687e-05,4.967163611147988e-05,2385.6478353845137,0.9998103830366959,4.8e-05
gamma__0_0,16.76977547453365,1.6241028292822852,0.03332968254333363,13.736934834677328,20.036315408587683,2765.1692704584893,1.0004658086259055,16.84
s__0_0,0.009970491162422658,0.00018630397623721294,3.213974889511183e-06,0.00961094654404006,0.010338635915126772,2934.919505521837,1.0000842988347844,0.009952
tau__0_0,0.19762594247541737,0.017048775613885764,0.0003417237561180024,0.1631729439911272,0.23043542089851546,2485.6259472664715,1.0001444824169352,0.2
t0__0_0,0.0,0.0,0.0,0.0,0.0,,,
