,mean,sd,mc_error,hpd_2.5,hpd_97.5,n_eff,Rhat,MAP
b,1.0,0.0,0.0,1.0,1.0,,,
p_error,0.05000000819563866,7.450580596923828e-09,1.4901161193847657e-09,0.05000000074505806,0.05000000074505806,1.0007506866324938,0.9997499687421851,
v__0_0,2.3919378231032302e-05,2.5207032467367425e-06,5.7308844946771425e-08,1.9228254616072115e-05,2.8851424295777094e-05,2086.6231477986626,0.999750990746982,2.3e-05
gamma__0_0,1.0508671925023432,0.8043693938034242,0.015014292715261519,-0.48975538179271894,2.6801013709608235,2871.6372871158364,0.9999799565991487,0.98
s__0_0,0.01026262138962897,0.0006624968379094092,1.3263060427696147e-05,0.008947665235925563,0.011516051143086011,2573.8453755994537,0.9998442683408215,0.010096
tau__0_0,2.2890867683630036,1.101134384632486,0.027005658310922654,0.6978616952246444,4.5630942165535915,1556.7175616394616,1.0014258636730229,1.11
t0__0_0,0.0,0.0,0.0,0.0,0.0,,,
