,mean,sd,mc_error,hpd_2.5,hpd_97.5,n_eff,Rhat,MAP
b,1.0,0.0,0.0,1.0,1.0,,,
p_error,0.05000000819563866,7.450580596923828e-09,1.4901161193847657e-09,0.05000000074505806,0.05000000074505806,1.0007506866324938,0.9997499687421851,
v__0_0,0.00010447679782212482,2.251622670032695e-06,5.0490873243119626e-08,0.00010013059257382782,0.00010883101601564816,2212.8123492693812,0.9997521334067848,0.000104
gamma__0_0,2.2418983225640137,0.41223660170408477,0.006582871563294161,1.4745851871490814,3.1057339812759768,3233.275915974896,1.0002031012378976,2.09
s__0_0,0.013583647034045807,0.0002728349335201418,5.573602896155047e-06,0.013051666636688329,0.01412426850624504,2757.2739199063135,0.999973495805737,0.013593
tau__0_0,0.44807184396535565,0.033353153163881266,0.0007298521618838822,0.38877836930505555,0.5181758813703743,2473.6527256690497,1.000223304089964,0.44
t0__0_0,0.0,0.0,0.0,0.0,0.0,,,
