,mean,sd,mc_error,hpd_2.5,hpd_97.5,n_eff,Rhat,MAP
b,1.0,0.0,0.0,1.0,1.0,,,
p_error,0.05000000819563866,7.450580596923828e-09,1.4901161193847657e-09,0.05000000074505806,0.05000000074505806,1.0007506866324938,0.9997499687421851,
v__0_0,6.201545666407578e-05,3.908869739472955e-06,6.955622341836231e-08,5.460021695050725e-05,6.970469778023802e-05,2670.756938428105,0.9998027859471481,6.2e-05
gamma__0_0,3.6785508268740004,1.0566279639025566,0.020294598208710844,1.5970611692188346,5.71707839865484,2530.836818318264,1.000596143269198,3.81
s__0_0,0.007654120378182664,0.0005624350474885112,9.944843229975226e-06,0.006595201617519955,0.008761271314314006,3091.4588871798996,0.9997826289850881,0.007264
tau__0_0,0.6310927065585648,0.15101858421919612,0.0026903964230284606,0.37882346065255484,0.9344756440981841,2623.2093620878804,0.9997501941740065,0.55
t0__0_0,0.0,0.0,0.0,0.0,0.0,,,
