,mean,sd,mc_error,hpd_2.5,hpd_97.5,n_eff,Rhat,MAP
b,1.0,0.0,0.0,1.0,1.0,,,
p_error,0.05000000819563866,7.450580596923828e-09,1.4901161193847657e-09,0.05000000074505806,0.05000000074505806,1.0007506866324938,0.9997499687421851,
v__0_0,8.962847932922912e-05,6.463292392364733e-06,1.351351103955066e-07,7.657841423995387e-05,0.00010195740005071292,2271.403410566709,1.0003174846429894,9e-05
gamma__0_0,3.547631686867585,1.5540733330156464,0.0354694678927238,0.9094169527288027,6.803030496510264,2082.9119691201504,0.9997870157090782,2.65
s__0_0,0.0100473949654915,0.0008130504477502621,1.5239930339268495e-05,0.008573121270143156,0.01173613960837316,2423.8084668426504,0.9997757711090404,0.009991
tau__0_0,0.2835789182641912,0.08118664124102867,0.0018217177857377874,0.14275907448401276,0.4475826252885682,2073.106928175778,0.9997521022942417,0.26
t0__0_0,0.0,0.0,0.0,0.0,0.0,,,
