,mean,sd,mc_error,hpd_2.5,hpd_97.5,n_eff,Rhat,MAP
b,1.0,0.0,0.0,1.0,1.0,,,
p_error,0.05000000447034836,3.725290298461914e-09,7.450580596923829e-10,0.05000000074505806,0.05000000074505806,1.0001503703406758,0.9999499987499374,
v__0_0,0.00014111206956446182,3.849734532553616e-06,1.5686955243335743e-07,0.00013296108409050075,0.00014819407448559094,610.4173954711,1.0000483350017786,0.000142
gamma__0_0,4.107498401053168,6.482341786097491,0.2954312376841767,-2.05086509365546,11.701910169639461,459.63688045895196,1.0075522485527364,3.12
s__0_0,0.006198671110506972,0.000367829606062912,1.271280748549678e-05,0.0056377351020362254,0.0070644410209754795,784.6309331353906,1.0003342155132458,0.006033
tau__0_0,0.06737028481957266,0.02660724978330039,0.0009295607482412163,0.013896692784919019,0.12191802114044943,728.9405343415295,1.0038054039463313,0.06
t0__0_0,0.0,0.0,0.0,0.0,0.0,,,
