,mean,sd,mc_error,hpd_2.5,hpd_97.5,n_eff,Rhat,MAP
b,1.0,0.0,0.0,1.0,1.0,,,
p_error,0.05000000819563866,7.450580596923828e-09,1.4901161193847657e-09,0.05000000074505806,0.05000000074505806,1.0007506866324938,0.9997499687421851,
v__0_0,3.4741357911311094e-05,2.227309498629987e-06,4.498942931428268e-08,3.0323778977402725e-05,3.8961752641082516e-05,2484.951505224036,1.0001245195279325,3.4e-05
gamma__0_0,0.891238283791856,0.6198381245684667,0.009872366034052256,-0.39178193976045605,2.0434550810460603,3122.102834778729,0.999750496710627,0.91
s__0_0,0.00673801732299301,0.0004871895064297776,9.150614194719022e-06,0.005831569130962807,0.00772629060635163,2811.156431265538,0.9998568859056879,0.006443
tau__0_0,0.4034730824501985,0.10686715703559915,0.00222921404028826,0.21948866514594723,0.6115739548518483,2323.022897846538,1.000610082646923,0.38
t0__0_0,0.0,0.0,0.0,0.0,0.0,,,
