,mean,sd,mc_error,hpd_2.5,hpd_97.5,n_eff,Rhat,MAP
b,1.0,0.0,0.0,1.0,1.0,,,
p_error,0.05000000819563866,7.450580596923828e-09,1.4901161193847657e-09,0.05000000074505806,0.05000000074505806,1.0007506866324938,0.9997499687421851,
v__0_0,5.408380817106041e-05,1.4880190994458954e-06,2.9564866233336147e-08,5.135899291766193e-05,5.7189906503788826e-05,2705.32537405906,1.0004344810818007,5.4e-05
gamma__0_0,19.089753423111475,2.047971875974418,0.035881134915522854,15.266885076047515,23.156963543134452,3264.9161694735944,1.000412884099737,19.17
s__0_0,0.01202014889846734,0.0002410680356852909,4.738850232749252e-06,0.011542925188916477,0.012473308061986241,2587.142261738657,1.0001160096578348,0.011994
tau__0_0,0.2681507896520308,0.03093728828902724,0.0006165137190915751,0.21308573532819047,0.3329539322583431,2505.0826832691914,1.0013416592627316,0.26
t0__0_0,0.0,0.0,0.0,0.0,0.0,,,
