,mean,sd,mc_error,hpd_2.5,hpd_97.5,n_eff,Rhat,MAP
b,1.0,0.0,0.0,1.0,1.0,,,
p_error,0.05000000819563866,7.450580596923828e-09,1.4901161193847657e-09,0.05000000074505806,0.05000000074505806,1.0007506866324938,0.9997499687421851,
v__0_0,0.00010673329314636974,2.7997072895590516e-06,5.486204720742337e-08,0.00010120654378997547,0.00011225650734315968,2136.896119652249,0.9997501953818578,0.000106
gamma__0_0,8.868586696479905,0.8789315327290547,0.01857207328692345,7.232758350393528,10.572563555046468,1845.6519342567503,1.0013508478778603,8.33
s__0_0,0.014128831156118016,0.00028990777124619034,5.784878365579756e-06,0.013573449036019968,0.014702825351142769,2389.4667267582577,0.9997575960907102,0.014121
tau__0_0,0.2200186221371152,0.02128301010278654,0.0003930804062144295,0.1793946976002159,0.2616503840434601,2101.6080104876146,0.9998973930112424,0.21
t0__0_0,0.0,0.0,0.0,0.0,0.0,,,
