,mean,sd,mc_error,hpd_2.5,hpd_97.5,n_eff,Rhat,MAP
b,1.0,0.0,0.0,1.0,1.0,,,
p_error,0.05000000819563866,7.450580596923828e-09,1.4901161193847657e-09,0.05000000074505806,0.05000000074505806,1.0007506866324938,0.9997499687421851,
v__0_0,7.76553817754754e-05,1.5494570406623708e-06,2.8452171722178392e-08,7.462197684251766e-05,8.07211373318584e-05,2798.018924286398,1.0002721052984267,7.8e-05
gamma__0_0,5.438203427305561,0.6881739900567951,0.013028560217405245,4.117612984873567,6.802657446255289,2515.601183454662,0.9997555896132793,5.25
s__0_0,0.011811885610668267,0.00022816463300591244,4.14648872561232e-06,0.011365388190226642,0.012252642267865984,2922.421072732394,0.9998146557650701,0.011864
tau__0_0,0.4585260206021121,0.033839880477292854,0.0006255995532003431,0.39196730558344917,0.5247127249684764,2364.8237936661817,0.9998158433322748,0.45
t0__0_0,0.0,0.0,0.0,0.0,0.0,,,
