,mean,sd,mc_error,hpd_2.5,hpd_97.5,n_eff,Rhat,MAP
b,1.0,0.0,0.0,1.0,1.0,,,
p_error,0.05000000447034836,3.725290298461914e-09,7.450580596923829e-10,0.05000000074505806,0.05000000074505806,1.0001503703406758,0.9999499987499374,
v__0_0,3.3075924277735895e-05,2.0120544111149674e-06,7.161778914675898e-08,2.9207524288201412e-05,3.690915679019343e-05,666.334601082482,1.0069204756893484,3.3e-05
gamma__0_0,5.394537176116189,1.2272625734589058,0.04527079863123621,2.896606470127864,7.652228057209243,619.5112779290016,1.000931724685925,4.47
s__0_0,0.006393436255413783,0.0004044185345880025,1.5550648071309906e-05,0.005600801272262629,0.007163339614299038,627.7587352053619,1.0054007065733281,0.006381
tau__0_0,0.516356314197474,0.1395732225848958,0.005487723544645139,0.28585710638284545,0.8151542624417181,525.6252162038757,1.0067684187690014,0.45
t0__0_0,0.0,0.0,0.0,0.0,0.0,,,
