,mean,sd,mc_error,hpd_2.5,hpd_97.5,n_eff,Rhat,MAP
b,1.0,0.0,0.0,1.0,1.0,,,
p_error,0.05000000819563866,7.450580596923828e-09,1.4901161193847657e-09,0.05000000074505806,0.05000000074505806,1.0007506866324938,0.9997499687421851,
v__0_0,4.823216058479943e-05,3.8975240410315204e-06,8.590496519634391e-08,4.0068721604914185e-05,5.5389888613289086e-05,1907.8544167103364,1.0017844966784366,4.9e-05
gamma__0_0,16.465629390767003,4.135302184229507,0.0923254669495408,8.82222196766051,24.141379997509915,1885.7366158024415,1.001400229480697,15.35
s__0_0,0.007840559537131142,0.0006158467949239228,1.485925402137111e-05,0.006671761668708148,0.009079881963125092,2028.6726916717748,1.0029637931569644,0.007581
tau__0_0,0.26563871883784007,0.10607667493729643,0.0024916933315885783,0.12821753004879982,0.4640871799288473,1683.0042523668344,1.0017900828105104,0.23
t0__0_0,0.0,0.0,0.0,0.0,0.0,,,
