,mean,sd,mc_error,hpd_2.5,hpd_97.5,n_eff,Rhat,MAP
b,1.0,0.0,0.0,1.0,1.0,,,
p_error,0.05000000819563866,7.450580596923828e-09,1.4901161193847657e-09,0.05000000074505806,0.05000000074505806,1.0007506866324938,0.9997499687421851,
v__0_0,9.379346710586641e-05,2.247883444547116e-06,4.668464909259307e-08,8.96235005882371e-05,9.833337786595678e-05,2337.2900248295778,1.001188380539338,9.3e-05
gamma__0_0,17.33849189704125,1.3898293611893653,0.025410589402958855,14.808775369270094,20.250186285157554,2608.5925632882263,1.0001962839989975,17.72
s__0_0,0.010761289022029675,0.0002361532143848445,4.899646910944774e-06,0.010299568122830794,0.011216724346908935,2602.2612379913126,1.001206956942024,0.010627
tau__0_0,0.1808529052986941,0.018425138385449954,0.0003700482125473275,0.1467569664582637,0.2188231371129582,2272.5602052545996,1.0012443546206657,0.18
t0__0_0,0.0,0.0,0.0,0.0,0.0,,,
