,mean,sd,mc_error,hpd_2.5,hpd_97.5,n_eff,Rhat,MAP
b,1.0,0.0,0.0,1.0,1.0,,,
p_error,0.05000000819563866,7.450580596923828e-09,1.4901161193847657e-09,0.05000000074505806,0.05000000074505806,1.0007506866324938,0.9997499687421851,
v__0_0,6.98628580665987e-05,1.4567211490966237e-06,2.7045116749275282e-08,6.691063275392788e-05,7.256876451088442e-05,2758.639074763789,0.999835533720141,7e-05
gamma__0_0,6.137551159717076,0.7640986916492385,0.012615709354012211,4.591850873647601,7.549147611200141,3300.5271573011473,0.9997580978872003,6.03
s__0_0,0.010941130420874206,0.00020461970020287646,4.087590543666005e-06,0.01054155688793683,0.01133721629473722,2950.595710200432,1.0000109025343318,0.010902
tau__0_0,0.33721478022168505,0.026147823097634106,0.00047920818323495695,0.2895470193720697,0.38982931006222854,2973.913574844384,0.9998079807123984,0.33
t0__0_0,0.0,0.0,0.0,0.0,0.0,,,
