,mean,sd,mc_error,hpd_2.5,hpd_97.5,n_eff,Rhat,MAP
b,1.0,0.0,0.0,1.0,1.0,,,
p_error,0.05000000447034836,3.725290298461914e-09,7.450580596923829e-10,0.05000000074505806,0.05000000074505806,1.0001503703406758,0.9999499987499374,
v__0_0,5.613021432970624e-05,3.6735717513630574e-06,2.1940964877097598e-07,4.912630274438417e-05,6.314182657229234e-05,188.15110006155268,1.007643596833967,5.6e-05
gamma__0_0,0.9120414803750797,1.0232028961996862,0.01844577648705894,-1.0794341235089142,2.909309415892725,3042.788865922436,1.0003127749928855,0.23
s__0_0,0.006355833658160273,0.0005169183243367549,1.6959506152526824e-05,0.005340001278769273,0.007328748733111159,940.837456356108,1.0007987650774424,0.006425
tau__0_0,0.5693071149255253,0.1637381438233153,0.008492500178422992,0.30445419680445257,0.897795128082094,285.3421844759174,1.0084620245341303,0.46
t0__0_0,0.0,0.0,0.0,0.0,0.0,,,
