,mean,sd,mc_error,hpd_2.5,hpd_97.5,n_eff,Rhat,MAP
b,1.0,0.0,0.0,1.0,1.0,,,
p_error,0.05000000447034836,3.725290298461914e-09,7.450580596923829e-10,0.05000000074505806,0.05000000074505806,1.0001503703406758,0.9999499987499374,
v__0_0,2.654102696067187e-05,1.364246778799747e-06,6.76351654327205e-08,2.3860573172542417e-05,2.9149211909442747e-05,328.0467871376199,1.0002095212634685,2.7e-05
gamma__0_0,2.8274597313512557,0.6064013387473737,0.01936619885464293,1.8378095690730945,4.026464957101053,965.2315353954267,1.003400962713381,2.5
s__0_0,0.005408207627795246,0.00032657149380520734,1.0257445303172663e-05,0.004809113326609654,0.006079461915602058,949.9790262083998,1.0000543025290023,0.005289
tau__0_0,2.5479429168729557,0.7362385745720025,0.02795892291400129,1.2161587283998938,3.9833673557883986,617.3612074659594,1.003379423978,2.0
t0__0_0,0.0,0.0,0.0,0.0,0.0,,,
