,mean,sd,mc_error,hpd_2.5,hpd_97.5,n_eff,Rhat,MAP
b,1.0,0.0,0.0,1.0,1.0,,,
p_error,0.05000000447034836,3.725290298461914e-09,7.450580596923829e-10,0.05000000074505806,0.05000000074505806,1.0001503703406758,0.9999499987499374,
v__0_0,0.00013303641030283997,8.15680935165479e-06,4.940996192253945e-07,0.00011793786543387484,0.0001483748047570724,203.39501420135778,1.0122385838994101,0.000128
gamma__0_0,8.721752324987525,2.008595855724169,0.07258538365473693,5.365119283449518,13.008052774932427,694.4596111623911,1.00404051374961,8.86
s__0_0,0.008074264094575262,0.0007403366514606148,2.668998104330931e-05,0.006654205014870445,0.009535099598517163,712.8932215379756,1.0013360250817036,0.008236
tau__0_0,0.2730837712586026,0.08963235589044907,0.005171338076944019,0.11718941668580131,0.441309192040163,211.50267613792283,1.0175144639588447,0.22
t0__0_0,0.0,0.0,0.0,0.0,0.0,,,
