,mean,sd,mc_error,hpd_2.5,hpd_97.5,n_eff,Rhat,MAP
b,1.0,0.0,0.0,1.0,1.0,,,
p_error,0.05000000819563866,7.450580596923828e-09,1.4901161193847657e-09,0.05000000074505806,0.05000000074505806,1.0007506866324938,0.9997499687421851,
v__0_0,4.501019527835591e-05,3.180582314842672e-06,7.288802786538897e-08,3.941733220479019e-05,5.1522992468703634e-05,1597.0123125805844,0.9998778244824053,4.4e-05
gamma__0_0,23.040637241521747,8.139380429006339,0.2758699279224233,11.350759248239541,38.62722054654671,764.1310792404462,0.9998398385595658,19.6
s__0_0,0.006911373507010338,0.0004842708653870085,1.0043888435039961e-05,0.005965373891011371,0.007837659554115538,2044.523093914038,0.9999485799606882,0.006774
tau__0_0,0.27503882531098034,0.11096069554820617,0.002581169036741976,0.09323202110609315,0.5020546290805936,1573.2563919378063,0.9998711241381157,0.26
t0__0_0,0.0,0.0,0.0,0.0,0.0,,,
