,mean,sd,mc_error,hpd_2.5,hpd_97.5,n_eff,Rhat,MAP
b,1.0,0.0,0.0,1.0,1.0,,,
p_error,0.05000000819563866,7.450580596923828e-09,1.4901161193847657e-09,0.05000000074505806,0.05000000074505806,1.0007506866324938,0.9997499687421851,
v__0_0,0.0001403587078080653,2.3829514717228907e-06,4.569375361737139e-08,0.00013583940026594394,0.00014499874308964675,2521.673825612903,1.0002665334769367,0.00014
gamma__0_0,11.53591321925932,1.1427592150965982,0.021354946290334038,9.297850989169984,13.720086411804733,2713.39380173037,0.9997893369597959,11.49
s__0_0,0.011710509262806932,0.00024594070165611406,3.88343242258637e-06,0.011218711744780075,0.012191609402986518,2877.7580629633767,0.9997687174764597,0.011738
tau__0_0,0.09632505484255308,0.008250523453468496,0.0001486602145716363,0.08017059048647818,0.11191284374452831,2478.893460519134,0.999751053917476,0.1
t0__0_0,0.0,0.0,0.0,0.0,0.0,,,
