,mean,sd,mc_error,hpd_2.5,hpd_97.5,n_eff,Rhat,MAP
b,1.0,0.0,0.0,1.0,1.0,,,
p_error,0.05000000447034836,3.725290298461914e-09,7.450580596923829e-10,0.05000000074505806,0.05000000074505806,1.0001503703406758,0.9999499987499374,
v__0_0,3.8607819263436854e-05,1.4346078906227435e-06,4.1683867726706774e-08,3.574206660263965e-05,4.1385964516235385e-05,1184.3390129062805,1.0009783013751525,3.9e-05
gamma__0_0,4.958319238408696,2.504307140982161,0.06668371033853701,0.6108485452143597,10.340090747094095,1582.0297130401245,0.99995033924943,3.98
s__0_0,0.005656572500127259,0.00048169759767866904,1.0060828599996171e-05,0.0047141415495952285,0.006595061120901018,1993.8394946651833,1.0002285206857688,0.005393
tau__0_0,2.806156099398172,1.1346248485226733,0.03326427755642775,1.2184119862381646,4.995144933749302,1198.6806445982204,1.0002024906194218,1.94
t0__0_0,0.0,0.0,0.0,0.0,0.0,,,
