,mean,sd,mc_error,hpd_2.5,hpd_97.5,n_eff,Rhat,MAP
b,1.0,0.0,0.0,1.0,1.0,,,
p_error,0.05000000819563866,7.450580596923828e-09,1.4901161193847657e-09,0.05000000074505806,0.05000000074505806,1.0007506866324938,0.9997499687421851,
v__0_0,0.00010461143414633866,2.12723457691661e-06,4.032155648043047e-08,0.00010043943795214149,0.00010878358476665779,2416.0900723524255,0.999750286373409,0.000104
gamma__0_0,8.427939173970174,1.1599558746522585,0.020825468281256077,6.288296052314266,10.818160862926348,2915.1820652040087,0.9998206223261192,8.06
s__0_0,0.01186844504979979,0.000236165371199367,4.490329111160599e-06,0.011423900898976621,0.012334723409238902,2747.9100758064264,0.9998150938477156,0.011931
tau__0_0,0.12931425194065252,0.01047431178549222,0.0002040730403855055,0.10846875886580093,0.14965255964613614,2591.9270393392103,0.9998735048634885,0.13
t0__0_0,0.0,0.0,0.0,0.0,0.0,,,
