,mean,sd,mc_error,hpd_2.5,hpd_97.5,n_eff,Rhat,MAP
b,1.0,0.0,0.0,1.0,1.0,,,
p_error,0.05000000819563866,7.450580596923828e-09,1.4901161193847657e-09,0.05000000074505806,0.05000000074505806,1.0007506866324938,0.9997499687421851,
v__0_0,5.084252905091293e-05,3.2311158021860434e-06,7.343059503330959e-08,4.45479144396185e-05,5.7112320935667986e-05,1593.6613116090618,1.0000736985051457,5.2e-05
gamma__0_0,17.464821378896563,1.8354307244766337,0.037649490906048994,13.985653823764437,19.998808058629823,2480.9072402331544,1.0014409460760596,19.38
s__0_0,0.008986464791553921,0.0006252627925446974,1.6439164444960754e-05,0.0077343678494739216,0.010177646402139277,1511.2284033404596,1.0007877122360695,0.009144
tau__0_0,0.29799447523020933,0.08977868307913685,0.002506940781853143,0.15714644109894693,0.4642688339733452,1104.863460459027,1.004702260497551,0.27
t0__0_0,0.0,0.0,0.0,0.0,0.0,,,
