,mean,sd,mc_error,hpd_2.5,hpd_97.5,n_eff,Rhat,MAP
b,1.0,0.0,0.0,1.0,1.0,,,
p_error,0.05000000819563866,7.450580596923828e-09,1.4901161193847657e-09,0.05000000074505806,0.05000000074505806,1.0007506866324938,0.9997499687421851,
v__0_0,9.985574468213362e-05,1.9839784032431807e-06,3.800918672030498e-08,9.584586700798811e-05,0.00010362799830204547,2544.9254768107685,0.9997584024504341,0.0001
gamma__0_0,4.105313516778625,0.6218737748694608,0.012064995461278816,2.9246935978057724,5.3560199592134,3221.7975002945973,0.9998113274364269,3.96
s__0_0,0.010724501078509046,0.00022124256240709753,3.987783501476402e-06,0.010288049402802157,0.011153019339783988,2819.97252778646,0.9997616105051156,0.010708
tau__0_0,0.23858460956391236,0.016441768452115757,0.0003176510939286425,0.20886310668089395,0.27305132199468934,2689.9923196149916,0.9998833824723696,0.24
t0__0_0,0.0,0.0,0.0,0.0,0.0,,,
