,mean,sd,mc_error,hpd_2.5,hpd_97.5,n_eff,Rhat,MAP
b,1.0,0.0,0.0,1.0,1.0,,,
p_error,0.05000000819563866,7.450580596923828e-09,1.4901161193847657e-09,0.05000000074505806,0.05000000074505806,1.0007506866324938,0.9997499687421851,
v__0_0,5.0488135801757286e-05,7.87510637692305e-06,2.3386678934486471e-07,3.544577365124509e-05,6.513589846814994e-05,1089.971508726115,0.9997501735012775,4.9e-05
gamma__0_0,-6.970104642619225,3.386829233196929,0.12343512685114952,-9.999902176343763,-1.3044741267100175,707.1262514760447,0.9997928784291712,-8.69
s__0_0,0.011895207463827098,0.0008036840510632694,1.6470470294358178e-05,0.010442432552411752,0.013571510952176217,2085.0009531493465,0.9999035326143738,0.012261
tau__0_0,0.2279529639111521,0.0954491693127049,0.00286923378499919,0.0306167148268184,0.41746926677036533,1051.1046264856975,1.0002911775953778,0.23
t0__0_0,0.0,0.0,0.0,0.0,0.0,,,
