,mean,sd,mc_error,hpd_2.5,hpd_97.5,n_eff,Rhat,MAP
b,1.0,0.0,0.0,1.0,1.0,,,
p_error,0.05000000447034836,3.725290298461914e-09,7.450580596923829e-10,0.05000000074505806,0.05000000074505806,1.0001503703406758,0.9999499987499374,
v__0_0,3.1294917727290147e-05,3.371643702882969e-06,1.2597234912445067e-07,2.4289685552157788e-05,3.7343130170925015e-05,733.3275132024247,1.0005204834912615,3.1e-05
gamma__0_0,1.0585774761791524,1.7477541241734513,0.04239051988473078,-2.2440854262232683,4.436674424021884,1713.531875783781,1.0003137861295526,1.01
s__0_0,0.009162012251469072,0.0006893221611081866,1.952110149784621e-05,0.007847949825342067,0.010483770927692615,1278.1990723419517,1.0000502031941236,0.008987
tau__0_0,1.069614735697191,0.719962252237297,0.02493089929436427,0.35725143832867745,2.730593101323488,859.37458706574,1.0008760750815786,0.65
t0__0_0,0.0,0.0,0.0,0.0,0.0,,,
