,mean,sd,mc_error,hpd_2.5,hpd_97.5,n_eff,Rhat,MAP
b,1.0,0.0,0.0,1.0,1.0,,,
p_error,0.05000000447034836,3.725290298461914e-09,7.450580596923829e-10,0.05000000074505806,0.05000000074505806,1.0001503703406758,0.9999499987499374,
v__0_0,6.274973552055156e-05,3.345755545596784e-06,1.4762338232491393e-07,5.589570624217364e-05,6.944074035179811e-05,434.5924668019053,1.0016469992805126,6.3e-05
gamma__0_0,2.9161818014866863,1.3609551904440185,0.02564981257337646,0.427902197042771,5.701182467343976,3011.169843517798,1.003297662811337,2.96
s__0_0,0.006951529714384907,0.0005078170714461949,1.602673859052215e-05,0.005980062449826987,0.007916930581734262,889.562358972538,1.0010007022162866,0.006817
tau__0_0,0.4329134419243339,0.08745413805762244,0.0031664456784174276,0.2794481424040538,0.6019848672572201,647.3152252212142,1.0009049963691874,0.39
t0__0_0,0.0,0.0,0.0,0.0,0.0,,,
