,mean,sd,mc_error,hpd_2.5,hpd_97.5,n_eff,Rhat,MAP
b,1.0,0.0,0.0,1.0,1.0,,,
p_error,0.05000000447034836,3.725290298461914e-09,7.450580596923829e-10,0.05000000074505806,0.05000000074505806,1.0001503703406758,0.9999499987499374,
v__0_0,8.931956351383785e-05,3.503242024286834e-06,1.1353441747200794e-07,8.284978241517664e-05,9.63888171237008e-05,914.5827728130332,1.001346672456908,8.9e-05
gamma__0_0,1.7832427871713088,2.708243702229947,0.08508645291918222,-1.9463824750885461,7.282934010403192,831.4608817316682,1.0010661712086022,0.54
s__0_0,0.0063293286776898985,0.0006530954011729785,1.8454689841461596e-05,0.004957883766853776,0.007464153123917725,1142.7727496235168,1.0022644698917236,0.00663
tau__0_0,0.07024188298182833,0.03152833408597062,0.0008992196430984376,0.007973948337907948,0.12755530753519678,1109.5553159691967,0.999971177835473,0.08
t0__0_0,0.0,0.0,0.0,0.0,0.0,,,
