,mean,sd,mc_error,hpd_2.5,hpd_97.5,n_eff,Rhat,MAP
b,1.0,0.0,0.0,1.0,1.0,,,
p_error,0.05000000447034836,3.725290298461914e-09,7.450580596923829e-10,0.05000000074505806,0.05000000074505806,1.0001503703406758,0.9999499987499374,
v__0_0,8.483744736634362e-05,4.476401564623542e-06,2.385712766010841e-07,7.572262881960173e-05,9.383317080458647e-05,314.77069784744737,1.0005836225961278,8.6e-05
gamma__0_0,11.012621977373856,3.2915785442237206,0.12354136391191381,5.470228047530911,17.946773063288,716.6031053874992,1.00375020780273,10.57
s__0_0,0.006271998752143356,0.0006418499787227724,2.4194723598289647e-05,0.005016476843071044,0.007546416944899949,586.7118770993563,1.0002115230096387,0.006533
tau__0_0,0.16416206984951265,0.043960810918587216,0.0021070981392764107,0.07933412836109142,0.2447856095834179,388.9529384720819,1.0044326854773706,0.15
t0__0_0,0.0,0.0,0.0,0.0,0.0,,,
