,mean,sd,mc_error,hpd_2.5,hpd_97.5,n_eff,Rhat,MAP
b,1.0,0.0,0.0,1.0,1.0,,,
p_error,0.05000000447034836,3.725290298461914e-09,7.450580596923829e-10,0.05000000074505806,0.05000000074505806,1.0001503703406758,0.9999499987499374,
v__0_0,2.1755795686500917e-05,1.399297774883066e-06,4.431408904363904e-08,1.9254037569567526e-05,2.4658935972620392e-05,884.5621141656351,0.999957989435957,2.2e-05
gamma__0_0,7.5207901125024295,2.0689988978457947,0.07107491113864021,4.3841807068306125,12.29984338326436,866.5356404808864,1.002172853362842,6.35
s__0_0,0.00592223966758782,0.00033846147855148855,1.0803322035821398e-05,0.005309905696226966,0.006626606893113096,834.8506719715805,1.0001376829057091,0.006223
tau__0_0,0.7494547200868584,0.20974192976563852,0.007094958749489626,0.36044326643399344,1.1477334499024459,920.60510188123,1.0011617514306268,0.66
t0__0_0,0.0,0.0,0.0,0.0,0.0,,,
