,mean,sd,mc_error,hpd_2.5,hpd_97.5,n_eff,Rhat,MAP
b,1.0,0.0,0.0,1.0,1.0,,,
p_error,0.05000000447034836,3.725290298461914e-09,7.450580596923829e-10,0.05000000074505806,0.05000000074505806,1.0001503703406758,0.9999499987499374,
v__0_0,6.463919446958441e-05,3.999342817627969e-06,1.5725701214002183e-07,5.706199479482722e-05,7.221278992380222e-05,581.7924767866518,1.0001792193468417,6.3e-05
gamma__0_0,2.9298331309227725,1.3477617408305067,0.02720990596117833,0.23959896214238618,5.453048123145086,2478.6325327113873,0.999987003752042,1.9
s__0_0,0.008450546496150487,0.0006390373525875237,1.784660049362257e-05,0.007218489599936455,0.009698841689076622,1115.5626703539044,1.0000240207443751,0.008635
tau__0_0,0.6784418099216099,0.14002578760320197,0.0043289621252695105,0.41214789636864196,0.9435500772690703,959.4936524276155,1.0002766917615442,0.63
t0__0_0,0.0,0.0,0.0,0.0,0.0,,,
