,mean,sd,mc_error,hpd_2.5,hpd_97.5,n_eff,Rhat,MAP
b,1.0,0.0,0.0,1.0,1.0,,,
p_error,0.05000000819563866,7.450580596923828e-09,1.4901161193847657e-09,0.05000000074505806,0.05000000074505806,1.0007506866324938,0.9997499687421851,
v__0_0,4.690097194570724e-05,1.160495455148846e-06,2.55361540747963e-08,4.468372978062348e-05,4.928584028542268e-05,2240.3443562807647,1.0017316316731744,4.7e-05
gamma__0_0,6.908626508813213,0.6942858941853316,0.011105901654978512,5.468338989541891,8.172537712406779,3616.0220556651366,0.9997721997637876,6.55
s__0_0,0.011247459486488455,0.00020899576737722664,3.6516007161074427e-06,0.01084503868630337,0.011671038245667868,2862.0929996096565,0.9998905234550086,0.011115
tau__0_0,0.46250991468617486,0.03983980418071459,0.0007869792107542952,0.3892776523436287,0.5427981955543002,2640.2390203367313,1.0012582852095635,0.46
t0__0_0,0.0,0.0,0.0,0.0,0.0,,,
