,mean,sd,mc_error,hpd_2.5,hpd_97.5,n_eff,Rhat,MAP
b,1.0,0.0,0.0,1.0,1.0,,,
p_error,0.05000000819563866,7.450580596923828e-09,1.4901161193847657e-09,0.05000000074505806,0.05000000074505806,1.0007506866324938,0.9997499687421851,
v__0_0,0.00010975155506294283,6.893866270988101e-06,1.621648080929917e-07,9.682713447374872e-05,0.00012432792722191747,1673.958433365767,0.9997935907224883,0.000108
gamma__0_0,-0.6498787556381669,1.9373272803063633,0.049782565099826245,-4.419396693056342,3.6087786299278832,1627.3428264257968,0.9997767246126049,-1.79
s__0_0,0.009266487374057053,0.0007451846051972532,1.3513550943810336e-05,0.007849054994815618,0.010723608715851136,2781.28400556662,1.000397824643604,0.008898
tau__0_0,0.2276687238281648,0.05450618932513948,0.0010154646113099209,0.12396813434067128,0.33473890689084845,2474.348271611758,0.999832610710209,0.21
t0__0_0,0.0,0.0,0.0,0.0,0.0,,,
