,mean,sd,mc_error,hpd_2.5,hpd_97.5,n_eff,Rhat,MAP
b,1.0,0.0,0.0,1.0,1.0,,,
p_error,0.05000000819563866,7.450580596923828e-09,1.4901161193847657e-09,0.05000000074505806,0.05000000074505806,1.0007506866324938,0.9997499687421851,
v__0_0,7.439801275616922e-05,7.425573966003251e-06,1.810637801190552e-07,5.98586253557057e-05,8.78738970869894e-05,2010.2686105221,0.9999321654459643,7.2e-05
gamma__0_0,0.6908951953292788,1.3952155662634913,0.027488028458081987,-1.8685044194346947,3.618920670326288,2547.24143672835,1.0003705207029059,0.14
s__0_0,0.010872416221980695,0.0009464420173941212,2.1589470904607642e-05,0.008998131812475049,0.01271714566218688,2147.9108744516057,1.0000989473376491,0.010333
tau__0_0,0.4861579538827817,0.17507842213933422,0.004161865060001504,0.22429046962667207,0.8255823874776738,2078.6821312136435,0.9998506102385185,0.43
t0__0_0,0.0,0.0,0.0,0.0,0.0,,,
