,mean,sd,mc_error,hpd_2.5,hpd_97.5,n_eff,Rhat,MAP
b,1.0,0.0,0.0,1.0,1.0,,,
p_error,0.05000000819563866,7.450580596923828e-09,1.4901161193847657e-09,0.05000000074505806,0.05000000074505806,1.0007506866324938,0.9997499687421851,
v__0_0,6.585191993444701e-05,4.975798541843374e-06,9.141050820842336e-08,5.603554259755823e-05,7.55659247910083e-05,2208.969854692289,0.9999052606483925,6.5e-05
gamma__0_0,5.87976598490273,2.020272142537887,0.05683010061031317,2.389892951684093,9.843181100550868,1285.49248440525,1.000255267868931,5.3
s__0_0,0.010108886487808765,0.0007232167233450465,1.3439492632499716e-05,0.008679765742899309,0.011459180158614706,2363.0681406684917,1.0006129569951216,0.010267
tau__0_0,0.22568357040053036,0.05905471882347569,0.0011837737028281808,0.12873251231828256,0.34631935237885714,2005.0227184258256,0.9998112251226519,0.22
t0__0_0,0.0,0.0,0.0,0.0,0.0,,,
