,mean,sd,mc_error,hpd_2.5,hpd_97.5,n_eff,Rhat,MAP
b,1.0,0.0,0.0,1.0,1.0,,,
p_error,0.05000000819563866,7.450580596923828e-09,1.4901161193847657e-09,0.05000000074505806,0.05000000074505806,1.0007506866324938,0.9997499687421851,
v__0_0,7.034965767161351e-05,4.2188948564352415e-06,7.039415067239303e-08,6.234995149726522e-05,7.870314712936197e-05,2639.436313151899,0.9997522036184489,6.9e-05
gamma__0_0,3.172196749275045,0.9656808460489475,0.019831836083129113,1.3876850230391398,5.112940401278749,2359.9874946997916,1.0002265686944598,3.35
s__0_0,0.008079705014242017,0.0005985684287181078,1.1443754516187297e-05,0.007000181150608535,0.00931024900968827,2501.3218230814755,1.0001588200144937,0.008072
tau__0_0,0.5255707079409594,0.12879416408269545,0.002332686697442883,0.305335039248799,0.795354578282526,2558.0392646731743,0.9999130308554808,0.44
t0__0_0,0.0,0.0,0.0,0.0,0.0,,,
