,mean,sd,mc_error,hpd_2.5,hpd_97.5,n_eff,Rhat,MAP
b,1.0,0.0,0.0,1.0,1.0,,,
p_error,0.05000000447034836,3.725290298461914e-09,7.450580596923829e-10,0.05000000074505806,0.05000000074505806,1.0001503703406758,0.9999499987499374,
v__0_0,8.450208630595106e-05,4.704978894162558e-06,2.3225711715720986e-07,7.553239930733274e-05,9.416973682091271e-05,338.07238744715823,1.0032407807165677,8.5e-05
gamma__0_0,11.256692117741428,3.9596926782409594,0.1723429119119348,4.891105414339677,19.375408852836927,434.80361469959445,0.9999609479969453,10.09
s__0_0,0.0063099852906278175,0.0006596080018751749,2.3913859505061192e-05,0.004964635690665985,0.007553166323480676,644.6457425249323,1.0015593195510932,0.00638
tau__0_0,0.16607940308171404,0.05061181580274409,0.0026067644279855447,0.07179183797566083,0.25758972197826185,278.01557355548397,1.0009657740086513,0.14
t0__0_0,0.0,0.0,0.0,0.0,0.0,,,
