,mean,sd,mc_error,hpd_2.5,hpd_97.5,n_eff,Rhat,MAP
b,1.0,0.0,0.0,1.0,1.0,,,
p_error,0.05000000447034836,3.725290298461914e-09,7.450580596923829e-10,0.05000000074505806,0.05000000074505806,1.0001503703406758,0.9999499987499374,
v__0_0,1.8784711740352766e-05,9.391066087816353e-07,2.769617352590367e-08,1.6900284598176925e-05,2.052849876233801e-05,958.0059837231177,1.002605999982352,1.9e-05
gamma__0_0,47.67903085197833,19.98703023173063,1.2158283346493373,18.43607981335697,91.92834417094645,174.99042926912156,1.015840692278829,23.8
s__0_0,0.004687463821528379,0.0002665890872963946,8.279795615226982e-06,0.004195582112306813,0.005228532107196605,821.2657697561655,1.0071415042847254,0.004683
tau__0_0,0.10447723734403132,0.042024038485643775,0.0026058075918439765,0.0371666139416037,0.1834659490433477,151.69015187884753,1.027926220234315,0.09
t0__0_0,0.0,0.0,0.0,0.0,0.0,,,
