,mean,sd,mc_error,hpd_2.5,hpd_97.5,n_eff,Rhat,MAP
b,1.0,0.0,0.0,1.0,1.0,,,
p_error,0.05000000819563866,7.450580596923828e-09,1.4901161193847657e-09,0.05000000074505806,0.05000000074505806,1.0007506866324938,0.9997499687421851,
v__0_0,5.3972872597791656e-05,3.2790300908518635e-06,7.170088970640668e-08,4.740177016952539e-05,6.025280267245173e-05,1775.9924323702078,1.0000681440091463,5.4e-05
gamma__0_0,10.506867565660475,2.9110123961926053,0.08034805489574016,5.19012013595335,16.041509472199778,1362.7174114156428,1.0013862512000886,8.8
s__0_0,0.006698024716026641,0.0004982258792066757,1.0638250389404821e-05,0.005811814997256902,0.0077377685865845265,1636.1341211067252,1.0006721144479618,0.006869
tau__0_0,0.24449727354932302,0.06092749402614068,0.0014324311513657427,0.13975631036055838,0.366565866312762,1720.2407613771181,1.0022524127790886,0.22
t0__0_0,0.0,0.0,0.0,0.0,0.0,,,
