,mean,sd,mc_error,hpd_2.5,hpd_97.5,n_eff,Rhat,MAP
b,1.0,0.0,0.0,1.0,1.0,,,
p_error,0.05000000819563866,7.450580596923828e-09,1.4901161193847657e-09,0.05000000074505806,0.05000000074505806,1.0007506866324938,0.9997499687421851,
v__0_0,7.707647024929861e-05,5.991105364064923e-06,1.1896792828321574e-07,6.501082175846195e-05,8.834096578632091e-05,2436.2356432853458,1.0019048109441282,7.8e-05
gamma__0_0,4.1581328168354,1.7369572696780975,0.03262639512974201,0.9284471690241407,7.444486750302477,2138.0359511273055,1.0001583768335502,3.26
s__0_0,0.011674112503215544,0.0008602480467442025,1.726816807210814e-05,0.010090168400708617,0.013388677386164031,2304.1772093375703,1.0000399814697016,0.011851
tau__0_0,0.49538731398566105,0.13880889540114064,0.0029448945444770793,0.27030445275446174,0.7694420216448483,2377.154925722305,1.0021392861121396,0.46
t0__0_0,0.0,0.0,0.0,0.0,0.0,,,
