,mean,sd,mc_error,hpd_2.5,hpd_97.5,n_eff,Rhat,MAP
b,1.0,0.0,0.0,1.0,1.0,,,
p_error,0.05000000447034836,3.725290298461914e-09,7.450580596923829e-10,0.05000000074505806,0.05000000074505806,1.0001503703406758,0.9999499987499374,
v__0_0,3.395557887047682e-05,2.7202093047040365e-06,1.0723280034222367e-07,2.905268258473696e-05,3.962271418280527e-05,516.0013092192357,1.0045107620191123,3.3e-05
gamma__0_0,17.571748708545694,1.954741003325449,0.04203461715661194,13.735068047917231,19.998944185552606,2474.444204547261,1.000586942666542,19.49
s__0_0,0.008763663772659643,0.0005011867695836743,1.7995595633241635e-05,0.007898571128938393,0.009809713532009203,625.7231299789173,1.0005966799110293,0.008558
tau__0_0,0.3488646408146782,0.11121465280598519,0.003651025927632783,0.17804795758889597,0.5599886525763692,705.1557904215982,1.0014202046900216,0.32
t0__0_0,0.0,0.0,0.0,0.0,0.0,,,
