,mean,sd,mc_error,hpd_2.5,hpd_97.5,n_eff,Rhat,MAP
b,1.0,0.0,0.0,1.0,1.0,,,
p_error,0.05000000819563866,7.450580596923828e-09,1.4901161193847657e-09,0.05000000074505806,0.05000000074505806,1.0007506866324938,0.9997499687421851,
v__0_0,5.774388930825867e-05,1.5950849475856326e-06,3.0494432233975865e-08,5.4617923725783746e-05,6.084851039077761e-05,2849.785617939484,0.9997687663278303,5.8e-05
gamma__0_0,8.297994169474455,0.9105380109044001,0.014847171106536394,6.637639066011559,10.175370442435636,3862.066077829075,0.999993774246744,8.43
s__0_0,0.012772962323669378,0.0002549422041774713,4.336199718044488e-06,0.012287393005811002,0.013292676082309572,3579.2480552120924,0.9997556814331433,0.012843
tau__0_0,0.43078708329778065,0.04015074723571304,0.0007403161831089115,0.35145482267880834,0.5089901413953755,2611.524816134484,1.0001725739412943,0.43
t0__0_0,0.0,0.0,0.0,0.0,0.0,,,
