,mean,sd,mc_error,hpd_2.5,hpd_97.5,n_eff,Rhat,MAP
b,1.0,0.0,0.0,1.0,1.0,,,
p_error,0.05000000819563866,7.450580596923828e-09,1.4901161193847657e-09,0.05000000074505806,0.05000000074505806,1.0007506866324938,0.9997499687421851,
v__0_0,1.8763126303713764e-05,9.601864326108571e-07,2.4086499194867363e-08,1.6962390460472207e-05,2.0686090816319296e-05,1487.9603820975383,0.9997505823449536,1.9e-05
gamma__0_0,17.24866038804057,1.8588411337899027,0.039477847572757956,13.817062599357776,19.989499511149855,2308.934016133091,0.9997688065291535,18.21
s__0_0,0.0046885387996421545,0.0002655758671833203,5.837561292730229e-06,0.004208167952612579,0.005245041735284073,1986.2031817959191,0.9997898453246971,0.004812
tau__0_0,0.45807212391919844,0.11186570640647389,0.0030766348012841614,0.2751067500308809,0.6827313863768208,1285.2090386124087,0.9997525362664438,0.39
t0__0_0,0.0,0.0,0.0,0.0,0.0,,,
