,mean,sd,mc_error,hpd_2.5,hpd_97.5,n_eff,Rhat,MAP
b,1.0,0.0,0.0,1.0,1.0,,,
p_error,0.05000000819563866,7.450580596923828e-09,1.4901161193847657e-09,0.05000000074505806,0.05000000074505806,1.0007506866324938,0.9997499687421851,
v__0_0,4.3680745018991115e-05,3.9418477120841675e-06,8.867437876316079e-08,3.5786531089054705e-05,5.117086431702118e-05,1781.4410184440062,0.9998945181657255,4.4e-05
gamma__0_0,5.630390013464308,2.046534017684155,0.045806174044426426,1.9328627725746461,9.591041079115918,2009.4720717602513,1.0003590727442555,4.72
s__0_0,0.009729372510424241,0.0007197392123687665,1.5882965906030426e-05,0.008276135361398155,0.011081342559615532,1839.2311402325704,1.0011157989851691,0.010065
tau__0_0,0.6451545661011153,0.2974038365106895,0.008845539500002116,0.273581921576612,1.1212139740920104,1113.2915899077818,1.0001490699504523,0.63
t0__0_0,0.0,0.0,0.0,0.0,0.0,,,
