,mean,sd,mc_error,hpd_2.5,hpd_97.5,n_eff,Rhat,MAP
b,1.0,0.0,0.0,1.0,1.0,,,
p_error,0.05000000819563866,7.450580596923828e-09,1.4901161193847657e-09,0.05000000074505806,0.05000000074505806,1.0007506866324938,0.9997499687421851,
v__0_0,2.1600344487906025e-05,1.379181308029282e-06,2.747706100725873e-08,1.8853716882913577e-05,2.4248767208144195e-05,1782.009844485931,1.0002463970762174,2.2e-05
gamma__0_0,70.24100828116826,17.492612407912187,0.5204811436292137,41.54607588047145,99.74448689085642,1115.487525686821,1.0000456409770901,54.51
s__0_0,0.006035415313201774,0.0003307188518151256,6.505334637136982e-06,0.00541508700589608,0.006706852985011595,2011.282765896607,0.9998728007686571,0.006002
tau__0_0,0.15753979336964857,0.06566294500963904,0.0018623507223244867,0.06326182731989347,0.28412834617973814,1059.6209282814616,1.0002258807374256,0.11
t0__0_0,0.0,0.0,0.0,0.0,0.0,,,
