,mean,sd,mc_error,hpd_2.5,hpd_97.5,n_eff,Rhat,MAP
b,1.0,0.0,0.0,1.0,1.0,,,
p_error,0.05000000819563866,7.450580596923828e-09,1.4901161193847657e-09,0.05000000074505806,0.05000000074505806,1.0007506866324938,0.9997499687421851,
v__0_0,5.287770755142942e-05,3.4225619980794213e-06,6.64706734635524e-08,4.635615885113527e-05,5.961739613552625e-05,2256.7977357441832,0.9997750333106665,5.4e-05
gamma__0_0,14.056181649646136,6.680847615568173,0.24664417419443052,5.70289907307459,23.934786375866608,697.8702469156837,0.9999105289081396,12.89
s__0_0,0.009405716361478586,0.000658779615085794,1.1734748040725448e-05,0.00814355013479871,0.010699019520524268,2522.3673498993535,1.000236979964799,0.009286
tau__0_0,0.46773963104501565,0.18753028477776063,0.0043977503230955535,0.17165268244213852,0.8717654667812622,1727.7333329411858,1.0002654220611054,0.42
t0__0_0,0.0,0.0,0.0,0.0,0.0,,,
