,mean,sd,mc_error,hpd_2.5,hpd_97.5,n_eff,Rhat,MAP
b,1.0,0.0,0.0,1.0,1.0,,,
p_error,0.05000000819563866,7.450580596923828e-09,1.4901161193847657e-09,0.05000000074505806,0.05000000074505806,1.0007506866324938,0.9997499687421851,
v__0_0,2.0771035597873043e-05,1.5296375415410227e-06,3.2163649998115944e-08,1.7835603883768875e-05,2.3797315627656843e-05,2138.5124585686167,0.9997764123657804,2.1e-05
gamma__0_0,16.157304438492794,6.252143606325334,0.21993198385965532,7.31206561467441,28.25715864459596,794.3169544783253,0.9997565430312219,13.53
s__0_0,0.006490712455130415,0.0003533717158547365,7.803090089154472e-06,0.005853541384010421,0.007205562884990555,2131.7025927368736,0.9998148360598506,0.006638
tau__0_0,0.5300090803692766,0.16743600807882553,0.004113166311042952,0.2420088078925749,0.8554424336769638,1469.957693159739,1.0000499841823276,0.41
t0__0_0,0.0,0.0,0.0,0.0,0.0,,,
