,mean,sd,mc_error,hpd_2.5,hpd_97.5,n_eff,Rhat,MAP
b,1.0,0.0,0.0,1.0,1.0,,,
p_error,0.05000000819563866,7.450580596923828e-09,1.4901161193847657e-09,0.05000000074505806,0.05000000074505806,1.0007506866324938,0.9997499687421851,
v__0_0,6.992818218850355e-05,1.4615025512599793e-06,2.656955191678978e-08,6.712969176233992e-05,7.280750990950467e-05,2681.725093907461,0.999807759650593,7e-05
gamma__0_0,6.121761327136413,0.7569380407872629,0.013437389931294081,4.70345399353336,7.676500835902555,2939.256971479289,1.000243980207907,6.36
s__0_0,0.010933655270653065,0.00020877579386520214,3.7089932084452195e-06,0.010520033147535766,0.01133411060342619,3652.048922536142,0.9998211175453867,0.010894
tau__0_0,0.3366946852417399,0.02586558132216959,0.00047451720333456385,0.2866229853344038,0.38804063673930067,2538.515435538357,0.9998194234223949,0.33
t0__0_0,0.0,0.0,0.0,0.0,0.0,,,
