,mean,sd,mc_error,hpd_2.5,hpd_97.5,n_eff,Rhat,MAP
b,1.0,0.0,0.0,1.0,1.0,,,
p_error,0.05000000819563866,7.450580596923828e-09,1.4901161193847657e-09,0.05000000074505806,0.05000000074505806,1.0007506866324938,0.9997499687421851,
v__0_0,4.769894410876158e-05,1.0759951973068354e-06,2.4798949112823693e-08,4.558188209550719e-05,4.973461239606828e-05,1839.7116799142354,1.000049881071434,4.8e-05
gamma__0_0,16.580770007350377,1.4358650790819931,0.03653669225619144,13.911659274260757,19.411242875990844,1640.4271307434867,0.9997629111089074,16.76
s__0_0,0.009967859574482946,0.00018515628985397393,3.6651477739540507e-06,0.009625550897328286,0.010352497788646055,2301.8135670645465,0.9999398948371002,0.00996
tau__0_0,0.19842343608402152,0.017082795457952795,0.00038831577366629734,0.1659514489808003,0.2314914878246467,1933.5663671809916,0.9997764558888351,0.2
t0__0_0,0.0,0.0,0.0,0.0,0.0,,,
