,mean,sd,mc_error,hpd_2.5,hpd_97.5,n_eff,Rhat,MAP
b,1.0,0.0,0.0,1.0,1.0,,,
p_error,0.05000000819563866,7.450580596923828e-09,1.4901161193847657e-09,0.05000000074505806,0.05000000074505806,1.0007506866324938,0.9997499687421851,
v__0_0,4.19085729719579e-05,1.281536389401815e-06,2.445808993116255e-08,3.91749952305095e-05,4.419746856398268e-05,3111.5187613974267,0.999894964586697,4.2e-05
gamma__0_0,4.877252944348873,0.879092086778928,0.014075574740279956,3.2032899241995807,6.595638861041692,4346.929092632936,1.0001434166544627,4.64
s__0_0,0.013180796821617104,0.0002326414840156986,3.959966200067724e-06,0.012749994673216681,0.01364698350930416,3699.716157812709,0.999754803438129,0.013337
tau__0_0,0.5200713153597684,0.052238684366211784,0.0008826357149987012,0.4195419316701587,0.6203513525572267,3079.746944167675,0.9997682663688519,0.5
t0__0_0,0.0,0.0,0.0,0.0,0.0,,,
