,mean,sd,mc_error,hpd_2.5,hpd_97.5,n_eff,Rhat,MAP
b,1.0,0.0,0.0,1.0,1.0,,,
p_error,0.05000000819563866,7.450580596923828e-09,1.4901161193847657e-09,0.05000000074505806,0.05000000074505806,1.0007506866324938,0.9997499687421851,
v__0_0,6.334691636877485e-05,3.8551984218076815e-06,8.150569611408035e-08,5.610938349333331e-05,7.122160150168471e-05,2631.6940571231653,0.999772964091245,6.4e-05
gamma__0_0,15.86746803840683,2.713160143765899,0.053715575262692036,10.791956763510996,21.038345001654605,2009.5374816396184,0.9998153696492834,14.4
s__0_0,0.00840653269642278,0.0005976664180369163,1.2126557561153262e-05,0.007304773631376742,0.009644200305538541,2594.379265415244,0.9998637776873419,0.008499
tau__0_0,0.35131408581008416,0.08714879686712512,0.0016681384902427568,0.19700712209247392,0.5306781028541884,2546.5369388811037,1.0000863616333988,0.33
t0__0_0,0.0,0.0,0.0,0.0,0.0,,,
