,mean,sd,mc_error,hpd_2.5,hpd_97.5,n_eff,Rhat,MAP
b,1.0,0.0,0.0,1.0,1.0,,,
p_error,0.05000000447034836,3.725290298461914e-09,7.450580596923829e-10,0.05000000074505806,0.05000000074505806,1.0001503703406758,0.9999499987499374,
v__0_0,0.0001204940496721362,5.867656313634948e-06,3.440716906459748e-07,0.0001097894810354143,0.00013300036595054608,195.9420323221553,1.0028706152607987,0.000121
gamma__0_0,10.231331822828695,2.9780883676425787,0.12066762712845516,5.232189115035823,16.176573785738398,525.2490264662134,1.0017295355673337,8.57
s__0_0,0.007001106202848928,0.0006840003199528571,3.394675883843034e-05,0.005633856546493786,0.00827693946774647,319.6840902663727,1.0026211809823111,0.006996
tau__0_0,0.13570705650382967,0.03006386791734275,0.0014405470182488104,0.08206781799346508,0.19867365472025236,363.07131707772663,0.9999550644315274,0.13
t0__0_0,0.0,0.0,0.0,0.0,0.0,,,
