,mean,sd,mc_error,hpd_2.5,hpd_97.5,n_eff,Rhat,MAP
b,1.0,0.0,0.0,1.0,1.0,,,
p_error,0.05000000819563866,7.450580596923828e-09,1.4901161193847657e-09,0.05000000074505806,0.05000000074505806,1.0007506866324938,0.9997499687421851,
v__0_0,4.6963151916525675e-05,1.1511679257002933e-06,2.4034658465695816e-08,4.473014222298155e-05,4.9150638081437706e-05,2425.367583887586,0.9998384461841676,4.7e-05
gamma__0_0,6.906076278017086,0.6776781465863515,0.010369952014284341,5.663960610718718,8.35732742501947,3526.7098096857303,1.000014618235252,6.89
s__0_0,0.011248331150517753,0.00020705309656443314,3.7460135266771155e-06,0.010842507073187407,0.011653752402026717,3076.3777298941204,0.9999465855194793,0.01123
tau__0_0,0.46081805316543883,0.03971280052059315,0.0007791023161242028,0.38699212947908024,0.5414437430302622,2626.455456748956,0.9999647093783454,0.46
t0__0_0,0.0,0.0,0.0,0.0,0.0,,,
