,mean,sd,mc_error,hpd_2.5,hpd_97.5,n_eff,Rhat,MAP
b,1.0,0.0,0.0,1.0,1.0,,,
p_error,0.05000000819563866,7.450580596923828e-09,1.4901161193847657e-09,0.05000000074505806,0.05000000074505806,1.0007506866324938,0.9997499687421851,
v__0_0,0.00012266839310268862,2.876062625186812e-06,6.298837675795888e-08,0.00011711695263486826,0.00012831834239390342,2376.7442210390664,1.0004811698815341,0.000123
gamma__0_0,15.565281002339184,1.5827178301266456,0.027751530161512893,12.657233784512513,18.78173199505791,2984.1247193779027,0.9997541536245588,14.86
s__0_0,0.01100663245087911,0.00028108963452817034,5.583146577480467e-06,0.010463522985987834,0.011560389395030143,2501.977118106257,1.000010393520635,0.010904
tau__0_0,0.15542582041912595,0.016417891873644765,0.00035229962887933113,0.12371277200914056,0.18716030812265225,2252.8730209068826,0.99993044124455,0.15
t0__0_0,0.0,0.0,0.0,0.0,0.0,,,
