,mean,sd,mc_error,hpd_2.5,hpd_97.5,n_eff,Rhat,MAP
b,1.0,0.0,0.0,1.0,1.0,,,
p_error,0.05000000819563866,7.450580596923828e-09,1.4901161193847657e-09,0.05000000074505806,0.05000000074505806,1.0007506866324938,0.9997499687421851,
v__0_0,0.00010656654679094764,1.8073517289254551e-06,3.443342681198512e-08,0.00010299981528598179,0.00011010115442924768,2504.6125309319686,1.0009133044475647,0.000107
gamma__0_0,11.055664038479058,1.7371914889693445,0.035329710809864384,7.789446697584459,14.586150109622881,2477.0523507874136,0.9998352455626548,10.78
s__0_0,0.009132977061174014,0.00021925374657699498,4.5422759453510596e-06,0.008707636791404655,0.009551946883735053,2325.5689353565763,1.0012252086426343,0.009296
tau__0_0,0.05885921674662336,0.0053591085662857574,0.00010388404935869322,0.04871914126587187,0.06946440446215031,2438.2673365758887,1.0000353084986888,0.06
t0__0_0,0.0,0.0,0.0,0.0,0.0,,,
