,mean,sd,mc_error,hpd_2.5,hpd_97.5,n_eff,Rhat,MAP
b,1.0,0.0,0.0,1.0,1.0,,,
p_error,0.05000000819563866,7.450580596923828e-09,1.4901161193847657e-09,0.05000000074505806,0.05000000074505806,1.0007506866324938,0.9997499687421851,
v__0_0,6.192953305397249e-05,3.843421537766878e-06,7.862863679504741e-08,5.493980865128554e-05,6.988137839016498e-05,2084.157757178013,0.9999472609681967,6.3e-05
gamma__0_0,3.68198290165143,1.084237890522129,0.021088414517163905,1.5284178174707108,5.7088508530662665,2706.5864393053816,0.9997853948881485,3.8
s__0_0,0.007662099259266568,0.0005601895365728753,9.772169759283916e-06,0.006586184043865481,0.00877376858719941,2458.857561357647,1.0000592366242531,0.007748
tau__0_0,0.6344982167988041,0.1508824090073089,0.0032777069836224847,0.3862841558073784,0.9391306730967488,1957.6563262049747,0.9998131549343254,0.58
t0__0_0,0.0,0.0,0.0,0.0,0.0,,,
