,mean,sd,mc_error,hpd_2.5,hpd_97.5,n_eff,Rhat,MAP
b,1.0,0.0,0.0,1.0,1.0,,,
p_error,0.05000000819563866,7.450580596923828e-09,1.4901161193847657e-09,0.05000000074505806,0.05000000074505806,1.0007506866324938,0.9997499687421851,
v__0_0,3.874708513372331e-05,3.3213443060979787e-06,5.388578943442291e-08,3.1842462741171666e-05,4.4949635142107405e-05,3007.027218274584,1.0001198367253332,3.9e-05
gamma__0_0,3.889687351292181,2.1251200627821465,0.04278019081524324,-0.18713759411846986,8.094392164849815,2338.1497009250843,1.000128302390361,4.08
s__0_0,0.010203883107316493,0.0006800304446789139,1.1363016012436773e-05,0.008907876742645525,0.011593720583515219,2986.2092892383753,0.999874463055117,0.009736
tau__0_0,0.5357569248209263,0.17951881966736513,0.003966585946260736,0.2311210005945699,0.8707453471766803,2069.309137181666,1.00104571635913,0.47
t0__0_0,0.0,0.0,0.0,0.0,0.0,,,
