,mean,sd,mc_error,hpd_2.5,hpd_97.5,n_eff,Rhat,MAP
b,1.0,0.0,0.0,1.0,1.0,,,
p_error,0.05000000819563866,7.450580596923828e-09,1.4901161193847657e-09,0.05000000074505806,0.05000000074505806,1.0007506866324938,0.9997499687421851,
v__0_0,9.455415263135497e-05,7.043785016587414e-06,1.5213490105250706e-07,8.009090890435824e-05,0.00010784350382076754,1731.6397842157357,0.9997635266794526,9.4e-05
gamma__0_0,15.028198767354748,5.764507481817017,0.16746206305727576,6.132884282818367,26.854521046276503,1076.4127770953824,1.0014813685570605,8.71
s__0_0,0.009918422289305446,0.0008481535200095872,1.812851320362759e-05,0.008358371653589798,0.011641896745061971,1745.681342469445,1.001520541559045,0.009414
tau__0_0,0.11523130592917401,0.043052136518628534,0.0011100714790940164,0.04193124078132147,0.19680059936149602,1400.385595533972,0.9999789226632713,0.11
t0__0_0,0.0,0.0,0.0,0.0,0.0,,,
