,mean,sd,mc_error,hpd_2.5,hpd_97.5,n_eff,Rhat,MAP
b,1.0,0.0,0.0,1.0,1.0,,,
p_error,0.05000000819563866,7.450580596923828e-09,1.4901161193847657e-09,0.05000000074505806,0.05000000074505806,1.0007506866324938,0.9997499687421851,
v__0_0,4.592172528480548e-05,1.4463227858587461e-06,3.144065003434772e-08,4.3113368117230755e-05,4.874952605650857e-05,2626.643440257692,1.0000353481639324,4.6e-05
gamma__0_0,6.792148158269469,0.8509000665830291,0.012448224922955064,5.1904161370908355,8.497047117218614,4217.430684075498,0.9997523067209636,6.55
s__0_0,0.014368502125856065,0.0002445095379296426,4.492985638017159e-06,0.013881376763421426,0.014844452720043538,3028.514730218175,0.9998366135564957,0.014346
tau__0_0,0.526875358015937,0.06390405795323188,0.0013941812797383286,0.4103866057004341,0.6562961401358903,2415.6140243611003,0.9999622495705432,0.49
t0__0_0,0.0,0.0,0.0,0.0,0.0,,,
