,mean,sd,mc_error,hpd_2.5,hpd_97.5,n_eff,Rhat,MAP
b,1.0,0.0,0.0,1.0,1.0,,,
p_error,0.05000000819563866,7.450580596923828e-09,1.4901161193847657e-09,0.05000000074505806,0.05000000074505806,1.0007506866324938,0.9997499687421851,
v__0_0,7.499800457539016e-05,6.754043272435223e-06,1.4338351558607096e-07,6.142063398207598e-05,8.809477690751997e-05,2040.1688652831926,0.9997853267325264,7.6e-05
gamma__0_0,0.5984241202440219,0.3841481744020371,0.00799926509299274,-0.12890522576761043,1.379109340949185,2387.783127480879,1.0005177448193923,0.59
s__0_0,0.008828506867328579,0.0008665010837618871,1.6820388504278795e-05,0.007145250380146835,0.010491862611612116,2332.9140470663865,0.9997810665640765,0.008567
tau__0_0,0.6887829847000846,0.22374125940886486,0.005124007337284233,0.33132932547160826,1.0825280439198561,1846.3677955279595,1.000416086882262,0.55
t0__0_0,0.0,0.0,0.0,0.0,0.0,,,
