,mean,sd,mc_error,hpd_2.5,hpd_97.5,n_eff,Rhat,MAP
b,1.0,0.0,0.0,1.0,1.0,,,
p_error,0.05000000819563866,7.450580596923828e-09,1.4901161193847657e-09,0.05000000074505806,0.05000000074505806,1.0007506866324938,0.9997499687421851,
v__0_0,0.00010351654808436045,1.7791129084687646e-06,3.682093484775022e-08,0.00010017129560639784,0.0001070819971647537,2083.422125295189,0.999753990464378,0.000104
gamma__0_0,5.515696972825906,0.6476896977054923,0.011791991953471645,4.165663368759315,6.682676717958159,3288.2567359089703,0.9999351646511754,5.7
s__0_0,0.009381071189535286,0.00019775152166931292,3.741374326029945e-06,0.00899081012516104,0.009753399798118378,2596.403783594542,0.9997730658723746,0.009325
tau__0_0,0.22782031386734453,0.014294936819952838,0.00029994235162775305,0.1997969325186566,0.2547941266899088,2203.3824130088733,1.0001572313420855,0.23
t0__0_0,0.0,0.0,0.0,0.0,0.0,,,
