,mean,sd,mc_error,hpd_2.5,hpd_97.5,n_eff,Rhat,MAP
b,1.0,0.0,0.0,1.0,1.0,,,
p_error,0.05000000447034836,3.725290298461914e-09,7.450580596923829e-10,0.05000000074505806,0.05000000074505806,1.0001503703406758,0.9999499987499374,
v__0_0,0.00014116707064193288,3.576697769498391e-06,1.0317672511962754e-07,0.00013460800315252626,0.00014852962462852512,1194.4265262122863,1.0005389427572828,0.00014
gamma__0_0,3.528384457546361,3.0225907942158874,0.08355506178093387,-1.1002001081288189,10.090258556098924,1201.37428272873,1.000134153096902,3.06
s__0_0,0.006164738996663509,0.00035063292645461374,1.0840975911225019e-05,0.005545138846103871,0.006879103975270537,996.8067272836307,1.0040667300126538,0.00611
tau__0_0,0.06809174672158108,0.024665968985729998,0.0007015146850024929,0.01634488115713321,0.11295273774383044,1106.0460842789805,1.000087405971731,0.07
t0__0_0,0.0,0.0,0.0,0.0,0.0,,,
