,mean,sd,mc_error,hpd_2.5,hpd_97.5,n_eff,Rhat,MAP
b,1.0,0.0,0.0,1.0,1.0,,,
p_error,0.05000000819563866,7.450580596923828e-09,1.4901161193847657e-09,0.05000000074505806,0.05000000074505806,1.0007506866324938,0.9997499687421851,
v__0_0,4.35535792244285e-05,4.47904295046846e-06,1.6163229974871445e-07,3.537948638136092e-05,5.2544619171179874e-05,650.5182993964899,1.0014493946758602,4.3e-05
gamma__0_0,5.512795620772568,1.923692785889437,0.0527074651408603,1.6175701507913,9.176610170889045,979.5865757246885,1.0011217053269694,5.57
s__0_0,0.00983969066937128,0.0007851531633599259,2.450093303834585e-05,0.008451563669065059,0.0114939316185309,841.7632466871661,1.0016094099801942,0.008633
tau__0_0,1.4024565696517264,1.1115118323535722,0.04198799631819678,0.35000712505526216,4.118700930528822,621.121135183547,1.0030763298663268,0.58
t0__0_0,0.0,0.0,0.0,0.0,0.0,,,
