,mean,sd,mc_error,hpd_2.5,hpd_97.5,n_eff,Rhat,MAP
b,1.0,0.0,0.0,1.0,1.0,,,
p_error,0.05000000819563866,7.450580596923828e-09,1.4901161193847657e-09,0.05000000074505806,0.05000000074505806,1.0007506866324938,0.9997499687421851,
v__0_0,7.760545096935131e-05,1.5696211462104947e-06,3.5674464996644226e-08,7.450974557474763e-05,8.070633423290671e-05,2157.0384710068342,1.0003653155477115,7.8e-05
gamma__0_0,5.4371594282764395,0.7081545271813167,0.01244149493474905,4.0123862202297715,6.789825928904207,3057.93300927748,0.999884840587693,5.27
s__0_0,0.011817320564197356,0.00023239867376062353,4.4117827357794495e-06,0.011368300920646173,0.012284168739824889,2841.2504452360467,1.0004566009139328,0.011861
tau__0_0,0.45885319860372753,0.03458362225584621,0.0007462542599965662,0.3928062603205034,0.5256424038263355,2282.1239667793557,1.0001447193808455,0.44
t0__0_0,0.0,0.0,0.0,0.0,0.0,,,
