,mean,sd,mc_error,hpd_2.5,hpd_97.5,n_eff,Rhat,MAP
b,1.0,0.0,0.0,1.0,1.0,,,
p_error,0.05000000819563866,7.450580596923828e-09,1.4901161193847657e-09,0.05000000074505806,0.05000000074505806,1.0007506866324938,0.9997499687421851,
v__0_0,9.378391733627098e-05,2.3586791015967e-06,6.127593944012691e-08,8.927947361754556e-05,9.862662623043743e-05,1637.2610677355742,1.0022923436372004,9.3e-05
gamma__0_0,17.209961689105672,1.2825021030925519,0.033800228201233844,14.80896471412116,19.67083834881519,1621.3590719668189,1.000348214683684,17.36
s__0_0,0.010761344573424179,0.00024246073355664466,5.277207326735357e-06,0.010314928777187642,0.011261024360674358,1948.3511446399507,1.0008540138026925,0.010774
tau__0_0,0.18167318379775818,0.01888557319033328,0.0005373945953200618,0.14679595385267039,0.2177554890037391,1494.9025582933853,1.000111917855781,0.18
t0__0_0,0.0,0.0,0.0,0.0,0.0,,,
