,mean,sd,mc_error,hpd_2.5,hpd_97.5,n_eff,Rhat,MAP
b,1.0,0.0,0.0,1.0,1.0,,,
p_error,0.05000000447034836,3.725290298461914e-09,7.450580596923829e-10,0.05000000074505806,0.05000000074505806,1.0001503703406758,0.9999499987499374,
v__0_0,2.797814176963309e-05,1.5232509044328055e-06,4.646137175053718e-08,2.519836342619382e-05,3.100567987572547e-05,982.9965361929708,1.0003252921924417,2.8e-05
gamma__0_0,17.82472135582743,1.6876786837367455,0.03402363409788034,14.518609503169042,19.99845433140937,2519.061189327389,1.000045286392473,19.64
s__0_0,0.006057518627363913,0.0003345275384877423,1.1582700975359762e-05,0.0054209960168901065,0.006719985596100351,767.4835912845308,1.0007190631744127,0.005902
tau__0_0,0.31049184932668883,0.058707679084725954,0.0017282661281695106,0.20342976806230934,0.42786274675810426,1094.0541260556736,1.0007554004371875,0.29
t0__0_0,0.0,0.0,0.0,0.0,0.0,,,
