,mean,sd,mc_error,hpd_2.5,hpd_97.5,n_eff,Rhat,MAP
b,1.0,0.0,0.0,1.0,1.0,,,
p_error,0.05000000819563866,7.450580596923828e-09,1.4901161193847657e-09,0.05000000074505806,0.05000000074505806,1.0007506866324938,0.9997499687421851,
v__0_0,0.00010466035436225532,6.051813289749548e-06,1.1675221925213452e-07,9.313980440219236e-05,0.00011705110902568818,2535.288914494524,0.9998254382216497,0.000105
gamma__0_0,2.7262712151695925,1.4597576750535293,0.02932961602422416,-0.052033085008389435,5.607100176832503,2384.7294716090414,0.9997696837226383,2.11
s__0_0,0.008997385531752307,0.0006848391264472843,1.1293765789337065e-05,0.007611740881572217,0.010309544118642811,2864.143061566818,1.0000322803274404,0.008957
tau__0_0,0.2771814226460774,0.07044422565241214,0.0014917114643439326,0.16533500985445512,0.42211212361053596,2150.7846014198735,1.0001886886307085,0.24
t0__0_0,0.0,0.0,0.0,0.0,0.0,,,
