,mean,sd,mc_error,hpd_2.5,hpd_97.5,n_eff,Rhat,MAP
b,1.0,0.0,0.0,1.0,1.0,,,
p_error,0.05000000447034836,3.725290298461914e-09,7.450580596923829e-10,0.05000000074505806,0.05000000074505806,1.0001503703406758,0.9999499987499374,
v__0_0,5.1017335963860386e-05,4.413202561078536e-06,1.4571948853721292e-07,4.298735004274898e-05,5.989441375480646e-05,907.1987805332716,1.0012885263870441,5.1e-05
gamma__0_0,0.0889628794196237,1.439339390463962,0.03139978315295449,-2.725348277374848,2.818648876069634,1997.6825373249528,1.000260861087608,-0.43
s__0_0,0.010254034245609115,0.0007772089721361623,2.0830784024841274e-05,0.008713521641217994,0.011760443837806287,1418.0087974230114,1.0006771193349355,0.009925
tau__0_0,1.02281029660214,0.31360370739510895,0.007684957614907452,0.5426005147796017,1.6314763106041905,1546.8777661034596,1.000079840799129,0.91
t0__0_0,0.0,0.0,0.0,0.0,0.0,,,
