,mean,sd,mc_error,hpd_2.5,hpd_97.5,n_eff,Rhat,MAP
b,1.0,0.0,0.0,1.0,1.0,,,
p_error,0.05000000819563866,7.450580596923828e-09,1.4901161193847657e-09,0.05000000074505806,0.05000000074505806,1.0007506866324938,0.9997499687421851,
v__0_0,8.332940827625758e-05,5.258663814491679e-06,1.232336637218921e-07,7.278571348017247e-05,9.311392181238496e-05,1725.7075399297057,1.0006370787324457,8.4e-05
gamma__0_0,18.228553837145867,6.3259031198421924,0.14160287561519247,8.219165790239686,30.000020944415695,1635.8682105800451,1.0002808370863148,14.48
s__0_0,0.010193013984999008,0.0007219087952449087,1.6436192056560756e-05,0.008949307583753655,0.01176714545856521,1610.6859145548856,1.0001950066524206,0.010071
tau__0_0,0.30515492924616,0.13255931860497203,0.003250323295796726,0.10953910386885508,0.5532984862560771,1433.4826489102263,1.0002606907633191,0.23
t0__0_0,0.0,0.0,0.0,0.0,0.0,,,
