,mean,sd,mc_error,hpd_2.5,hpd_97.5,n_eff,Rhat,MAP
b,1.0,0.0,0.0,1.0,1.0,,,
p_error,0.05000000447034836,3.725290298461914e-09,7.450580596923829e-10,0.05000000074505806,0.05000000074505806,1.0001503703406758,0.9999499987499374,
v__0_0,1.8682322837590254e-05,9.649772328687401e-07,3.904613942180202e-08,1.691423405363828e-05,2.0540362518297628e-05,621.64620536406,1.0016905482718828,1.9e-05
gamma__0_0,21.02034978107426,4.680421030130291,0.2063736704505872,12.4238222214545,30.15158084604647,448.17756921664267,1.0012654240472745,19.32
s__0_0,0.004699325364848504,0.0002702122694175263,9.887676190733698e-06,0.004215310278508132,0.005271497613075585,788.5761209429355,0.9999579269114351,0.004746
tau__0_0,0.40277657117568505,0.11986799053440458,0.00587022325111281,0.1952849399078206,0.6438021147956929,425.3152362752391,1.0030480554163759,0.38
t0__0_0,0.0,0.0,0.0,0.0,0.0,,,
