,mean,sd,mc_error,hpd_2.5,hpd_97.5,n_eff,Rhat,MAP
b,1.0,0.0,0.0,1.0,1.0,,,
p_error,0.05000000447034836,3.725290298461914e-09,7.450580596923829e-10,0.05000000074505806,0.05000000074505806,1.0001503703406758,0.9999499987499374,
v__0_0,1.9959902767462873e-05,1.0384088710415762e-06,3.9321217073935506e-08,1.7837281746532475e-05,2.1885429732622653e-05,567.146600857838,0.999983867239291,2e-05
gamma__0_0,3.06452984915906,0.9179520826031676,0.024775371914663002,1.4306172677272375,4.851239932984965,1315.291398973229,1.0018882108809337,2.57
s__0_0,0.005492788366549384,0.00030869586038130895,8.131519243892422e-06,0.004918103662297099,0.006128757993444136,1356.5674491151055,1.000014674061672,0.005556
tau__0_0,1.7265007386901565,0.5288563770503503,0.016786565180291,0.9280250903986409,2.7402810625819,843.0044541928838,1.0012593509681638,1.37
t0__0_0,0.0,0.0,0.0,0.0,0.0,,,
