,mean,sd,mc_error,hpd_2.5,hpd_97.5,n_eff,Rhat,MAP
b,1.0,0.0,0.0,1.0,1.0,,,
p_error,0.05000000819563866,7.450580596923828e-09,1.4901161193847657e-09,0.05000000074505806,0.05000000074505806,1.0007506866324938,0.9997499687421851,
v__0_0,6.936355216556694e-05,4.1627533811694764e-06,9.42546302855605e-08,6.12519525961097e-05,7.735827688148413e-05,1854.3201731931258,1.0004675586046725,6.9e-05
gamma__0_0,4.934278254923445,0.9907171885320246,0.0264355500346302,3.008863852684554,6.879332303385603,1507.4951609470422,1.000140601340583,4.8
s__0_0,0.00829301718761495,0.0006000255959883834,1.1948300351271438e-05,0.007179042121138126,0.009483135962884864,2909.505775667679,0.9998303083859891,0.008514
tau__0_0,0.807614489124879,0.43516142251441725,0.013719972657929144,0.2994049101218898,1.577922513733293,1130.4791236124472,1.0001295035319893,0.66
t0__0_0,0.0,0.0,0.0,0.0,0.0,,,
