,mean,sd,mc_error,hpd_2.5,hpd_97.5,n_eff,Rhat,MAP
b,1.0,0.0,0.0,1.0,1.0,,,
p_error,0.05000000819563866,7.450580596923828e-09,1.4901161193847657e-09,0.05000000074505806,0.05000000074505806,1.0007506866324938,0.9997499687421851,
v__0_0,6.374714604632508e-05,1.5638970752222113e-06,3.265912496078727e-08,6.059222054023245e-05,6.66807590087898e-05,2617.4587746786806,1.0003216122077523,6.4e-05
gamma__0_0,8.102479427416615,0.8419942045417519,0.01696768571649576,6.343676359336548,9.620416945575194,2287.833913573164,1.0000473199074509,7.74
s__0_0,0.011483412180468978,0.00022299194374591943,4.162290029895681e-06,0.011063095335446074,0.011922334635358444,2901.166088808602,0.9997499700280811,0.011448
tau__0_0,0.25198744770043024,0.021693117978597198,0.00043897951666738773,0.21109834776774383,0.2950111418607398,2335.482243906203,0.9998762750420669,0.25
t0__0_0,0.0,0.0,0.0,0.0,0.0,,,
