,mean,sd,mc_error,hpd_2.5,hpd_97.5,n_eff,Rhat,MAP
b,1.0,0.0,0.0,1.0,1.0,,,
p_error,0.05000000819563866,7.450580596923828e-09,1.4901161193847657e-09,0.05000000074505806,0.05000000074505806,1.0007506866324938,0.9997499687421851,
v__0_0,0.00010444642376675115,6.044198792616852e-06,1.2754282793220778e-07,9.255929449597258e-05,0.00011601916480897067,2281.7991331264166,1.0000901551210328,0.000107
gamma__0_0,2.699934464862801,1.4712625631597007,0.028542750403735377,-0.22445623930522274,5.540173439977874,2358.056454929995,1.0000907321182946,2.28
s__0_0,0.008992928108984373,0.0006695623600743399,1.376701897361717e-05,0.0076773133655775,0.010312576814076256,2638.669703057167,0.9997541555552129,0.008708
tau__0_0,0.28049346671084147,0.07421234426495005,0.001704328138611631,0.14668203526979975,0.4196959537686584,1964.206816189851,1.0006475882561938,0.25
t0__0_0,0.0,0.0,0.0,0.0,0.0,,,
