,mean,sd,mc_error,hpd_2.5,hpd_97.5,n_eff,Rhat,MAP
b,1.0,0.0,0.0,1.0,1.0,,,
p_error,0.05000000447034836,3.725290298461914e-09,7.450580596923829e-10,0.05000000074505806,0.05000000074505806,1.0001503703406758,0.9999499987499374,
v__0_0,0.00012045932639309931,5.877649923686579e-06,3.325457768413316e-07,0.00011044901106489599,0.0001327039108671489,254.7964276058859,1.000525376208028,0.000122
gamma__0_0,10.256007477294782,2.6713515284442084,0.07548317248221381,5.3397936006963445,15.67715488268983,1092.540786644047,0.9999872498082176,9.55
s__0_0,0.006990690819585176,0.0006934058660134937,3.4615168278877886e-05,0.005697296483252268,0.008321220901282698,337.8366932616094,1.0032167312397655,0.006864
tau__0_0,0.1358757654607433,0.02898134461638925,0.001388558980768811,0.08378177071909644,0.1941147200236101,397.85257703269053,1.0010364776655765,0.13
t0__0_0,0.0,0.0,0.0,0.0,0.0,,,
