,mean,sd,mc_error,hpd_2.5,hpd_97.5,n_eff,Rhat,MAP
b,1.0,0.0,0.0,1.0,1.0,,,
p_error,0.05000000447034836,3.725290298461914e-09,7.450580596923829e-10,0.05000000074505806,0.05000000074505806,1.0001503703406758,0.9999499987499374,
v__0_0,8.931790200391725e-05,3.324647765942167e-06,1.0828276032990372e-07,8.291131945506262e-05,9.575393163754339e-05,908.4271462579668,1.000150174792347,9e-05
gamma__0_0,2.234929052237814,6.344917291423,0.38411780429262143,-1.786787596156742,7.063124610349703,268.7260852262724,1.0007137697625301,1.38
s__0_0,0.006311811052752834,0.0006352610166441995,1.740638449689081e-05,0.004898895720409218,0.007374799913457978,1217.8801873535315,1.0010104394444979,0.006449
tau__0_0,0.07171860471869845,0.03215841448119934,0.0011482097790339253,0.0011840578084162962,0.12677791110496464,704.6402169021244,1.0016351405097184,0.08
t0__0_0,0.0,0.0,0.0,0.0,0.0,,,
