,mean,sd,mc_error,hpd_2.5,hpd_97.5,n_eff,Rhat,MAP
b,1.0,0.0,0.0,1.0,1.0,,,
p_error,0.05000000819563866,7.450580596923828e-09,1.4901161193847657e-09,0.05000000074505806,0.05000000074505806,1.0007506866324938,0.9997499687421851,
v__0_0,8.401460109624934e-05,6.844726371844705e-06,1.4136365814520484e-07,7.041963970275984e-05,9.728399949079869e-05,2382.581155418418,0.9997632210693727,8.2e-05
gamma__0_0,1.4540251035706162,1.114170493364422,0.019499406494148983,-0.6119153531123764,3.75709256735729,3162.7721755372304,1.0001308867566046,1.04
s__0_0,0.010420428787688849,0.0008566458399098919,1.9742968347539434e-05,0.008729049982359202,0.012056406868062813,2449.6903397027,0.9998936543539089,0.010202
tau__0_0,0.4723418836753786,0.13459535153535943,0.002868301302393223,0.23781850272029365,0.7393400307191322,2320.082938952302,0.9997500308044447,0.42
t0__0_0,0.0,0.0,0.0,0.0,0.0,,,
