,mean,sd,mc_error,hpd_2.5,hpd_97.5,n_eff,Rhat,MAP
b,1.0,0.0,0.0,1.0,1.0,,,
p_error,0.05000000447034836,3.725290298461914e-09,7.450580596923829e-10,0.05000000074505806,0.05000000074505806,1.0001503703406758,0.9999499987499374,
v__0_0,1.7663054680581698e-05,1.0016600731895107e-06,3.811823183619429e-08,1.58830561342033e-05,1.9583384066681248e-05,553.5267207064823,1.0035060212576454,1.8e-05
gamma__0_0,17.584297444925987,1.7864504092222824,0.03453851920434887,14.05831395656464,19.999911233765285,2235.005493190662,0.9999784803911931,19.31
s__0_0,0.005260122684188657,0.0002826258095928617,8.753378139149607e-06,0.0047128763646574895,0.005801523118193124,1023.0543750242252,1.0004829691722747,0.005477
tau__0_0,0.6409178755131496,0.17250802414283584,0.004915702874142265,0.34865812637755833,0.9899891545038457,929.2556410499317,1.0017364712062267,0.61
t0__0_0,0.0,0.0,0.0,0.0,0.0,,,
