,mean,sd,mc_error,hpd_2.5,hpd_97.5,n_eff,Rhat,MAP
b,1.0,0.0,0.0,1.0,1.0,,,
p_error,0.05000000819563866,7.450580596923828e-09,1.4901161193847657e-09,0.05000000074505806,0.05000000074505806,1.0007506866324938,0.9997499687421851,
v__0_0,7.75965472235402e-05,5.049645564025707e-06,1.9505530914060234e-07,6.74188244706215e-05,8.713087090953285e-05,499.8627458827805,1.0016439099240293,7.8e-05
gamma__0_0,32.93110723536201,18.36383318712268,0.7591622373381169,9.301231686048013,76.09355008743222,492.78296730404696,1.0005072692027948,26.64
s__0_0,0.006363799967661234,0.0006190050667548017,2.5585569082492626e-05,0.005223714525470243,0.007693270468363142,285.56606129745285,1.005561961824295,0.006337
tau__0_0,0.08587010710436101,0.04207065113928883,0.0015334559002522007,0.01659455367226975,0.16004983715348003,741.1870005639814,1.000131043497496,0.08
t0__0_0,0.0,0.0,0.0,0.0,0.0,,,
