,mean,sd,mc_error,hpd_2.5,hpd_97.5,n_eff,Rhat,MAP
b,1.0,0.0,0.0,1.0,1.0,,,
p_error,0.05000000819563866,7.450580596923828e-09,1.4901161193847657e-09,0.05000000074505806,0.05000000074505806,1.0007506866324938,0.9997499687421851,
v__0_0,6.742318089882615e-05,4.327226614713779e-06,9.053992510937541e-08,5.9393917203135205e-05,7.615745421743174e-05,2137.973418388023,1.0003226784942618,6.8e-05
gamma__0_0,0.6261259804955641,1.0273842001936786,0.017330319135383944,-1.3562225354172028,2.610440847481854,3082.6708175996623,0.9999675176450876,0.21
s__0_0,0.008312994997813775,0.0006408982331908292,1.2478776052883556e-05,0.007065463438359637,0.009542283293546915,2772.032869615688,0.9997594114181653,0.007887
tau__0_0,0.4628078982016283,0.11038753524449842,0.0021729155195932604,0.28143547290894044,0.6833956874512037,2211.4177756398394,0.9997877081415509,0.43
t0__0_0,0.0,0.0,0.0,0.0,0.0,,,
