,mean,sd,mc_error,hpd_2.5,hpd_97.5,n_eff,Rhat,MAP
b,1.0,0.0,0.0,1.0,1.0,,,
p_error,0.05000000819563866,7.450580596923828e-09,1.4901161193847657e-09,0.05000000074505806,0.05000000074505806,1.0007506866324938,0.9997499687421851,
v__0_0,2.9457526532369187e-05,2.4851589857636202e-06,4.782277739482637e-08,2.45784699879789e-05,3.437059771089356e-05,2674.6673700581046,0.999753484068817,2.9e-05
gamma__0_0,4.15467043954928,1.219929005239204,0.037274820742605824,1.8366776713509694,6.590827242780783,879.1295155664423,1.0021091797099202,4.42
s__0_0,0.00950258028861933,0.0005186321152443985,9.750322625143855e-06,0.008502003742490794,0.010509985508509501,2634.339196517906,0.9997627760172374,0.009279
tau__0_0,2.9529111964673493,1.1502548416440113,0.023195788090760665,1.1722770250541066,4.999010130215585,1818.5190288252877,0.9997951228868368,2.56
t0__0_0,0.0,0.0,0.0,0.0,0.0,,,
