,mean,sd,mc_error,hpd_2.5,hpd_97.5,n_eff,Rhat,MAP
b,1.0,0.0,0.0,1.0,1.0,,,
p_error,0.05000000447034836,3.725290298461914e-09,7.450580596923829e-10,0.05000000074505806,0.05000000074505806,1.0001503703406758,0.9999499987499374,
v__0_0,2.7611046812718477e-05,1.2807728130868813e-06,4.6529772333788137e-08,2.5187879476321106e-05,3.025796138333779e-05,721.3862227880961,1.00146510165288,2.8e-05
gamma__0_0,11.24101580137634,3.007504297036168,0.12069568055076593,6.301791126220966,17.59315384467285,510.93067052650133,1.0009055060393033,10.36
s__0_0,0.0048450565737855255,0.0003056615126026587,9.291228022800043e-06,0.004254852709518475,0.0054556274623802255,1057.2364903837663,1.0013324928685117,0.004903
tau__0_0,0.46745039975831876,0.12202765296737324,0.005063833288913628,0.25513498168865445,0.7045880155887199,480.4208148349902,0.9999890781845299,0.43
t0__0_0,0.0,0.0,0.0,0.0,0.0,,,
