,mean,sd,mc_error,hpd_2.5,hpd_97.5,n_eff,Rhat,MAP
b,1.0,0.0,0.0,1.0,1.0,,,
p_error,0.05000000819563866,7.450580596923828e-09,1.4901161193847657e-09,0.05000000074505806,0.05000000074505806,1.0007506866324938,0.9997499687421851,
v__0_0,6.141659997070804e-05,1.7012566089376712e-06,3.080918518539721e-08,5.797053458697513e-05,6.460352907644095e-05,2756.81020030498,0.999986422834641,6.1e-05
gamma__0_0,8.83002852635909,1.011291887886093,0.018478707538185857,6.938053669933424,10.86186404503782,3115.284179800688,0.9999501341328882,8.18
s__0_0,0.014335269552077137,0.0002581372762967296,4.501655949313984e-06,0.013824845959793799,0.014824246269276857,3212.636221352449,1.0001553532048557,0.014241
tau__0_0,0.38060962520573294,0.03986967169066574,0.0007243188911102121,0.3107739979989802,0.4622783795582792,2462.693789073042,0.9999799234657077,0.37
t0__0_0,0.0,0.0,0.0,0.0,0.0,,,
