,mean,sd,mc_error,hpd_2.5,hpd_97.5,n_eff,Rhat,MAP
b,1.0,0.0,0.0,1.0,1.0,,,
p_error,0.05000000447034836,3.725290298461914e-09,7.450580596923829e-10,0.05000000074505806,0.05000000074505806,1.0001503703406758,0.9999499987499374,
v__0_0,3.57072259185651e-05,1.6242197047050484e-06,7.016003116051308e-08,3.271535155028702e-05,3.891519062973464e-05,420.5487063714856,0.9999979243369025,3.6e-05
gamma__0_0,5.183556588291908,1.1652501991119306,0.033031271607360115,2.970609490217864,7.37757142913355,1321.418141453974,1.0021971350607168,4.25
s__0_0,0.005646754283804788,0.00032357390677666326,1.0663439827883403e-05,0.005022083259357376,0.006274531917045377,785.7234940398638,0.9999644617032973,0.005557
tau__0_0,0.6687720121627806,0.1504489549617446,0.005891650626068799,0.39866668684037077,0.9583411125987906,558.4383157245135,0.9999515735278327,0.61
t0__0_0,0.0,0.0,0.0,0.0,0.0,,,
