,mean,sd,mc_error,hpd_2.5,hpd_97.5,n_eff,Rhat,MAP
b,1.0,0.0,0.0,1.0,1.0,,,
p_error,0.05000000819563866,7.450580596923828e-09,1.4901161193847657e-09,0.05000000074505806,0.05000000074505806,1.0007506866324938,0.9997499687421851,
v__0_0,5.1043090849002995e-05,4.327654873198842e-06,8.805747767067824e-08,4.326955180780609e-05,6.017205254731278e-05,2591.189686545095,0.9998598872341848,5.2e-05
gamma__0_0,0.19876206047472827,1.4557671346985546,0.03133722391965611,-2.755411042875423,2.8382926468983953,2233.813643254708,1.000127688517556,-0.55
s__0_0,0.010204021638986349,0.0007519595005268569,1.5808759269437214e-05,0.008761432159508016,0.011708473638376023,2522.5865979925766,0.9998116162017376,0.010798
tau__0_0,1.00062554678629,0.29016413765527493,0.005679967560641012,0.534767955130646,1.553740938981797,2645.830622756314,1.0001028460911134,0.86
t0__0_0,0.0,0.0,0.0,0.0,0.0,,,
