,mean,sd,mc_error,hpd_2.5,hpd_97.5,n_eff,Rhat,MAP
b,1.0,0.0,0.0,1.0,1.0,,,
p_error,0.05000000819563866,7.450580596923828e-09,1.4901161193847657e-09,0.05000000074505806,0.05000000074505806,1.0007506866324938,0.9997499687421851,
v__0_0,6.450229442713404e-05,3.960590899875876e-06,8.483082632982614e-08,5.651495039317558e-05,7.211066308045498e-05,2345.2973879037913,1.000890090505145,6.5e-05
gamma__0_0,2.938830542067002,1.3192327733788942,0.022283858784337078,0.47622845499908806,5.6267981491894545,3032.983003349925,0.9998887508060081,2.43
s__0_0,0.008460090068542642,0.0006249175210375553,1.0513789257872565e-05,0.0073047894858889245,0.009742760319767304,2790.6155023759543,0.9997684465822141,0.008406
tau__0_0,0.6837619731092152,0.1398551975879688,0.0030382965600020346,0.44184032825073183,0.9792027892779819,2354.789030025631,1.0009651431879452,0.59
t0__0_0,0.0,0.0,0.0,0.0,0.0,,,
