,mean,sd,mc_error,hpd_2.5,hpd_97.5,n_eff,Rhat,MAP
b,1.0,0.0,0.0,1.0,1.0,,,
p_error,0.05000000819563866,7.450580596923828e-09,1.4901161193847657e-09,0.05000000074505806,0.05000000074505806,1.0007506866324938,0.9997499687421851,
v__0_0,2.9525745914151005e-05,2.4318558878210834e-06,5.087860871939311e-08,2.4666302151771794e-05,3.414005680684438e-05,2237.7376420875958,0.99975766233824,3e-05
gamma__0_0,4.148586538602307,1.2295596622825895,0.05268264158352559,1.635852633799061,6.5189798144780156,509.8198588985754,1.0059009239333774,4.22
s__0_0,0.009507581101023538,0.0005148353837996457,8.433302926651918e-06,0.008529044577176688,0.010518769204315537,3247.1964747810166,0.9998328412663569,0.009297
tau__0_0,2.9358162045873524,1.1399961776048677,0.027826130069145867,1.1852698115610507,4.994902937000133,1762.3519612810646,1.0012096822845207,1.68
t0__0_0,0.0,0.0,0.0,0.0,0.0,,,
