,mean,sd,mc_error,hpd_2.5,hpd_97.5,n_eff,Rhat,MAP
b,1.0,0.0,0.0,1.0,1.0,,,
p_error,0.05000000819563866,7.450580596923828e-09,1.4901161193847657e-09,0.05000000074505806,0.05000000074505806,1.0007506866324938,0.9997499687421851,
v__0_0,6.357692733510412e-05,4.582710917196454e-06,9.079817449798823e-08,5.4560351624170935e-05,7.25754284645942e-05,2224.9786357079647,1.0001380890497669,6.5e-05
gamma__0_0,7.491767173161919,2.5100346028914364,0.05284084721989155,2.911683245742971,12.302560063758605,2247.400677115907,0.999846707336705,6.54
s__0_0,0.008846058879303762,0.0006433939606325878,1.2106995162396363e-05,0.007596024956142944,0.010116333414378547,2363.5848497776396,0.9998577881929764,0.008864
tau__0_0,0.3583846840243797,0.08245684397370415,0.0017361250890553024,0.21318853799979773,0.5135678337099457,2094.1584418377847,0.9997953656789023,0.3
t0__0_0,0.0,0.0,0.0,0.0,0.0,,,
