,mean,sd,mc_error,hpd_2.5,hpd_97.5,n_eff,Rhat,MAP
b,1.0,0.0,0.0,1.0,1.0,,,
p_error,0.05000000447034836,3.725290298461914e-09,7.450580596923829e-10,0.05000000074505806,0.05000000074505806,1.0001503703406758,0.9999499987499374,
v__0_0,2.4420497357847503e-05,1.376580246720936e-06,5.701015421641101e-08,2.192997564981936e-05,2.7316711393680984e-05,492.825542534774,1.0000675995689778,2.5e-05
gamma__0_0,4.426707927361431,0.7421429689180142,0.02635151704536572,3.0201044452592978,5.9274979593981065,858.792717522264,1.0005392459823028,3.97
s__0_0,0.005348115468538816,0.0003196425761657742,1.1498040370403361e-05,0.004763730956714407,0.005945132817823999,723.4808804872894,1.0006825017698748,0.005462
tau__0_0,1.2331148648683747,0.2769879274616286,0.010559938499182643,0.7477567916393257,1.7879925172032307,618.1453728758117,1.0002884792176954,1.07
t0__0_0,0.0,0.0,0.0,0.0,0.0,,,
