,mean,sd,mc_error,hpd_2.5,hpd_97.5,n_eff,Rhat,MAP
b,1.0,0.0,0.0,1.0,1.0,,,
p_error,0.05000000819563866,7.450580596923828e-09,1.4901161193847657e-09,0.05000000074505806,0.05000000074505806,1.0007506866324938,0.9997499687421851,
v__0_0,1.7706773277754498e-05,1.0109923730950033e-06,4.0020850129060554e-08,1.5736105766379775e-05,1.9629260398333458e-05,435.3785589168528,1.0024257564607006,1.8e-05
gamma__0_0,43.79745038340768,20.528483536930683,0.8583393330304133,14.375110205753174,84.94703452849151,393.6556286090971,1.0021725311578333,16.3
s__0_0,0.005234813461795712,0.0002828661889391035,1.3577954537493783e-05,0.004668364655646029,0.005795170478037524,236.04355092898595,1.000621356662016,0.0052
tau__0_0,0.32573512497115814,0.1556455316843789,0.008025991077630117,0.09226033227656177,0.6235249773505978,252.41667266071892,0.9998017392437502,0.2
t0__0_0,0.0,0.0,0.0,0.0,0.0,,,
