,mean,sd,mc_error,hpd_2.5,hpd_97.5,n_eff,Rhat,MAP
b,1.0,0.0,0.0,1.0,1.0,,,
p_error,0.05000000819563866,7.450580596923828e-09,1.4901161193847657e-09,0.05000000074505806,0.05000000074505806,1.0007506866324938,0.9997499687421851,
v__0_0,7.723579137826191e-05,5.985930257188746e-06,1.5869202033772476e-07,6.562535147264664e-05,8.873564264314314e-05,1097.137742932682,1.0027033242178969,7.7e-05
gamma__0_0,4.034129023259344,1.8955536169766236,0.07012151902779461,1.0320464443534405,8.130935343017498,576.7913353235642,0.9998472064620485,2.84
s__0_0,0.01167575393776406,0.0008248161618414922,1.3278019549552383e-05,0.010125050652969304,0.013319060448798332,2758.265446161281,1.0001128213983221,0.010964
tau__0_0,0.4992224397033086,0.13387472095003605,0.002514273325524323,0.2747466082302423,0.7722304842750917,2945.6353177497845,0.9998456983408349,0.42
t0__0_0,0.0,0.0,0.0,0.0,0.0,,,
