,mean,sd,mc_error,hpd_2.5,hpd_97.5,n_eff,Rhat,MAP
b,1.0,0.0,0.0,1.0,1.0,,,
p_error,0.05000000447034836,3.725290298461914e-09,7.450580596923829e-10,0.05000000074505806,0.05000000074505806,1.0001503703406758,0.9999499987499374,
v__0_0,1.9616582881019143e-05,2.0520593650420913e-06,7.196448795196944e-08,1.5473059448353804e-05,2.336029729706335e-05,583.4731198720609,0.999958977423132,1.9e-05
gamma__0_0,6.466211529120874,1.4361797909430232,0.035436849157693726,3.9318965769294465,9.461104784610015,1433.338160531368,1.0010867187405985,6.35
s__0_0,0.006709287041028643,0.00046617296936280026,1.4358051291645907e-05,0.005759652537788439,0.007568118649222213,836.2252663136996,1.000592491010306,0.006755
tau__0_0,1.0037070696979098,0.5658605909720011,0.01849025738632245,0.3585583885609306,2.060591760607667,747.60511029112,1.0007911506051796,0.71
t0__0_0,0.0,0.0,0.0,0.0,0.0,,,
