,mean,sd,mc_error,hpd_2.5,hpd_97.5,n_eff,Rhat,MAP
b,1.0,0.0,0.0,1.0,1.0,,,
p_error,0.05000000819563866,7.450580596923828e-09,1.4901161193847657e-09,0.05000000074505806,0.05000000074505806,1.0007506866324938,0.9997499687421851,
v__0_0,4.5851370902894585e-05,1.462250233763615e-06,2.6434147000925652e-08,4.3154903876584494e-05,4.882855976904215e-05,2624.5970197555216,0.9997676555307533,4.6e-05
gamma__0_0,6.784334509555303,0.846650392828321,0.014222241601620505,5.236960121999079,8.56200194766863,3606.7689868418934,0.9997550186080181,6.92
s__0_0,0.014374788050438706,0.0002495393332739082,3.629704265921256e-06,0.013893536256457733,0.014869789058770035,3567.289032347303,0.9997501487026125,0.014304
tau__0_0,0.5299632131407618,0.06472146349999247,0.0012376799378214158,0.4165383035742349,0.6646809737870725,2643.294943286212,0.9997553252839092,0.54
t0__0_0,0.0,0.0,0.0,0.0,0.0,,,
