,mean,sd,mc_error,hpd_2.5,hpd_97.5,n_eff,Rhat,MAP
b,1.0,0.0,0.0,1.0,1.0,,,
p_error,0.05000000819563866,7.450580596923828e-09,1.4901161193847657e-09,0.05000000074505806,0.05000000074505806,1.0007506866324938,0.9997499687421851,
v__0_0,0.00010286713682033428,2.1843533084137945e-06,4.4255100266456535e-08,9.874118633145987e-05,0.00010725648770862437,2396.528000348151,0.9998367964723903,0.000103
gamma__0_0,9.270200476020907,0.7121868005706316,0.012076789634632103,7.909951091163123,10.680549603439005,3065.591892780802,0.9999132525380716,9.17
s__0_0,0.010918624734897495,0.00022951863508260606,4.073832001203892e-06,0.010480064420945465,0.011386331444563164,3155.140564333302,0.9999812476231268,0.010953
tau__0_0,0.2193884694483051,0.016417159707146616,0.0003207388601625635,0.18799014596272579,0.2524855060528881,2346.382000427968,0.9997789917515475,0.22
t0__0_0,0.0,0.0,0.0,0.0,0.0,,,
