,mean,sd,mc_error,hpd_2.5,hpd_97.5,n_eff,Rhat,MAP
b,1.0,0.0,0.0,1.0,1.0,,,
p_error,0.05000000819563866,7.450580596923828e-09,1.4901161193847657e-09,0.05000000074505806,0.05000000074505806,1.0007506866324938,0.9997499687421851,
v__0_0,0.00012266843221580295,2.817523828176664e-06,6.097710615225178e-08,0.00011672752621956191,0.00012782081868454697,2033.2039311865735,0.9997726072572886,0.000122
gamma__0_0,15.561861921451397,1.5237530970028959,0.03678561436347593,12.893952801692674,18.89739309065479,1551.7527440134782,1.0001244513088519,14.66
s__0_0,0.011001044391296223,0.0002729446087965729,5.5976811211320256e-06,0.010486835092250277,0.011533924839745108,2502.239751565821,0.9999201595253914,0.010934
tau__0_0,0.1555848396169492,0.01579437851711392,0.00034506280787514947,0.1270999589876708,0.18767669231413614,1661.5527815895894,1.0001529551926513,0.15
t0__0_0,0.0,0.0,0.0,0.0,0.0,,,
