,mean,sd,mc_error,hpd_2.5,hpd_97.5,n_eff,Rhat,MAP
b,1.0,0.0,0.0,1.0,1.0,,,
p_error,0.05000000819563866,7.450580596923828e-09,1.4901161193847657e-09,0.05000000074505806,0.05000000074505806,1.0007506866324938,0.9997499687421851,
v__0_0,6.752092467109186e-05,4.203077553715967e-06,8.252075116225085e-08,5.906798909262308e-05,7.560298666384184e-05,2495.396834503666,0.9997647457530074,6.8e-05
gamma__0_0,0.668667224819385,0.9910210525479844,0.018596227531315297,-1.1913033076183766,2.6419397548284245,3162.81758775377,1.0011629869312226,0.3
s__0_0,0.008301707470193693,0.0006231174668919513,1.1500491096133548e-05,0.007136300020725849,0.00953349048349579,2617.556286028889,0.9997502191149064,0.008101
tau__0_0,0.46073532864990263,0.11035660784653019,0.002366612123593929,0.27585551569258576,0.6711551673362075,2371.517557073132,0.999810329911718,0.45
t0__0_0,0.0,0.0,0.0,0.0,0.0,,,
