,mean,sd,mc_error,hpd_2.5,hpd_97.5,n_eff,Rhat,MAP
b,1.0,0.0,0.0,1.0,1.0,,,
p_error,0.05000000819563866,7.450580596923828e-09,1.4901161193847657e-09,0.05000000074505806,0.05000000074505806,1.0007506866324938,0.9997499687421851,
v__0_0,5.301388866546621e-05,4.788955854675721e-06,1.495054628024971e-07,4.384817648275365e-05,6.224133599636463e-05,932.1825027340617,0.9998441385126835,5.2e-05
gamma__0_0,17.849467299060706,1.7335513637213484,0.02910635736151431,14.448248479665338,19.998420842647306,3138.4354997323,0.9999452990711081,19.73
s__0_0,0.008477632124543206,0.0006542093844963639,1.8932198660479463e-05,0.007211911582123221,0.009784522315805223,1038.5729986500721,1.0027379419400841,0.008456
tau__0_0,0.32254238975750205,0.12352431757843012,0.0034957131471973317,0.09714013199094196,0.5563908508984408,1147.7491331420756,0.9999656209310449,0.3
t0__0_0,0.0,0.0,0.0,0.0,0.0,,,
