,mean,sd,mc_error,hpd_2.5,hpd_97.5,n_eff,Rhat,MAP
b,1.0,0.0,0.0,1.0,1.0,,,
p_error,0.05000000447034836,3.725290298461914e-09,7.450580596923829e-10,0.05000000074505806,0.05000000074505806,1.0001503703406758,0.9999499987499374,
v__0_0,1.8475955544833216e-05,1.026794332008038e-06,4.5964762347308706e-08,1.6386968408974666e-05,2.0286211730971618e-05,378.9925437062578,1.0007647001813802,1.8e-05
gamma__0_0,13.088009333544814,3.7695037315589697,0.16182582973455067,7.167081591958095,19.98675646836124,484.07735169371387,1.0005735718142086,7.8
s__0_0,0.004424521007734232,0.00028840643545122624,1.1868832724504956e-05,0.003877063378074878,0.004972048785810823,437.86889664688687,0.9999781647897872,0.004236
tau__0_0,0.1698728482109661,0.06047157386330387,0.002828863863649614,0.07860921938356968,0.2903988560391017,375.6798578196419,1.0010006758033902,0.14
t0__0_0,0.0,0.0,0.0,0.0,0.0,,,
