,mean,sd,mc_error,hpd_2.5,hpd_97.5,n_eff,Rhat,MAP
b,1.0,0.0,0.0,1.0,1.0,,,
p_error,0.05000000447034836,3.725290298461914e-09,7.450580596923829e-10,0.05000000074505806,0.05000000074505806,1.0001503703406758,0.9999499987499374,
v__0_0,0.00012442085621192854,5.537007388765386e-06,3.1138571413082345e-07,0.00011399700105460208,0.00013474109573802785,199.55928886215366,1.0029907279134471,0.000124
gamma__0_0,3.952059948497608,1.81157086684853,0.053526680917503656,0.8754976749651,7.681044354540841,1116.452602216558,1.0003734815966039,2.17
s__0_0,0.0068172218119539356,0.0006721538414462688,2.98814460012155e-05,0.005605949472798563,0.007989898716545178,376.6860382459722,1.0033577433845113,0.006563
tau__0_0,0.15430376619790478,0.038523087520840826,0.0018623204759449046,0.08553606993418873,0.2281130774925082,293.80192769261816,1.0031883531630958,0.15
t0__0_0,0.0,0.0,0.0,0.0,0.0,,,
