,mean,sd,mc_error,hpd_2.5,hpd_97.5,n_eff,Rhat,MAP
b,1.0,0.0,0.0,1.0,1.0,,,
p_error,0.05000000819563866,7.450580596923828e-09,1.4901161193847657e-09,0.05000000074505806,0.05000000074505806,1.0007506866324938,0.9997499687421851,
v__0_0,5.340974978259141e-05,3.54490085932476e-06,8.542959590170721e-08,4.666206717240023e-05,6.031074091496417e-05,1815.0549619518192,1.0001221793177564,5.3e-05
gamma__0_0,36.067299388863,15.46224160305221,0.5316197711063845,12.340908991587213,67.37560670751677,762.6263980785149,0.9997620473670251,14.48
s__0_0,0.01036627407513247,0.0006321197244782402,1.3025539221657668e-05,0.009108307702622156,0.011594621974491303,1716.9651902540083,0.999753267210058,0.010485
tau__0_0,0.3244856131651367,0.14711995310694168,0.00385816039609078,0.11603545110872313,0.553350459568367,1254.4691856148918,1.0015202388199025,0.31
t0__0_0,0.0,0.0,0.0,0.0,0.0,,,
