,mean,sd,mc_error,hpd_2.5,hpd_97.5,n_eff,Rhat,MAP
b,1.0,0.0,0.0,1.0,1.0,,,
p_error,0.05000000819563866,7.450580596923828e-09,1.4901161193847657e-09,0.05000000074505806,0.05000000074505806,1.0007506866324938,0.9997499687421851,
v__0_0,9.464823588220534e-05,6.969205859013676e-06,1.6665171219111143e-07,8.008003713246214e-05,0.00010799989452400808,1822.7935016342196,1.0004480156424083,9.6e-05
gamma__0_0,13.125627773250713,3.146597306920345,0.060956986203827834,7.580907135347083,19.205922969164522,2515.613203145483,0.9999551378738217,10.17
s__0_0,0.00990772921304105,0.0008372384923703829,1.9618085187258714e-05,0.008391072115131794,0.011641837546581248,1959.6299117324968,1.0003308665039172,0.009549
tau__0_0,0.12191249575048588,0.03769447199625439,0.000973322545838743,0.06295119403253112,0.19718482960064845,1516.5844263846689,1.0005558753069639,0.11
t0__0_0,0.0,0.0,0.0,0.0,0.0,,,
