,mean,sd,mc_error,hpd_2.5,hpd_97.5,n_eff,Rhat,MAP
b,1.0,0.0,0.0,1.0,1.0,,,
p_error,0.05000000819563866,7.450580596923828e-09,1.4901161193847657e-09,0.05000000074505806,0.05000000074505806,1.0007506866324938,0.9997499687421851,
v__0_0,2.00167216309976e-05,9.388853177550387e-07,2.417093694166385e-08,1.8089179492057328e-05,2.181028036151029e-05,1610.883018865191,0.9999898814059927,2e-05
gamma__0_0,10.55621743679556,2.06377042194969,0.04760554588908612,6.53510492891246,14.454749851266993,1681.7963866188713,1.0001015176037875,9.11
s__0_0,0.0036391283782687667,0.00023888936670036476,5.81148551562035e-06,0.0031706509981677235,0.004096871174373446,1775.6045898350937,1.0006665828047505,0.003607
tau__0_0,0.4075600515024803,0.08461677939652648,0.0022997284433067186,0.2622305140872883,0.5827733891767188,1321.0744011013412,0.9998570905058936,0.41
t0__0_0,0.0,0.0,0.0,0.0,0.0,,,
