,mean,sd,mc_error,hpd_2.5,hpd_97.5,n_eff,Rhat,MAP
b,1.0,0.0,0.0,1.0,1.0,,,
p_error,0.05000000819563866,7.450580596923828e-09,1.4901161193847657e-09,0.05000000074505806,0.05000000074505806,1.0007506866324938,0.9997499687421851,
v__0_0,0.0001193880204787103,5.757743859145333e-06,1.214363570659799e-07,0.00010774512635395707,0.00013031953239986814,2235.86147899169,1.0001164031879402,0.000122
gamma__0_0,10.010369921608522,2.335317915563266,0.07117205872209968,5.627734709419627,14.643385502884097,1085.2645751188359,1.0007918658146313,10.03
s__0_0,0.008512979428942191,0.0006511761160069235,1.3242394781339402e-05,0.007302604552552773,0.00986363154549208,2274.144736119721,0.9999367500590528,0.007993
tau__0_0,0.18771491566872214,0.03966045045115053,0.0009160110734816301,0.1155991324970332,0.26726357944064594,1750.532525746547,1.0005182165129378,0.17
t0__0_0,0.0,0.0,0.0,0.0,0.0,,,
