,mean,sd,mc_error,hpd_2.5,hpd_97.5,n_eff,Rhat,MAP
b,1.0,0.0,0.0,1.0,1.0,,,
p_error,0.05000000447034836,3.725290298461914e-09,7.450580596923829e-10,0.05000000074505806,0.05000000074505806,1.0001503703406758,0.9999499987499374,
v__0_0,5.3638545161615046e-05,4.426466313878694e-06,1.5975458199264625e-07,4.4960884305276896e-05,6.196571079714352e-05,693.6439790170534,1.0000621074001979,5.3e-05
gamma__0_0,3.427419905546077,1.381117274741579,0.03871006956872047,0.9169881642088864,6.0673236191642665,1188.0202048710655,1.0010328859438788,3.16
s__0_0,0.009186602500823805,0.0007058113271401432,1.911040430126568e-05,0.0078123220865305735,0.010501707485658185,1177.7790548660719,1.000106325009493,0.009146
tau__0_0,0.69536189767632,0.30828381936753607,0.012824282949524415,0.3145488750835873,1.1783192527455415,533.4091642877802,1.0004604276136277,0.59
t0__0_0,0.0,0.0,0.0,0.0,0.0,,,
