,mean,sd,mc_error,hpd_2.5,hpd_97.5,n_eff,Rhat,MAP
b,1.0,0.0,0.0,1.0,1.0,,,
p_error,0.05000000447034836,3.725290298461914e-09,7.450580596923829e-10,0.05000000074505806,0.05000000074505806,1.0001503703406758,0.9999499987499374,
v__0_0,3.229275947025614e-05,1.8178683996155162e-06,6.205889663432042e-08,2.8381711777578837e-05,3.556228181923122e-05,815.1893336782736,1.0005583412136683,3.2e-05
gamma__0_0,29.199506820461817,16.016480519265397,0.8766225562470394,11.068300357583553,65.31665690652278,255.1190057570556,1.0054239575773523,18.74
s__0_0,0.006438956891400494,0.0003584021915524341,1.006475237776466e-05,0.005772693804312882,0.007175224468106111,1229.0780898729738,1.0001448233684713,0.00629
tau__0_0,0.43287450252911697,0.1951168177211662,0.009745577560759385,0.10945459927359404,0.8060466403326207,325.903312979118,1.0012274568313149,0.35
t0__0_0,0.0,0.0,0.0,0.0,0.0,,,
