,mean,sd,mc_error,hpd_2.5,hpd_97.5,n_eff,Rhat,MAP
b,1.0,0.0,0.0,1.0,1.0,,,
p_error,0.05000000819563866,7.450580596923828e-09,1.4901161193847657e-09,0.05000000074505806,0.05000000074505806,1.0007506866324938,0.9997499687421851,
v__0_0,4.5199186684879177e-05,3.0418125827360495e-06,7.333058881414496e-08,3.9422480914214135e-05,5.129700304013556e-05,1702.9447774818937,1.0001495335612474,4.5e-05
gamma__0_0,16.893174505513173,2.1506509954917146,0.04240655632511408,12.881735681455776,19.999736244815562,2096.3496073563465,1.0003162046247898,19.94
s__0_0,0.006926839892558422,0.0004990785360925576,1.041319485647531e-05,0.0059214123586924725,0.007872038686087319,1946.8572486514033,0.9999869591309486,0.006907
tau__0_0,0.33073472886731975,0.10719025410637262,0.002407299945801671,0.14869489324599985,0.5293138514748509,1793.264653295656,0.9997983755414099,0.29
t0__0_0,0.0,0.0,0.0,0.0,0.0,,,
