,mean,sd,mc_error,hpd_2.5,hpd_97.5,n_eff,Rhat,MAP
b,1.0,0.0,0.0,1.0,1.0,,,
p_error,0.05000000819563866,7.450580596923828e-09,1.4901161193847657e-09,0.05000000074505806,0.05000000074505806,1.0007506866324938,0.9997499687421851,
v__0_0,0.00010969883292487087,6.301452412963535e-06,1.5479719549742182e-07,9.719202740291402e-05,0.00012190383480461568,1757.770142534072,0.9997665125126748,0.00011
gamma__0_0,5.056888686997276,2.047405235649533,0.04142850601013943,1.440485887323593,9.279258471102612,2174.2881721197496,0.9999230566580353,4.81
s__0_0,0.008050678666257383,0.0006698826793014233,1.4550988447400086e-05,0.006803331895894261,0.009390161365694963,2009.2501444295224,0.9997571604147932,0.007693
tau__0_0,0.1929564853093554,0.05149164810310418,0.0013562506747859045,0.09934012353971607,0.29212767254063093,1516.5320122375122,0.9997523849595953,0.18
t0__0_0,0.0,0.0,0.0,0.0,0.0,,,
