,mean,sd,mc_error,hpd_2.5,hpd_97.5,n_eff,Rhat,MAP
b,1.0,0.0,0.0,1.0,1.0,,,
p_error,0.05000000447034836,3.725290298461914e-09,7.450580596923829e-10,0.05000000074505806,0.05000000074505806,1.0001503703406758,0.9999499987499374,
v__0_0,1.891675293901367e-05,9.137583791931789e-07,3.094065431808218e-08,1.7125405368446827e-05,2.0650077025572963e-05,789.5669219318991,1.007334412741621,1.9e-05
gamma__0_0,17.9208633543783,1.7104743142183405,0.030971126220308277,14.474161788113392,19.99894294716035,2789.3063913130327,1.0001111403075253,19.39
s__0_0,0.00467317776350781,0.00025923813950017027,9.074639855663935e-06,0.004189905620451463,0.0051940204312366746,787.7185998803798,1.003905248268966,0.00466
tau__0_0,0.2003882313764627,0.0357318875476038,0.0010468490442506104,0.13515106236172833,0.27044327893372483,1063.1874549934732,1.006375012192079,0.19
t0__0_0,0.0,0.0,0.0,0.0,0.0,,,
