,mean,sd,mc_error,hpd_2.5,hpd_97.5,n_eff,Rhat,MAP
b,1.0,0.0,0.0,1.0,1.0,,,
p_error,0.05000000447034836,3.725290298461914e-09,7.450580596923829e-10,0.05000000074505806,0.05000000074505806,1.0001503703406758,0.9999499987499374,
v__0_0,0.00012106676805678549,4.784292482901755e-06,1.746311026429016e-07,0.00011135541594312062,0.00013002830307530899,663.500670828808,1.0014026527448547,0.000121
gamma__0_0,4.827415699804831,1.717958066444899,0.05485829781962577,1.6478203554051092,8.279772397345948,882.3090421335514,1.000129614680629,4.87
s__0_0,0.007236316308073458,0.0006268222983463007,2.0632734110151894e-05,0.006071418609587987,0.008497951878113285,870.4295873400608,1.000296089170633,0.007137
tau__0_0,0.20372736394527802,0.04137084467641549,0.0015876214268692491,0.12667135422312434,0.2824091501031781,610.6768376896217,1.002672240704729,0.19
t0__0_0,0.0,0.0,0.0,0.0,0.0,,,
