,mean,sd,mc_error,hpd_2.5,hpd_97.5,n_eff,Rhat,MAP
b,1.0,0.0,0.0,1.0,1.0,,,
p_error,0.05000000819563866,7.450580596923828e-09,1.4901161193847657e-09,0.05000000074505806,0.05000000074505806,1.0007506866324938,0.9997499687421851,
v__0_0,5.395232941244282e-05,3.1798363245267224e-06,7.155828643546001e-08,4.7955801986410344e-05,6.049474676001457e-05,1705.717148889708,0.9999700690211387,5.3e-05
gamma__0_0,10.35045288574441,2.642795376067825,0.06033812565991886,5.66052499428725,15.965156370715516,1589.2107091184844,1.0020606268515473,8.73
s__0_0,0.006688251142233864,0.00048142889441565704,1.0543692853408175e-05,0.005759760013171567,0.007652486618455225,1758.8610762185922,1.000234432912252,0.006466
tau__0_0,0.2448431007939342,0.058741035258005884,0.0013853165907929622,0.1421492648029699,0.36508359320294753,1500.3218046439883,1.0011088173926797,0.24
t0__0_0,0.0,0.0,0.0,0.0,0.0,,,
