,mean,sd,mc_error,hpd_2.5,hpd_97.5,n_eff,Rhat,MAP
b,1.0,0.0,0.0,1.0,1.0,,,
p_error,0.05000000819563866,7.450580596923828e-09,1.4901161193847657e-09,0.05000000074505806,0.05000000074505806,1.0007506866324938,0.9997499687421851,
v__0_0,6.237668766347852e-05,3.2343708644613705e-06,6.09163779389328e-08,5.6162310329913814e-05,6.882851026835724e-05,2478.9622010500725,0.9998692881221835,6.3e-05
gamma__0_0,5.308945438321274,1.2399285778283842,0.023547001701479272,2.850723685011724,7.6290977208546025,2775.838490117953,0.9999612265241634,5.29
s__0_0,0.007580131083611693,0.0005440487444218336,1.1031273769098716e-05,0.006633256566846055,0.008717264001826963,2755.5288846405338,0.9998564584128026,0.007477
tau__0_0,0.44618462603201686,0.09012576010945685,0.0017634027476449207,0.2877066731183175,0.6237300392132799,2294.0417665483674,0.9999600876536603,0.42
t0__0_0,0.0,0.0,0.0,0.0,0.0,,,
