,mean,sd,mc_error,hpd_2.5,hpd_97.5,n_eff,Rhat,MAP
b,1.0,0.0,0.0,1.0,1.0,,,
p_error,0.05000000447034836,3.725290298461914e-09,7.450580596923829e-10,0.05000000074505806,0.05000000074505806,1.0001503703406758,0.9999499987499374,
v__0_0,3.3710039226977204e-05,2.5477105034512533e-06,8.876485875142974e-08,2.913672521990908e-05,3.892057368354356e-05,826.8705778238366,1.0013308039542568,3.4e-05
gamma__0_0,62.28292287032956,21.69195858146368,0.9129965668446769,27.329430689578956,99.69179076521456,517.3728828522113,0.9999556701300268,41.73
s__0_0,0.008794798507948136,0.0004685714297214486,1.4540048386898607e-05,0.007823615679135629,0.009655985415974299,989.9065794265194,0.9999593835311865,0.00874
tau__0_0,0.13107440666797987,0.06403505363310516,0.0028514572288988595,0.04295971363127742,0.26383745309462947,448.1416494758263,1.0006421801034955,0.08
t0__0_0,0.0,0.0,0.0,0.0,0.0,,,
