,mean,sd,mc_error,hpd_2.5,hpd_97.5,n_eff,Rhat,MAP
b,1.0,0.0,0.0,1.0,1.0,,,
p_error,0.05000000819563866,7.450580596923828e-09,1.4901161193847657e-09,0.05000000074505806,0.05000000074505806,1.0007506866324938,0.9997499687421851,
v__0_0,5.501565583299029e-05,3.4356767051163185e-06,7.851890889083607e-08,4.8320740103516793e-05,6.161499696451764e-05,2066.0451814002217,0.9997587410288203,5.5e-05
gamma__0_0,3.1057965739800455,1.32225954465452,0.027090307247166646,0.7649339555190267,5.929500431030252,2905.829829185646,0.999849140680266,2.66
s__0_0,0.008157819642221049,0.0005857788145804592,1.1915826753281406e-05,0.007064229442010341,0.009355238755960291,2696.72666883153,0.9997857393135028,0.008286
tau__0_0,0.3741076893733757,0.09922967099605684,0.0023730447393045845,0.20380822207042318,0.5680002112937907,2008.7054405309655,0.999895377413404,0.34
t0__0_0,0.0,0.0,0.0,0.0,0.0,,,
