,mean,sd,mc_error,hpd_2.5,hpd_97.5,n_eff,Rhat,MAP
b,1.0,0.0,0.0,1.0,1.0,,,
p_error,0.05000000819563866,7.450580596923828e-09,1.4901161193847657e-09,0.05000000074505806,0.05000000074505806,1.0007506866324938,0.9997499687421851,
v__0_0,7.512673947977688e-05,6.581642013662566e-06,1.4411191100903806e-07,6.140454638428543e-05,8.690016553239371e-05,1752.828884892577,0.9998296763113895,7.5e-05
gamma__0_0,0.6252161050878379,0.38137423438960466,0.007275215762914605,-0.1386700213061829,1.357592581495231,2770.3151119246195,0.9998016047098259,0.49
s__0_0,0.008799743755729172,0.0008560956891933827,1.676258231670357e-05,0.007174184134728751,0.010435499791249992,2049.647176003523,0.9997591641561676,0.008241
tau__0_0,0.6824278925818128,0.21973764972472024,0.005529688735314895,0.36847917365488697,1.0898830186128907,1388.3495963277153,0.999769416323476,0.6
t0__0_0,0.0,0.0,0.0,0.0,0.0,,,
