,mean,sd,mc_error,hpd_2.5,hpd_97.5,n_eff,Rhat,MAP
b,1.0,0.0,0.0,1.0,1.0,,,
p_error,0.05000000447034836,3.725290298461914e-09,7.450580596923829e-10,0.05000000074505806,0.05000000074505806,1.0001503703406758,0.9999499987499374,
v__0_0,3.2319890224734614e-05,1.8230312303159204e-06,5.909171754950858e-08,2.8866222201567836e-05,3.5879015567174326e-05,835.2047770628986,1.0015037507228457,3.2e-05
gamma__0_0,16.376776373389283,2.33494725089778,0.052498838944278946,12.28850049905239,19.99883991192131,1771.5738259742068,1.0005418150245458,16.94
s__0_0,0.006438765488147649,0.00036822659923539967,1.1260024442059237e-05,0.005764186532125101,0.007211949356055813,1103.0177948959113,1.0003090294430406,0.006558
tau__0_0,0.6071455482148929,0.18123725276697228,0.005546258060439132,0.3098347789171315,0.9605945533746851,978.5550231852309,1.0022249278358368,0.53
t0__0_0,0.0,0.0,0.0,0.0,0.0,,,
