,mean,sd,mc_error,hpd_2.5,hpd_97.5,n_eff,Rhat,MAP
b,1.0,0.0,0.0,1.0,1.0,,,
p_error,0.05000000819563866,7.450580596923828e-09,1.4901161193847657e-09,0.05000000074505806,0.05000000074505806,1.0007506866324938,0.9997499687421851,
v__0_0,6.576234641918102e-05,5.0220978894680145e-06,1.0939028714130475e-07,5.63402359102279e-05,7.568519417594913e-05,1990.5507927956319,1.0005389266360254,6.5e-05
gamma__0_0,5.877356780023423,2.0946152374261406,0.04994517794851151,2.397157479574389,10.379490953464227,1796.8647425080765,0.9997515076699123,4.71
s__0_0,0.010131207213875523,0.0007050188354954252,1.3581732608884833e-05,0.008805173575681372,0.011532559673963395,2328.9688183052917,0.9999084369396605,0.009569
tau__0_0,0.22757348036132508,0.05774899185124392,0.0013150463588213397,0.1255916513547471,0.34124734433329246,1793.0064869035177,1.0003288447362984,0.2
t0__0_0,0.0,0.0,0.0,0.0,0.0,,,
