,mean,sd,mc_error,hpd_2.5,hpd_97.5,n_eff,Rhat,MAP
b,1.0,0.0,0.0,1.0,1.0,,,
p_error,0.05000000819563866,7.450580596923828e-09,1.4901161193847657e-09,0.05000000074505806,0.05000000074505806,1.0007506866324938,0.9997499687421851,
v__0_0,2.4015717459972156e-05,2.565659057627712e-06,5.9414422592210034e-08,1.9371136072435693e-05,2.9313968487006885e-05,1945.9778671148154,0.999770602419923,2.4e-05
gamma__0_0,1.0396342988367149,0.7989298503292841,0.016089399342599595,-0.5150858464690344,2.611261711500987,2485.8759743442133,0.9998246564250475,0.91
s__0_0,0.010248193405391643,0.0006464594039919233,1.307591851372684e-05,0.009025336262992683,0.011536475268120213,2046.005365013306,0.9998337469812573,0.010088
tau__0_0,2.2512353895815407,1.0871438617342755,0.028427520469702833,0.6152535287497074,4.442468055901443,1517.9937864976005,0.9997541853364001,1.7
t0__0_0,0.0,0.0,0.0,0.0,0.0,,,
