,mean,sd,mc_error,hpd_2.5,hpd_97.5,n_eff,Rhat,MAP
b,1.0,0.0,0.0,1.0,1.0,,,
p_error,0.05000000447034836,3.725290298461914e-09,7.450580596923829e-10,0.05000000074505806,0.05000000074505806,1.0001503703406758,0.9999499987499374,
v__0_0,5.7291279277277266e-05,5.5131233362676825e-06,1.9524657701521764e-07,4.699175638005152e-05,6.865850896501794e-05,688.0230638610051,1.0002145690191893,5.9e-05
gamma__0_0,3.2270964990484288,1.8742244404971455,0.05006520408670016,-0.47342608980244627,6.639570908277545,1260.9664552822846,1.000355819186356,3.72
s__0_0,0.011398846118868017,0.000776322330717581,2.56567146090288e-05,0.009934954483532774,0.012908017986181571,803.8162441609753,1.0005444011312987,0.010434
tau__0_0,0.5539410076390928,0.228168038347874,0.007856210958017052,0.24584311828076036,0.9927975393763393,711.7484339844844,1.0001251630952719,0.46
t0__0_0,0.0,0.0,0.0,0.0,0.0,,,
