,mean,sd,mc_error,hpd_2.5,hpd_97.5,n_eff,Rhat,MAP
b,1.0,0.0,0.0,1.0,1.0,,,
p_error,0.05000000819563866,7.450580596923828e-09,1.4901161193847657e-09,0.05000000074505806,0.05000000074505806,1.0007506866324938,0.9997499687421851,
v__0_0,9.466340450238448e-05,5.330978313240886e-06,1.1554563576059537e-07,8.445847682545644e-05,0.00010518259783685726,1878.9214361441539,1.0000933195010104,9.4e-05
gamma__0_0,17.6285576986815,1.8178599663578678,0.030990873680081337,14.042638706081764,19.997328500998716,2986.8025169282923,0.9998975677051908,19.84
s__0_0,0.00817459566709138,0.0006683103149931882,1.5510024035389244e-05,0.00682187238747571,0.00941417674941513,1690.1483016089685,1.0027657939749428,0.0081
tau__0_0,0.11469279875133856,0.026570364453960767,0.0005860110049973913,0.06926109097797276,0.16793381753149567,1771.2994403194386,0.9999588166842842,0.11
t0__0_0,0.0,0.0,0.0,0.0,0.0,,,
