,mean,sd,mc_error,hpd_2.5,hpd_97.5,n_eff,Rhat,MAP
b,1.0,0.0,0.0,1.0,1.0,,,
p_error,0.05000000819563866,7.450580596923828e-09,1.4901161193847657e-09,0.05000000074505806,0.05000000074505806,1.0007506866324938,0.9997499687421851,
v__0_0,6.278716507124805e-05,3.734449173341741e-06,6.875706174158004e-08,5.4819664834938226e-05,6.934613645332567e-05,2611.0269543495792,0.9998504868623527,6.4e-05
gamma__0_0,7.545072006811177,2.1352301538123712,0.04372020833322905,3.392998066490554,11.874182347613406,2368.588254678944,0.9997701392663686,6.57
s__0_0,0.009201219929040015,0.0006723070471489462,1.3893583925789251e-05,0.007925222162005483,0.010508749792783106,2482.5287561868427,0.9999541049356864,0.008775
tau__0_0,0.5778521134076133,0.17354032460838417,0.003386948126296952,0.29066864237260254,0.9298738207179855,2477.2776827884477,0.9997504196885321,0.54
t0__0_0,0.0,0.0,0.0,0.0,0.0,,,
