,mean,sd,mc_error,hpd_2.5,hpd_97.5,n_eff,Rhat,MAP
b,1.0,0.0,0.0,1.0,1.0,,,
p_error,0.05000000819563866,7.450580596923828e-09,1.4901161193847657e-09,0.05000000074505806,0.05000000074505806,1.0007506866324938,0.9997499687421851,
v__0_0,5.702705037263306e-05,1.554818553622218e-06,3.264629013829522e-08,5.417375199746222e-05,6.0214443344078303e-05,2334.0663881990613,0.9997944525505811,5.7e-05
gamma__0_0,8.224178901673968,0.8924534842804639,0.015702258258525136,6.476526512326,10.008178544512436,2931.8472047787336,0.9997727222366897,8.04
s__0_0,0.011944970245150618,0.00022747867084955874,4.329690101288917e-06,0.01150155550123924,0.012378303223597628,2578.995885577672,1.000757543740243,0.011874
tau__0_0,0.348555235150576,0.03275900664266646,0.0006686892183521956,0.28769050008033803,0.4130498181853079,2328.5928150984,0.9999719750660143,0.34
t0__0_0,0.0,0.0,0.0,0.0,0.0,,,
