,mean,sd,mc_error,hpd_2.5,hpd_97.5,n_eff,Rhat,MAP
b,1.0,0.0,0.0,1.0,1.0,,,
p_error,0.05000000819563866,7.450580596923828e-09,1.4901161193847657e-09,0.05000000074505806,0.05000000074505806,1.0007506866324938,0.9997499687421851,
v__0_0,5.450632807145597e-05,5.1886627579692576e-06,1.246661069778249e-07,4.4180225516160156e-05,6.444840876184404e-05,1804.370672744179,0.9998576949223692,5.5e-05
gamma__0_0,0.10016392282070177,0.871189251309945,0.017418121097061708,-1.5810877657022395,1.8150121078917092,2408.0715945162997,0.9999045037018042,0.04
s__0_0,0.0095731525749333,0.0007940813581195003,1.6853516286415078e-05,0.008130898412035488,0.011194924801316019,2046.6672706099987,0.999764289180267,0.009279
tau__0_0,0.7503375571518964,0.2855811584503653,0.007368383259359237,0.33958577049970917,1.2930340302635401,1516.1827039917298,1.0002645965949453,0.61
t0__0_0,0.0,0.0,0.0,0.0,0.0,,,
