,mean,sd,mc_error,hpd_2.5,hpd_97.5,n_eff,Rhat,MAP
b,1.0,0.0,0.0,1.0,1.0,,,
p_error,0.05000000447034836,3.725290298461914e-09,7.450580596923829e-10,0.05000000074505806,0.05000000074505806,1.0001503703406758,0.9999499987499374,
v__0_0,2.1601838516894078e-05,1.5381823530724454e-06,5.827681158612302e-08,1.863207348473025e-05,2.464443839782516e-05,629.5380798946243,0.9999504359722249,2.2e-05
gamma__0_0,19.1408462420689,0.7775088312961271,0.012507962434144874,17.561390763293403,19.99977705395515,3716.0385643787295,1.000607002534681,19.98
s__0_0,0.006187627621734694,0.00036008378574642433,1.2945822970438638e-05,0.005500352158032121,0.006890999515630987,726.6464060218177,1.0002125108212818,0.006198
tau__0_0,0.45372465978227355,0.11879862483362819,0.0037097286967522603,0.24782311948062977,0.6842272415250016,922.6200694152831,1.0004029152407679,0.42
t0__0_0,0.0,0.0,0.0,0.0,0.0,,,
