,mean,sd,mc_error,hpd_2.5,hpd_97.5,n_eff,Rhat,MAP
b,1.0,0.0,0.0,1.0,1.0,,,
p_error,0.05000000819563866,7.450580596923828e-09,1.4901161193847657e-09,0.05000000074505806,0.05000000074505806,1.0007506866324938,0.9997499687421851,
v__0_0,6.929022597572179e-05,4.144806384574086e-06,9.096432005004248e-08,6.090791883822212e-05,7.704626380289186e-05,1926.9177627370548,1.0015604287565805,6.8e-05
gamma__0_0,4.907607628157848,0.9587415774262701,0.019496336442535324,3.0152993318242522,6.903973667970575,2662.4003948372565,0.9999705990992332,5.15
s__0_0,0.008303261959889828,0.0006196054730642903,1.3127296372005106e-05,0.007159971960685895,0.009536145641933032,2427.421756731077,1.0004898506241384,0.008822
tau__0_0,0.8018107321411865,0.4031988106694391,0.01013689191037921,0.3097088655743911,1.5326202469763253,1449.4286426795068,1.0030348843756296,0.66
t0__0_0,0.0,0.0,0.0,0.0,0.0,,,
