,mean,sd,mc_error,hpd_2.5,hpd_97.5,n_eff,Rhat,MAP
b,1.0,0.0,0.0,1.0,1.0,,,
p_error,0.05000000819563866,7.450580596923828e-09,1.4901161193847657e-09,0.05000000074505806,0.05000000074505806,1.0007506866324938,0.9997499687421851,
v__0_0,9.489935703882499e-05,4.060139826355518e-06,1.0797749081528239e-07,8.704464009584164e-05,0.00010274090587318686,1206.5905226136383,0.9997778619296961,9.4e-05
gamma__0_0,18.85447622741087,3.9015837032632725,0.11466811614847636,11.947455771456035,26.263762012387588,1179.1761529996918,1.0003576944799957,15.48
s__0_0,0.006884546840206101,0.0005320436702245519,1.2912571906894771e-05,0.005861993366578873,0.007910758934028648,1603.3637828662834,0.9997723128100388,0.006512
tau__0_0,0.16386154469468397,0.03680213010414639,0.0010947554602868976,0.09296682908352696,0.23218602980687464,1124.2874962162527,1.0002766930995772,0.15
t0__0_0,0.0,0.0,0.0,0.0,0.0,,,
