,mean,sd,mc_error,hpd_2.5,hpd_97.5,n_eff,Rhat,MAP
b,1.0,0.0,0.0,1.0,1.0,,,
p_error,0.05000000819563866,7.450580596923828e-09,1.4901161193847657e-09,0.05000000074505806,0.05000000074505806,1.0007506866324938,0.9997499687421851,
v__0_0,8.761831070514034e-05,1.9790179886403265e-06,3.747269971281079e-08,8.380868011200153e-05,9.140423848355766e-05,2530.976715242319,0.9997544808687285,8.8e-05
gamma__0_0,12.623753160956738,1.2243107745271309,0.024796459205612936,10.28878639128665,15.017375305403633,2569.7497980366006,0.9997770854582806,12.77
s__0_0,0.011918464644845066,0.00025013955664327566,4.846989075722144e-06,0.011432563812271484,0.01241132518549206,2540.624859931698,1.0001802059794718,0.0119
tau__0_0,0.19530393097770196,0.018282888646524182,0.0003843731666566349,0.16132439841090532,0.23209066468601897,2304.9978610032035,0.9997824757563952,0.2
t0__0_0,0.0,0.0,0.0,0.0,0.0,,,
