,mean,sd,mc_error,hpd_2.5,hpd_97.5,n_eff,Rhat,MAP
b,1.0,0.0,0.0,1.0,1.0,,,
p_error,0.05000000819563866,7.450580596923828e-09,1.4901161193847657e-09,0.05000000074505806,0.05000000074505806,1.0007506866324938,0.9997499687421851,
v__0_0,4.879257097611071e-05,3.708634925604082e-06,9.184302749564537e-08,4.178246210782821e-05,5.58613074464518e-05,1475.1791920320163,1.0001099574254124,4.9e-05
gamma__0_0,14.93178760558096,2.8249300052847666,0.05841301222495291,10.079629263505716,19.939731899891775,2041.6837237457141,0.9997755137294649,17.31
s__0_0,0.007767170196370701,0.0005887620900928087,1.4203849113331523e-05,0.0066578347109927695,0.008931636008383306,1680.223649590758,1.000202494070359,0.007305
tau__0_0,0.25750536555960646,0.08498111382788145,0.0021555573196251018,0.12466743627982653,0.4183955105568771,1393.4436883207834,1.0005154182430418,0.22
t0__0_0,0.0,0.0,0.0,0.0,0.0,,,
