,mean,sd,mc_error,hpd_2.5,hpd_97.5,n_eff,Rhat,MAP
b,1.0,0.0,0.0,1.0,1.0,,,
p_error,0.05000000447034836,3.725290298461914e-09,7.450580596923829e-10,0.05000000074505806,0.05000000074505806,1.0001503703406758,0.9999499987499374,
v__0_0,6.063305275565818e-05,5.301397604509174e-06,1.7615532523569938e-07,5.042100775598312e-05,7.110610461508098e-05,920.76261747755,1.0015037957933186,6e-05
gamma__0_0,1.3715769617172955,0.8962870108304157,0.020359777959671338,-0.28752905691790964,3.198872995587452,1924.303556893347,1.0002495406646712,1.11
s__0_0,0.010613732253348405,0.0007578978359412452,1.9901575446430827e-05,0.009103920534554836,0.012019305175262783,1417.732673421407,0.9999512054822661,0.010082
tau__0_0,0.47181158138607626,0.1531869382888089,0.004087456610259912,0.20990803898073954,0.7773252564802646,1363.8660722068532,0.9999886037894573,0.38
t0__0_0,0.0,0.0,0.0,0.0,0.0,,,
