,mean,sd,mc_error,hpd_2.5,hpd_97.5,n_eff,Rhat,MAP
b,1.0,0.0,0.0,1.0,1.0,,,
p_error,0.05000000447034836,3.725290298461914e-09,7.450580596923829e-10,0.05000000074505806,0.05000000074505806,1.0001503703406758,0.9999499987499374,
v__0_0,0.00011050176319480711,3.4639504018918467e-06,1.4305799131351792e-07,0.00010385377967307455,0.00011687247811829855,589.557646818572,1.003385783779229,0.00011
gamma__0_0,4.613907668978764,1.655384659450025,0.04609970032561257,1.498559558063425,7.94585334241571,1429.2200177816553,1.0004166885715398,5.16
s__0_0,0.00527059871247823,0.00035514925298221495,1.2926302597902826e-05,0.00462581585206569,0.0059719945123437815,778.8063382115546,1.001058645083727,0.005389
tau__0_0,0.16947287052568208,0.026814359363908254,0.001098879870130302,0.11976414916699776,0.22412353293879927,636.9383682489054,1.0002868064476342,0.16
t0__0_0,0.0,0.0,0.0,0.0,0.0,,,
