,mean,sd,mc_error,hpd_2.5,hpd_97.5,n_eff,Rhat,MAP
b,1.0,0.0,0.0,1.0,1.0,,,
p_error,0.05000000447034836,3.725290298461914e-09,7.450580596923829e-10,0.05000000074505806,0.05000000074505806,1.0001503703406758,0.9999499987499374,
v__0_0,1.9554948135619786e-05,2.055735844566216e-06,7.825552254649893e-08,1.557593664842123e-05,2.3520346708498586e-05,654.2278958669337,1.002186166503069,2e-05
gamma__0_0,6.508644063473549,1.3531183351397815,0.02258842486711638,3.883498647587013,9.240177282679483,2856.7839750638236,1.0000184500257654,6.53
s__0_0,0.006709552487174792,0.0004549434564829348,1.544337288982681e-05,0.005837057130873401,0.0076041320142360425,885.8751747382627,1.0011294088955676,0.006595
tau__0_0,1.031731217894474,0.5890826165042955,0.020378212692316554,0.3898762520817889,2.225105497435834,817.5445507518419,1.001609878429677,0.74
t0__0_0,0.0,0.0,0.0,0.0,0.0,,,
