,mean,sd,mc_error,hpd_2.5,hpd_97.5,n_eff,Rhat,MAP
b,1.0,0.0,0.0,1.0,1.0,,,
p_error,0.05000000447034836,3.725290298461914e-09,7.450580596923829e-10,0.05000000074505806,0.05000000074505806,1.0001503703406758,0.9999499987499374,
v__0_0,2.076043775823384e-05,1.6671115609841313e-06,5.7918349300983826e-08,1.7631246200478235e-05,2.4029747325571743e-05,785.2622374486649,1.0003983735147686,2e-05
gamma__0_0,3.8355953588265983,1.7960886717416338,0.03499753871205438,0.7607164730355827,7.028515074912768,2446.6154642362876,0.9999510790697621,1.67
s__0_0,0.007401224144470581,0.00037311326016816506,1.0309764385594086e-05,0.0066907917389026645,0.008165251886143575,1320.130998271777,1.0018351330762145,0.007636
tau__0_0,2.5979292475929787,1.1125044591007347,0.034067130752554194,1.0451224452163073,4.824356015049986,990.8079989306109,1.0012117458668879,1.27
t0__0_0,0.0,0.0,0.0,0.0,0.0,,,
