,mean,sd,mc_error,hpd_2.5,hpd_97.5,n_eff,Rhat,MAP
b,1.0,0.0,0.0,1.0,1.0,,,
p_error,0.05000000819563866,7.450580596923828e-09,1.4901161193847657e-09,0.05000000074505806,0.05000000074505806,1.0007506866324938,0.9997499687421851,
v__0_0,5.5606488828766517e-05,3.655933230238452e-06,7.692931447511837e-08,4.826996973149562e-05,6.272424969850039e-05,2222.312866913275,0.9998920413446601,5.5e-05
gamma__0_0,16.672090167691973,2.416539425674131,0.04151266779188588,12.131493749114643,19.995622241572804,2621.4989356169317,0.9998021630948468,19.7
s__0_0,0.010205048272068869,0.0006052592745804647,1.2300994868959374e-05,0.009026959775487122,0.011402826591307515,2437.4868574594234,0.9999331855644554,0.009651
tau__0_0,0.3817476652030498,0.09606357379069161,0.0018547700849144949,0.2183102085907047,0.5761188777035593,2364.8999352195397,1.0013788382160842,0.36
t0__0_0,0.0,0.0,0.0,0.0,0.0,,,
