,mean,sd,mc_error,hpd_2.5,hpd_97.5,n_eff,Rhat,MAP
b,1.0,0.0,0.0,1.0,1.0,,,
p_error,0.05000000819563866,7.450580596923828e-09,1.4901161193847657e-09,0.05000000074505806,0.05000000074505806,1.0007506866324938,0.9997499687421851,
v__0_0,5.7744543295873894e-05,1.61704830382632e-06,2.907754124307758e-08,5.4679183481338775e-05,6.095019808614374e-05,2810.711764907763,1.0002054215113068,5.8e-05
gamma__0_0,8.326466332603214,0.9410421716726618,0.016503425205284927,6.536340083166728,10.158458591120898,2953.4905298326385,1.0001519377807055,7.78
s__0_0,0.01276554706361271,0.0002574802572996433,4.460996256754046e-06,0.012277309447608268,0.013289312923162705,3625.427018371476,1.0001744981283471,0.01265
tau__0_0,0.43065258728709455,0.04185969709554495,0.0007936882144311522,0.35070747312650263,0.5135164681669369,2573.7165617320366,1.0003174396941608,0.44
t0__0_0,0.0,0.0,0.0,0.0,0.0,,,
