,mean,sd,mc_error,hpd_2.5,hpd_97.5,n_eff,Rhat,MAP
b,1.0,0.0,0.0,1.0,1.0,,,
p_error,0.05000000819563866,7.450580596923828e-09,1.4901161193847657e-09,0.05000000074505806,0.05000000074505806,1.0007506866324938,0.9997499687421851,
v__0_0,5.4060112946306266e-05,1.4598218472520073e-06,3.299336220809269e-08,5.116324133109927e-05,5.680294256575423e-05,2088.9493123908974,0.9997543334039536,5.4e-05
gamma__0_0,17.995873782818936,1.2727899370111995,0.024018442810866562,15.724949911430421,19.99751565895776,2206.591310686865,1.0000118442057868,18.29
s__0_0,0.01202486795948108,0.00023439243094005874,5.227787303704701e-06,0.01156806229963096,0.012477373550789534,1902.0927382726088,0.9998227398395652,0.0121
tau__0_0,0.27698534445513,0.02872581096772282,0.0006408206331746183,0.2249749764831949,0.3363912743967,1936.6195192915611,1.0000137560593925,0.27
t0__0_0,0.0,0.0,0.0,0.0,0.0,,,
