,mean,sd,mc_error,hpd_2.5,hpd_97.5,n_eff,Rhat,MAP
b,1.0,0.0,0.0,1.0,1.0,,,
p_error,0.05000000819563866,7.450580596923828e-09,1.4901161193847657e-09,0.05000000074505806,0.05000000074505806,1.0007506866324938,0.9997499687421851,
v__0_0,8.443501394914383e-05,6.93870172296591e-06,1.3210986931461923e-07,7.041316655024414e-05,9.740140160113266e-05,2105.3648652178745,0.9998779818173973,8.5e-05
gamma__0_0,1.4234994362246585,1.1191902416099286,0.022377112471092656,-0.6829935381727665,3.7721356632287097,2537.1114031866528,1.0009748677106214,1.21
s__0_0,0.010386540236801753,0.0008511170693559977,1.5806239363501673e-05,0.00879880181060981,0.012092235317278363,2631.1656232687787,0.9998144374844632,0.010469
tau__0_0,0.4655616344350095,0.13001290855244368,0.0025011385219029267,0.24327661541059117,0.716189743519931,2112.0614205084576,0.9998900804661471,0.4
t0__0_0,0.0,0.0,0.0,0.0,0.0,,,
