,mean,sd,mc_error,hpd_2.5,hpd_97.5,n_eff,Rhat,MAP
b,1.0,0.0,0.0,1.0,1.0,,,
p_error,0.05000000447034836,3.725290298461914e-09,7.450580596923829e-10,0.05000000074505806,0.05000000074505806,1.0001503703406758,0.9999499987499374,
v__0_0,2.0539622173312183e-05,1.6278085346822373e-06,5.1308090634938955e-08,1.7467158240426385e-05,2.3714550092311502e-05,907.8792387560391,1.0003484519160735,2e-05
gamma__0_0,6.9613642816875725,1.9335368738936718,0.03267282681019211,3.2023067428777257,11.01039595984303,3427.3315256529127,1.0000539184216797,6.41
s__0_0,0.006586128896117937,0.00045672303026450675,1.287244630004437e-05,0.005622948557220062,0.00743193771959733,1072.4663376364933,1.0002140111276385,0.006803
tau__0_0,0.4735094770157219,0.12929318413934202,0.003709223851078132,0.25188167056727323,0.7276198104347541,1101.862952626497,1.0002565124194078,0.43
t0__0_0,0.0,0.0,0.0,0.0,0.0,,,
