,mean,sd,mc_error,hpd_2.5,hpd_97.5,n_eff,Rhat,MAP
b,1.0,0.0,0.0,1.0,1.0,,,
p_error,0.05000000819563866,7.450580596923828e-09,1.4901161193847657e-09,0.05000000074505806,0.05000000074505806,1.0007506866324938,0.9997499687421851,
v__0_0,2.072975575185341e-05,1.552617282371029e-06,3.5270617970815377e-08,1.766589180056159e-05,2.3712663401520264e-05,1585.4646173562744,0.999889334640941,2.1e-05
gamma__0_0,13.735652371766577,3.0028725488157493,0.0716508088793875,9.043466018167074,19.916585376697885,1822.3858578645397,0.9999401019623442,12.39
s__0_0,0.006482832412724159,0.00035262756546012983,8.375071012403e-06,0.005818790769238817,0.007193736094506707,1692.9026321670144,0.9998675329900132,0.006256
tau__0_0,0.5741868563760166,0.16075183158746154,0.004093392591049718,0.3081634906659654,0.8931868652629265,1463.6714060788208,0.999967648050394,0.44
t0__0_0,0.0,0.0,0.0,0.0,0.0,,,
