,mean,sd,mc_error,hpd_2.5,hpd_97.5,n_eff,Rhat,MAP
b,1.0,0.0,0.0,1.0,1.0,,,
p_error,0.05000000447034836,3.725290298461914e-09,7.450580596923829e-10,0.05000000074505806,0.05000000074505806,1.0001503703406758,0.9999499987499374,
v__0_0,2.1359414979425385e-05,1.5917035806957027e-06,5.2384340692320894e-08,1.817755873025931e-05,2.4266009781146665e-05,920.9340092424411,1.0001789853984902,2.1e-05
gamma__0_0,46.90425809709018,20.757356015216722,0.8640843460282582,17.9221579497477,91.72705028620072,541.7769696392148,1.0004624421131332,23.75
s__0_0,0.0064863890883287804,0.00040429650370702054,1.2173149024960656e-05,0.005689166021515301,0.007259417622514431,1101.0753543920948,1.0000076969453564,0.006354
tau__0_0,0.2126581516331626,0.17517080439834157,0.007478527275921935,0.05703130044175446,0.41474666163462265,525.2512162721138,1.0009393224242797,0.16
t0__0_0,0.0,0.0,0.0,0.0,0.0,,,
