,mean,sd,mc_error,hpd_2.5,hpd_97.5,n_eff,Rhat,MAP
b,1.0,0.0,0.0,1.0,1.0,,,
p_error,0.05000000447034836,3.725290298461914e-09,7.450580596923829e-10,0.05000000074505806,0.05000000074505806,1.0001503703406758,0.9999499987499374,
v__0_0,0.00012265356460873508,1.8158385462332887e-06,1.0417907160096235e-07,0.0001191023356784838,0.00012620722937011237,258.161540153223,1.003221788508076,0.000123
gamma__0_0,12.488695793437257,1.1126661749949434,0.03915620367913641,10.200480652571247,14.485912543053164,729.3526248665002,0.99995013332863,12.79
s__0_0,0.0070497547070763915,0.0002099463484071881,1.020735899742207e-05,0.006662519219999512,0.007470263787373232,356.4118715610518,1.0005574327176976,0.007051
tau__0_0,0.09342719475895185,0.006002116793717616,0.0003148967289513129,0.08293564337256983,0.10640726394721682,286.55325135078635,1.0032164833544073,0.09
t0__0_0,0.0,0.0,0.0,0.0,0.0,,,
