,mean,sd,mc_error,hpd_2.5,hpd_97.5,n_eff,Rhat,MAP
b,1.0,0.0,0.0,1.0,1.0,,,
p_error,0.05000000819563866,7.450580596923828e-09,1.4901161193847657e-09,0.05000000074505806,0.05000000074505806,1.0007506866324938,0.9997499687421851,
v__0_0,6.247533358422342e-05,3.2789776789957008e-06,6.425526077181172e-08,5.597394420231088e-05,6.893008780261474e-05,2298.101616757346,0.999808175853703,6.2e-05
gamma__0_0,5.295173766849882,1.2153366177392704,0.020514485852738622,2.8482066872529828,7.565493114786605,3208.3982764503467,1.0000015424541204,5.64
s__0_0,0.007565546521723686,0.0005311572957102655,9.546499488372724e-06,0.0065337125597081675,0.00859631686417543,2635.331900677728,1.0001506821707757,0.007678
tau__0_0,0.4442156839226974,0.08848728351380462,0.0017160959167179766,0.2916153554735915,0.6231997057681297,2293.358552986308,0.9997548454215804,0.4
t0__0_0,0.0,0.0,0.0,0.0,0.0,,,
