,mean,sd,mc_error,hpd_2.5,hpd_97.5,n_eff,Rhat,MAP
b,1.0,0.0,0.0,1.0,1.0,,,
p_error,0.05000000819563866,7.450580596923828e-09,1.4901161193847657e-09,0.05000000074505806,0.05000000074505806,1.0007506866324938,0.9997499687421851,
v__0_0,9.980178217221253e-05,2.0773915365943317e-06,4.359130365363464e-08,9.564680377851659e-05,0.00010364132564422914,2211.1666169317023,0.9997536507075608,0.0001
gamma__0_0,4.105065448181725,0.6491915751565979,0.013113278380800956,2.870523582843049,5.379648241283547,2549.1089435742824,0.9997732287410328,4.22
s__0_0,0.010729182980165782,0.0002247491782566326,4.831955215701303e-06,0.01028255314625654,0.011159855236453922,2292.1774885564546,0.9999387960528692,0.010607
tau__0_0,0.23879943768039202,0.017294145626369314,0.00038920796414745944,0.20789910608218465,0.2737008275676124,2101.1796284206503,0.9997571814583313,0.24
t0__0_0,0.0,0.0,0.0,0.0,0.0,,,
