,mean,sd,mc_error,hpd_2.5,hpd_97.5,n_eff,Rhat,MAP
b,1.0,0.0,0.0,1.0,1.0,,,
p_error,0.05000000447034836,3.725290298461914e-09,7.450580596923829e-10,0.05000000074505806,0.05000000074505806,1.0001503703406758,0.9999499987499374,
v__0_0,8.281915495527864e-05,5.388887072529461e-06,1.762774438263662e-07,7.24094909809382e-05,9.319191142395695e-05,761.6366922755301,1.0013225258259835,8.5e-05
gamma__0_0,14.934126441240918,2.867723497645489,0.061905222835480556,10.261130644919355,19.998050270995364,1788.0762666097382,1.0008228711049922,13.82
s__0_0,0.010229454132366802,0.0007423189430138181,2.178406120500558e-05,0.008869325943159624,0.011736724701451448,952.9311642807351,1.0005353657507376,0.010002
tau__0_0,0.3549424518410372,0.15006044711579142,0.00478233553360655,0.1576680154468671,0.6291628615658501,913.137306900613,1.0005224419137202,0.26
t0__0_0,0.0,0.0,0.0,0.0,0.0,,,
