,mean,sd,mc_error,hpd_2.5,hpd_97.5,n_eff,Rhat,MAP
b,1.0,0.0,0.0,1.0,1.0,,,
p_error,0.05000000447034836,3.725290298461914e-09,7.450580596923829e-10,0.05000000074505806,0.05000000074505806,1.0001503703406758,0.9999499987499374,
v__0_0,2.0801103963192062e-05,1.8889571950355486e-06,7.599051723764782e-08,1.6853919862095873e-05,2.4173475210842902e-05,575.649325476816,1.0014213131647558,2.2e-05
gamma__0_0,17.924934402397046,1.7205802822026823,0.04365559911792709,14.43491164994542,19.999986031427525,1466.0931059347222,1.0030373220299011,19.69
s__0_0,0.0065973699491723055,0.00044113137195495863,1.4422720299583688e-05,0.005775188857763028,0.007488814603846879,843.9168699930103,1.002874406366768,0.006508
tau__0_0,0.6049223883858678,0.6533525681830868,0.02682923920734524,0.1378654893715668,2.005724932127771,520.1598205311029,1.0044209519542064,0.29
t0__0_0,0.0,0.0,0.0,0.0,0.0,,,
