,mean,sd,mc_error,hpd_2.5,hpd_97.5,n_eff,Rhat,MAP
b,1.0,0.0,0.0,1.0,1.0,,,
p_error,0.05000000447034836,3.725290298461914e-09,7.450580596923829e-10,0.05000000074505806,0.05000000074505806,1.0001503703406758,0.9999499987499374,
v__0_0,4.147907345457254e-05,2.3404978855504165e-06,7.545306598432852e-08,3.6977391620918984e-05,4.608955132264635e-05,724.2579639056024,1.0073764095824056,4.1e-05
gamma__0_0,14.840065380059267,2.6075123520300627,0.051025834853973814,10.207755757483401,19.63385890602753,2924.9717785820517,1.0006933336685486,15.35
s__0_0,0.007236181073070735,0.00046651342451969674,9.959636959713756e-06,0.006338245187747182,0.008148811217142532,1780.6207053086987,1.0013163510941412,0.007282
tau__0_0,0.49951651535942176,0.13666256866991103,0.0031870070596844192,0.2673141850879936,0.7611041585494174,1352.866747588413,1.0010306484432752,0.5
t0__0_0,0.0,0.0,0.0,0.0,0.0,,,
