,mean,sd,mc_error,hpd_2.5,hpd_97.5,n_eff,Rhat,MAP
b,1.0,0.0,0.0,1.0,1.0,,,
p_error,0.05000000819563866,7.450580596923828e-09,1.4901161193847657e-09,0.05000000074505806,0.05000000074505806,1.0007506866324938,0.9997499687421851,
v__0_0,5.272731073696459e-05,3.5271825633631694e-06,8.106669726792832e-08,4.6125276990354355e-05,6.006380589987455e-05,1893.481411353092,0.9997509838678318,5.4e-05
gamma__0_0,12.518954148760331,3.18561970663609,0.07876195941957767,7.275208514803204,19.32151097038411,1792.6703414105527,1.0004249362344446,8.74
s__0_0,0.009410674297518714,0.0006922909295773484,1.46354371341954e-05,0.008187987869088907,0.010874490857792475,2238.8524008031177,0.9997759845756579,0.009501
tau__0_0,0.49410106200491044,0.183418099879372,0.004601632034545714,0.21191648285028233,0.8286373498372248,1723.4183377909799,0.9999825931244267,0.4
t0__0_0,0.0,0.0,0.0,0.0,0.0,,,
