,mean,sd,mc_error,hpd_2.5,hpd_97.5,n_eff,Rhat,MAP
b,1.0,0.0,0.0,1.0,1.0,,,
p_error,0.05000000447034836,3.725290298461914e-09,7.450580596923829e-10,0.05000000074505806,0.05000000074505806,1.0000303698697386,0.9999899999499995,
v__0_0,6.277737282463465e-05,1.3380172414142075e-06,2.4897548369155134e-08,6.008611722154255e-05,6.526822847677111e-05,2696.125896816254,1.0013403818773836,6.3e-05
gamma__0_0,0.4181313668073541,0.0503968810579558,0.0005083527248484195,0.32220812904157903,0.5185258518492422,9747.651975365752,1.0001348596974369,0.41
s__0_0,0.011497023828622633,0.00018971940166747722,2.775660108005093e-06,0.011131119900883352,0.01187009547396752,4046.4155412754903,1.0004939524040968,0.011489
tau__0_0,0.6685465707183219,0.04789985549144196,0.0007535412198898385,0.5761855697505593,0.7637333083293562,3581.652359050628,1.0010265482795648,0.65
t0__0_0,0.0,0.0,0.0,0.0,0.0,,,
