,mean,sd,mc_error,hpd_2.5,hpd_97.5,n_eff,Rhat,MAP
b,1.0,0.0,0.0,1.0,1.0,,,
p_error,0.05000000819563866,7.450580596923828e-09,1.4901161193847657e-09,0.05000000074505806,0.05000000074505806,1.0007506866324938,0.9997499687421851,
v__0_0,0.00012028675042092094,3.004513192977401e-06,6.759900400691945e-08,0.00011417629361799084,0.00012591352807137123,1991.5217137241107,0.9999563770274684,0.00012
gamma__0_0,-0.21728230162413537,0.06368583487382294,0.0011857700702663796,-0.34507585940235685,-0.09577350349581693,2791.326666554971,1.0000687212518915,-0.19
s__0_0,0.011285391195782063,0.0002837491159966159,5.459672834836079e-06,0.010736847711610958,0.01183892353886496,2443.8941139801527,1.0001616801222355,0.011156
tau__0_0,0.4499822767096774,0.04879022667507081,0.001087242095152491,0.3622956978434525,0.5493221287158702,1944.4933449389555,1.0003360069305782,0.45
t0__0_0,0.0,0.0,0.0,0.0,0.0,,,
