,mean,sd,mc_error,hpd_2.5,hpd_97.5,n_eff,Rhat,MAP
b,1.0,0.0,0.0,1.0,1.0,,,
p_error,0.05000000819563866,7.450580596923828e-09,1.4901161193847657e-09,0.05000000074505806,0.05000000074505806,1.0007506866324938,0.9997499687421851,
v__0_0,1.8662362308765148e-05,9.30042426142498e-07,2.1618951408772715e-08,1.6860367110174028e-05,2.0434815819156755e-05,1660.002879436515,1.0007125375778794,1.9e-05
gamma__0_0,-0.19106548153313213,0.07026321217275024,0.0018282117998523258,-0.3280157960916039,-0.058899790554932,1236.605539030095,0.9998525682684516,-0.16
s__0_0,0.004755777361550503,0.0002676849112420937,4.944752079131689e-06,0.004243204790986304,0.0052765598715177695,2000.7430048938702,0.9999276017371476,0.004684
tau__0_0,1.4931980473174697,0.3513848435393641,0.007814391214831153,0.8810187847458486,2.167585620281823,1814.316406865496,1.0018889646722835,1.26
t0__0_0,0.0,0.0,0.0,0.0,0.0,,,
