,mean,sd,mc_error,hpd_2.5,hpd_97.5,n_eff,Rhat,MAP
b,1.0,0.0,0.0,1.0,1.0,,,
p_error,0.05000000819563866,7.450580596923828e-09,1.4901161193847657e-09,0.05000000074505806,0.05000000074505806,1.0007506866324938,0.9997499687421851,
v__0_0,6.339414048400388e-05,3.770485161197813e-06,7.101388306946016e-08,5.5733617565048657e-05,7.065741265514825e-05,2571.844832100794,1.0002928527780106,6.4e-05
gamma__0_0,0.2514072399505098,0.1440744854556037,0.0025475337517949486,-0.05240896888661162,0.5159957499092691,2727.7118958484325,1.000348102749996,0.23
s__0_0,0.009186950515434564,0.0006470278666330822,1.152932362623772e-05,0.008066760361120015,0.010553544061191838,3090.7828543240967,1.000097390366151,0.009072
tau__0_0,0.9072380528448231,0.25417422329069495,0.005460643634907286,0.46744999761340555,1.4179119133499776,1866.873894373039,0.9999515441724911,0.82
t0__0_0,0.0,0.0,0.0,0.0,0.0,,,
