,mean,sd,mc_error,hpd_2.5,hpd_97.5,n_eff,Rhat,MAP
b,1.0,0.0,0.0,1.0,1.0,,,
p_error,0.05000000819563866,7.450580596923828e-09,1.4901161193847657e-09,0.05000000074505806,0.05000000074505806,1.0007506866324938,0.9997499687421851,
v__0_0,6.419649704678351e-05,4.65182665997825e-06,1.1281948733763806e-07,5.476412777021936e-05,7.317181053532929e-05,1649.0322743416837,1.0010350147509415,6.3e-05
gamma__0_0,0.3414830405042178,0.166619973409078,0.004066385771644877,0.03651246418948695,0.6704335507199488,1448.637759982733,0.9998208992999285,0.3
s__0_0,0.008774096352991326,0.0006745513582263977,1.6585254428578362e-05,0.007544421185765141,0.010131432427985455,1771.7421635476137,1.0017645605602885,0.008777
tau__0_0,0.6256298091087656,0.1568732351407936,0.004254057070309153,0.366468054489102,0.9412181685145797,1390.4830107153339,1.0022165241666319,0.55
t0__0_0,0.0,0.0,0.0,0.0,0.0,,,
