,mean,sd,mc_error,hpd_2.5,hpd_97.5,n_eff,Rhat,MAP
b,1.0,0.0,0.0,1.0,1.0,,,
p_error,0.05000000819563866,7.450580596923828e-09,1.4901161193847657e-09,0.05000000074505806,0.05000000074505806,1.0007506866324938,0.9997499687421851,
v__0_0,6.574544805577975e-05,4.997757520383098e-06,1.0925217943410713e-07,5.602508566180528e-05,7.580639932400478e-05,2502.323679206478,1.0009541082085136,6.6e-05
gamma__0_0,0.5036509571141542,0.14797236294517033,0.0035881672625963775,0.20646592074490577,0.7894722527936935,1711.9766581429583,1.0003153307727004,0.49
s__0_0,0.010141023588917653,0.0007067065116928216,1.4196853134661279e-05,0.008823978077510612,0.011566908847236596,2507.624777110581,1.001346367104621,0.00999
tau__0_0,0.32396216908997316,0.07884658589874079,0.0018483668507506875,0.1882624383541197,0.488035727006478,2052.9792888309416,1.0007499776277509,0.29
t0__0_0,0.0,0.0,0.0,0.0,0.0,,,
