,mean,sd,mc_error,hpd_2.5,hpd_97.5,n_eff,Rhat,MAP
b,1.0,0.0,0.0,1.0,1.0,,,
p_error,0.05000000447034836,3.725290298461914e-09,7.450580596923829e-10,0.05000000074505806,0.05000000074505806,1.0001503703406758,0.9999499987499374,
v__0_0,4.097222642392394e-05,2.15470907796068e-06,8.594453059426872e-08,3.694369683609912e-05,4.544650890697114e-05,599.8302031707977,1.0036994891816333,4.1e-05
gamma__0_0,-0.05686015695022456,0.08189823410409318,0.0018207240881902298,-0.22445379267183796,0.09528983225829535,1725.8686859003767,1.0008925705371088,-0.09
s__0_0,0.007129283220471388,0.0004620348460213086,1.07568653072862e-05,0.006271000055051175,0.008057622536131863,1893.237204203437,0.999966285389566,0.006804
tau__0_0,1.571442737703988,0.48278439641934473,0.01422610843063428,0.7960200807460023,2.526045563158022,992.3715134415619,1.001581918964076,1.4
t0__0_0,0.0,0.0,0.0,0.0,0.0,,,
