,mean,sd,mc_error,hpd_2.5,hpd_97.5,n_eff,Rhat,MAP
b,1.0,0.0,0.0,1.0,1.0,,,
p_error,0.05000000447034836,3.725290298461914e-09,7.450580596923829e-10,0.05000000074505806,0.05000000074505806,1.0001503703406758,0.9999499987499374,
v__0_0,0.00016908836878438285,8.65310233937493e-06,4.0835437650102805e-07,0.0001525311261286643,0.00018539384320007127,430.78969089101423,1.0048161198722743,0.000171
gamma__0_0,-0.051192580811052435,0.14107425708371238,0.0023659090996407646,-0.3313027260598904,0.21544924488974004,3200.384650652123,0.9999636602103431,-0.01
s__0_0,0.00849862771856506,0.0009510617054193185,3.563932617859403e-05,0.006659906199783894,0.010165038288848415,662.3857973312482,1.0019532715475488,0.008154
tau__0_0,0.2629080320871586,0.060297548551078856,0.0023547008139304026,0.15198993313053277,0.3797171416951499,617.6275194952699,1.0026425196502469,0.24
t0__0_0,0.0,0.0,0.0,0.0,0.0,,,
