,mean,sd,mc_error,hpd_2.5,hpd_97.5,n_eff,Rhat,MAP
b,1.0,0.0,0.0,1.0,1.0,,,
p_error,0.05000000819563866,7.450580596923828e-09,1.4901161193847657e-09,0.05000000074505806,0.05000000074505806,1.0007506866324938,0.9997499687421851,
v__0_0,8.977713169385406e-05,6.254400612940814e-06,1.3804403262131018e-07,7.805148428799523e-05,0.00010214612356547585,1916.596745388789,1.0002063377119441,9e-05
gamma__0_0,0.5011553874010946,0.1519539327307788,0.0024709714007750882,0.20065976226120696,0.7939876893425293,3080.7426583886204,0.9997634540286325,0.51
s__0_0,0.00996307769030376,0.0007847889804932252,1.7710951742748202e-05,0.008477022723841798,0.011511629589731827,2144.294087452342,1.0003012930845603,0.00991
tau__0_0,0.353753829858914,0.08635269094712943,0.0018536574816816048,0.19504331652818513,0.5178537409941173,1905.0371636378343,1.0019297714011612,0.3
t0__0_0,0.0,0.0,0.0,0.0,0.0,,,
