,mean,sd,mc_error,hpd_2.5,hpd_97.5,n_eff,Rhat,MAP
b,1.0,0.0,0.0,1.0,1.0,,,
p_error,0.05000000819563866,7.450580596923828e-09,1.4901161193847657e-09,0.05000000074505806,0.05000000074505806,1.0007506866324938,0.9997499687421851,
v__0_0,6.07854266080705e-05,4.670547753659786e-06,1.1134336947959636e-07,5.1754588907271696e-05,6.985624241443613e-05,1974.796699582508,0.9997658774189886,6.1e-05
gamma__0_0,-1.0143623184213488,0.1693619407518295,0.003851381835655897,-1.3573573127077996,-0.6948604546656583,2075.996142383704,1.0005721440069282,-1.1
s__0_0,0.008798969813722822,0.000593203963849877,1.1916052792627446e-05,0.007638979514541939,0.009923913447174844,2514.4544910792374,1.000596533327648,0.008566
tau__0_0,0.9097111930148567,0.20103630077189838,0.0043714806514452325,0.5556292445165044,1.2751381959129642,2220.0456492666312,0.9997510902509615,0.87
t0__0_0,0.0,0.0,0.0,0.0,0.0,,,
