,mean,sd,mc_error,hpd_2.5,hpd_97.5,n_eff,Rhat,MAP
b,1.0,0.0,0.0,1.0,1.0,,,
p_error,0.05000000819563866,7.450580596923828e-09,1.4901161193847657e-09,0.05000000074505806,0.05000000074505806,1.0007506866324938,0.9997499687421851,
v__0_0,7.73163365888785e-05,1.5172103899696697e-06,2.6358184444361868e-08,7.433069920714397e-05,8.021456307114672e-05,2672.6233528895136,0.9999191784025431,7.7e-05
gamma__0_0,0.2797541609101644,0.06348601251134106,0.0011807098204316565,0.1497268941707901,0.3966961956605459,2859.2174010893546,1.000701492700774,0.27
s__0_0,0.01182164529014654,0.00023139518133159296,3.920158346271031e-06,0.011377533069346591,0.012282934892276906,2794.945803686857,1.000237283811094,0.011781
tau__0_0,0.7235467318193003,0.050539087301085354,0.0009240642134567909,0.6216348323913244,0.8186540386032806,2741.061068101269,0.9998189064126217,0.71
t0__0_0,0.0,0.0,0.0,0.0,0.0,,,
