,mean,sd,mc_error,hpd_2.5,hpd_97.5,n_eff,Rhat,MAP
b,1.0,0.0,0.0,1.0,1.0,,,
p_error,0.05000000819563866,7.450580596923828e-09,1.4901161193847657e-09,0.05000000074505806,0.05000000074505806,1.0007506866324938,0.9997499687421851,
v__0_0,8.669456130996706e-05,1.9950315153349215e-06,4.834483093362638e-08,8.28827093384021e-05,9.064908235037128e-05,1846.2529416996024,0.9997858942583262,8.6e-05
gamma__0_0,-0.052209793717945846,0.04711760127678766,0.0008611647368354583,-0.1452400756797978,0.03594527641304701,3065.393796525303,0.9999983262608091,-0.04
s__0_0,0.012040322662883402,0.0002544407437397008,5.518744570173783e-06,0.011548432036520069,0.012524525300733478,2157.372657068627,0.9999404017847033,0.012043
tau__0_0,0.4684370835790556,0.0388191881746007,0.0009105936133927418,0.39923413055568396,0.5503330901219685,2030.6636528787628,0.9998020111766459,0.46
t0__0_0,0.0,0.0,0.0,0.0,0.0,,,
