,mean,sd,mc_error,hpd_2.5,hpd_97.5,n_eff,Rhat,MAP
b,1.0,0.0,0.0,1.0,1.0,,,
p_error,0.05000000819563866,7.450580596923828e-09,1.4901161193847657e-09,0.05000000074505806,0.05000000074505806,1.0007506866324938,0.9997499687421851,
v__0_0,9.406723145006223e-05,3.992755246845022e-06,1.244057880659775e-07,8.60537382504194e-05,0.00010159698565007222,998.3044194718814,1.0019061230651045,9.3e-05
gamma__0_0,-0.03416982382683888,0.08417277262433136,0.0019609996379098393,-0.19584215711555508,0.13713506090046224,1557.5808378775378,0.9997536238141078,-0.03
s__0_0,0.006703490639368269,0.0005630074911023405,1.7267450852222637e-05,0.005695430584248508,0.007894920653203883,971.3223181640484,1.0001119793770934,0.006534
tau__0_0,0.47398492513327495,0.08767895951956307,0.0028130963491284043,0.31874210342872084,0.6497412393459724,978.0624507030443,1.0022906050841616,0.44
t0__0_0,0.0,0.0,0.0,0.0,0.0,,,
