,mean,sd,mc_error,hpd_2.5,hpd_97.5,n_eff,Rhat,MAP
b,1.0,0.0,0.0,1.0,1.0,,,
p_error,0.05000000819563866,7.450580596923828e-09,1.4901161193847657e-09,0.05000000074505806,0.05000000074505806,1.0007506866324938,0.9997499687421851,
v__0_0,0.00010458155876584526,6.2854181096161414e-06,1.7123516250598462e-07,9.22151117281953e-05,0.00011706515056682088,1566.2997869261146,1.000915646943895,0.000104
gamma__0_0,0.47911035725021067,0.20630611159011825,0.0044107257813134305,0.0914204036587769,0.8945293955441027,2107.3311020049737,0.9998156481598239,0.47
s__0_0,0.008980367371830634,0.0006825123405768478,1.732407992560794e-05,0.0077140744142968854,0.010329514046748856,1805.4728125473218,1.0018731514113302,0.008679
tau__0_0,0.3715215287751307,0.10451773624782039,0.0030624870223870545,0.20193424480563615,0.5714607888452703,1357.659091929102,1.0008640989254285,0.33
t0__0_0,0.0,0.0,0.0,0.0,0.0,,,
