,mean,sd,mc_error,hpd_2.5,hpd_97.5,n_eff,Rhat,MAP
b,1.0,0.0,0.0,1.0,1.0,,,
p_error,0.05000000819563866,7.450580596923828e-09,1.4901161193847657e-09,0.05000000074505806,0.05000000074505806,1.0007506866324938,0.9997499687421851,
v__0_0,9.16703308435113e-05,2.2355781850873793e-06,5.6641206357894525e-08,8.693917726633593e-05,9.58230772201406e-05,1540.5010860667187,1.0001518946868437,9.1e-05
gamma__0_0,-0.30022551862089997,0.04155207955745918,0.0007231492417409136,-0.37794808233641497,-0.21891878132877984,2999.6801254024394,0.9997516051847962,-0.3
s__0_0,0.01095680833554848,0.00023882862429129624,5.494454621130681e-06,0.010470025698305406,0.011415142217506866,1975.478690812303,0.9997790415874548,0.010983
tau__0_0,0.5628361801340689,0.061047864735462185,0.0015851153179399565,0.4456286704359224,0.6818425912657453,1529.8436459976733,0.9998496042076368,0.57
t0__0_0,0.0,0.0,0.0,0.0,0.0,,,
