,mean,sd,mc_error,hpd_2.5,hpd_97.5,n_eff,Rhat,MAP
b,1.0,0.0,0.0,1.0,1.0,,,
p_error,0.05000000819563866,7.450580596923828e-09,1.4901161193847657e-09,0.05000000074505806,0.05000000074505806,1.0007506866324938,0.9997499687421851,
v__0_0,6.1775105893564e-05,3.8819127980101704e-06,9.39454030227184e-08,5.442722664905251e-05,6.979567335687677e-05,1522.0804672373902,1.0002030400076136,6.2e-05
gamma__0_0,0.4446766146367652,0.1414577984705298,0.004343620594929516,0.20912654988485002,0.7589432817693922,889.8579473171042,1.00085037875977,0.37
s__0_0,0.007718691905136547,0.0005498465156624536,1.2378730117620234e-05,0.006684341287403675,0.008810795394197216,1871.1060415706268,1.0009851044906206,0.007635
tau__0_0,1.0302637322088724,0.2679898811325621,0.00724227818053524,0.5560339902928014,1.5792346090343106,1151.2931508228119,1.0005772774578319,1.02
t0__0_0,0.0,0.0,0.0,0.0,0.0,,,
