,mean,sd,mc_error,hpd_2.5,hpd_97.5,n_eff,Rhat,MAP
b,1.0,0.0,0.0,1.0,1.0,,,
p_error,0.05000000819563866,7.450580596923828e-09,1.4901161193847657e-09,0.05000000074505806,0.05000000074505806,1.0007506866324938,0.9997499687421851,
v__0_0,0.00010320199553178769,1.7904861055381066e-06,3.460142852471255e-08,9.971430173158007e-05,0.00010674382046413338,2608.485518289648,0.9998686286712843,0.000103
gamma__0_0,0.3724090135743514,0.059232194895963555,0.0010926267647870449,0.25972977200216185,0.4886333607912263,3165.9803394420387,1.0008800434717136,0.37
s__0_0,0.009466537018273727,0.00019933689193280815,3.756518340353287e-06,0.0090641321131254,0.009842175260874615,2923.665872863497,1.0016550540300517,0.009417
tau__0_0,0.3422431597712623,0.02351206653563999,0.0004546087793293232,0.2961211794600554,0.3869555361855277,2511.024208013336,0.999821698927754,0.34
t0__0_0,0.0,0.0,0.0,0.0,0.0,,,
