,mean,sd,mc_error,hpd_2.5,hpd_97.5,n_eff,Rhat,MAP
b,1.0,0.0,0.0,1.0,1.0,,,
p_error,0.05000000819563866,7.450580596923828e-09,1.4901161193847657e-09,0.05000000074505806,0.05000000074505806,1.0007506866324938,0.9997499687421851,
v__0_0,2.0006697283140107e-05,9.509127288138016e-07,2.4479661013000886e-08,1.8107246963179058e-05,2.1746397360982238e-05,1533.7584864905034,0.9998404518931716,2e-05
gamma__0_0,0.09203424734110215,0.09528912964682004,0.002592474262302307,-0.09191296383317749,0.2814855870569293,1270.1534104647112,1.0017359227156994,0.11
s__0_0,0.003662426400393475,0.00024644738774286544,5.651423073025301e-06,0.003206723395029719,0.004156865850652438,1978.6683677548835,0.9997681923550901,0.003731
tau__0_0,1.0056130169776674,0.19611866462631336,0.005169823516969143,0.652661942475903,1.3806617823286005,1409.9678391736659,1.000027017626328,0.92
t0__0_0,0.0,0.0,0.0,0.0,0.0,,,
