,mean,sd,mc_error,hpd_2.5,hpd_97.5,n_eff,Rhat,MAP
b,1.0,0.0,0.0,1.0,1.0,,,
p_error,0.05000000819563866,7.450580596923828e-09,1.4901161193847657e-09,0.05000000074505806,0.05000000074505806,1.0007506866324938,0.9997499687421851,
v__0_0,7.475525963722277e-05,6.4564071612070874e-06,1.8221208975255515e-07,6.236906343984833e-05,8.72915084366171e-05,1360.2743601198506,1.0035227212772988,7.3e-05
gamma__0_0,0.8102588840560613,0.08061719875715063,0.0018810496327320476,0.6506825007275143,0.9625687413440449,1789.7661847538154,0.9999744975027679,0.81
s__0_0,0.008734703908602474,0.0008337164642692374,2.131530220082574e-05,0.007125268969447994,0.010322107582465233,1513.6218912289935,1.0020207370307437,0.008888
tau__0_0,0.7804664620580661,0.23579507226731242,0.0074200946872303095,0.42587200059481545,1.246262711888786,1161.9210661875204,1.0017738181939262,0.65
t0__0_0,0.0,0.0,0.0,0.0,0.0,,,
