,mean,sd,mc_error,hpd_2.5,hpd_97.5,n_eff,Rhat,MAP
b,1.0,0.0,0.0,1.0,1.0,,,
p_error,0.05000000819563866,7.450580596923828e-09,1.4901161193847657e-09,0.05000000074505806,0.05000000074505806,1.0007506866324938,0.9997499687421851,
v__0_0,5.7422709972474115e-05,1.5016036746349305e-06,3.191874937869907e-08,5.44060662498262e-05,6.030848966133773e-05,2499.180573453293,1.0015405760232032,5.7e-05
gamma__0_0,0.012290264853903088,0.04636773770015032,0.0007371688529156713,-0.08405158379249933,0.1018157531263455,3705.7523528088177,0.9997863831621165,0.01
s__0_0,0.012687649152793759,0.00024803213418921494,4.505397200960747e-06,0.01217222150642734,0.01314331136394208,3157.3980325322395,1.0010455501287536,0.01265
tau__0_0,0.9446595604365734,0.09334324236598157,0.0019399426037973212,0.7624669334280822,1.127200154207793,2548.2341551518525,1.004131284043014,0.93
t0__0_0,0.0,0.0,0.0,0.0,0.0,,,
