,mean,sd,mc_error,hpd_2.5,hpd_97.5,n_eff,Rhat,MAP
b,1.0,0.0,0.0,1.0,1.0,,,
p_error,0.05000000819563866,7.450580596923828e-09,1.4901161193847657e-09,0.05000000074505806,0.05000000074505806,1.0007506866324938,0.9997499687421851,
v__0_0,6.767102832401198e-05,4.150192049468453e-06,8.825146009564795e-08,5.9425550177285045e-05,7.577391710537208e-05,2155.1547201357453,0.99998882416343,6.7e-05
gamma__0_0,0.8188694951233747,0.12481716523497491,0.0021932327431524964,0.5838050435562706,0.9997910303861965,3258.735225476519,0.9998073689186773,0.93
s__0_0,0.008299947823792547,0.0006333454808741999,1.2904244548719781e-05,0.007141564872729761,0.009577422873297051,2609.442024002816,0.9997823173756509,0.00806
tau__0_0,0.5017215764504043,0.11454574757203613,0.0020752252342888817,0.29740441116720506,0.7304488529383704,2252.189374302088,1.0010945779992768,0.46
t0__0_0,0.0,0.0,0.0,0.0,0.0,,,
