,mean,sd,mc_error,hpd_2.5,hpd_97.5,n_eff,Rhat,MAP
b,1.0,0.0,0.0,1.0,1.0,,,
p_error,0.05000000819563866,7.450580596923828e-09,1.4901161193847657e-09,0.05000000074505806,0.05000000074505806,1.0007506866324938,0.9997499687421851,
v__0_0,4.476500317699451e-05,3.881778828946986e-06,7.767662582609272e-08,3.6709046100598095e-05,5.196251747974583e-05,2265.737736579567,0.9997847465054811,4.5e-05
gamma__0_0,0.16092437276023192,0.12222861447435523,0.0018729113676955035,0.00028587269698602505,0.4002844638400067,3272.4455934417397,0.9997924532890711,0.07
s__0_0,0.009493440618133146,0.0007070223870828214,1.2292188032395894e-05,0.008212086737652802,0.010952755041602364,2536.6127302587006,0.9997909959158477,0.009168
tau__0_0,1.0804801596671465,0.37866414127705533,0.009441838198781295,0.5210711143833348,1.8071288751165997,1346.3501866188255,0.999754281518271,1.02
t0__0_0,0.0,0.0,0.0,0.0,0.0,,,
