,mean,sd,mc_error,hpd_2.5,hpd_97.5,n_eff,Rhat,MAP
b,1.0,0.0,0.0,1.0,1.0,,,
p_error,0.05000000819563866,7.450580596923828e-09,1.4901161193847657e-09,0.05000000074505806,0.05000000074505806,1.0007506866324938,0.9997499687421851,
v__0_0,0.0001045801267052032,6.358707967639113e-06,1.540220286324567e-07,9.213619671090832e-05,0.0001167703741484685,1664.2665122490998,1.0003000312058585,0.000104
gamma__0_0,0.4879124461046184,0.20535668135264734,0.0035233907907197804,0.05270995427201878,0.8549291884438294,3114.454465811197,1.0000202092693098,0.45
s__0_0,0.008958016447218773,0.0006832124759203411,1.6531347899788047e-05,0.007660253719126925,0.010243867189843056,1930.8532977468426,1.0002643476992297,0.008476
tau__0_0,0.3711551837258368,0.13744050954960063,0.0037301377834118065,0.20044757135715718,0.5593608675079397,1337.1367405651783,0.9999740214429909,0.34
t0__0_0,0.0,0.0,0.0,0.0,0.0,,,
