,mean,sd,mc_error,hpd_2.5,hpd_97.5,n_eff,Rhat,MAP
b,1.0,0.0,0.0,1.0,1.0,,,
p_error,0.05000000819563866,7.450580596923828e-09,1.4901161193847657e-09,0.05000000074505806,0.05000000074505806,1.0007506866324938,0.9997499687421851,
v__0_0,3.90396627837727e-05,3.3505078544822568e-06,7.35843779523724e-08,3.2870593818505966e-05,4.604465873794373e-05,2241.022242152765,0.9997499986380534,4e-05
gamma__0_0,0.4914651138492982,0.2061949911931848,0.0031620530582426518,0.09774245838154895,0.8978815412152121,3981.6880759895957,1.000217551412531,0.54
s__0_0,0.010169865842835944,0.0006852532935762033,1.3595747287569154e-05,0.008849641920640564,0.011549641699374143,2388.8275694872304,0.999919676297401,0.01023
tau__0_0,0.6885371736710125,0.19520330430633814,0.004062120891084996,0.33403137201686667,1.0498405625674763,2507.704198692261,1.0001532168507097,0.59
t0__0_0,0.0,0.0,0.0,0.0,0.0,,,
