,mean,sd,mc_error,hpd_2.5,hpd_97.5,n_eff,Rhat,MAP
b,1.0,0.0,0.0,1.0,1.0,,,
p_error,0.05000000819563866,7.450580596923828e-09,1.4901161193847657e-09,0.05000000074505806,0.05000000074505806,1.0007506866324938,0.9997499687421851,
v__0_0,7.846192275392812e-05,5.343712418361882e-06,1.0863696500438328e-07,6.723805485774403e-05,8.813502578211828e-05,2531.086109095053,1.0001583356165364,8e-05
gamma__0_0,0.15795610661026976,0.14865197000498678,0.0027301028243687246,1.5169215348921644e-05,0.4535783461394672,2779.2085033059266,1.0003818806981983,0.02
s__0_0,0.011440278791454995,0.0008093189270122983,1.3153218082932583e-05,0.009825982348951986,0.013002799055265262,2976.764762445092,0.9997579224215208,0.011272
tau__0_0,0.874931633627034,0.2202939050516986,0.004315702483717181,0.48170178334282465,1.309358608316836,2594.3886896534564,0.9999372690907046,0.82
t0__0_0,0.0,0.0,0.0,0.0,0.0,,,
