,mean,sd,mc_error,hpd_2.5,hpd_97.5,n_eff,Rhat,MAP
b,1.0,0.0,0.0,1.0,1.0,,,
p_error,0.05000000819563866,7.450580596923828e-09,1.4901161193847657e-09,0.05000000074505806,0.05000000074505806,1.0007506866324938,0.9997499687421851,
v__0_0,0.00010625861895329133,2.8224249954743503e-06,7.535005664692038e-08,0.00010044977510305566,0.00011140475337079235,1275.8913801922372,1.0003703260428116,0.000107
gamma__0_0,0.09412503738511459,0.046474264046065555,0.0009842490551748473,0.006195211925079473,0.17736277707687248,2296.13998283913,0.9997657453068257,0.09
s__0_0,0.01415183713706066,0.000293887673140605,6.9573603564871645e-06,0.01359352810292706,0.014738346631378369,1467.8885273856038,0.9999259308897483,0.014225
tau__0_0,0.4147606239605467,0.03668365678463772,0.0009291893272178871,0.343829546417481,0.48512408787175504,1373.2271872553192,1.0002935589046784,0.41
t0__0_0,0.0,0.0,0.0,0.0,0.0,,,
