,mean,sd,mc_error,hpd_2.5,hpd_97.5,n_eff,Rhat,MAP
b,1.0,0.0,0.0,1.0,1.0,,,
p_error,0.05000000819563866,7.450580596923828e-09,1.4901161193847657e-09,0.05000000074505806,0.05000000074505806,1.0007506866324938,0.9997499687421851,
v__0_0,5.6216878624310696e-05,3.4978344455370846e-06,7.22790115695892e-08,4.970255269057618e-05,6.32248205773624e-05,1969.4282214645962,1.0001617030709464,5.6e-05
gamma__0_0,0.8131841956645462,0.10712800713715889,0.0019737893908889285,0.6282065659281157,0.9991932248954465,2869.523515814532,0.9997585405855967,0.88
s__0_0,0.0063012161929179656,0.000491730786269937,9.45225906680976e-06,0.005369489196133189,0.007271156851385522,2681.7767536177194,1.0003045186980921,0.006039
tau__0_0,0.6289547902020707,0.17212375337949423,0.003779405461671094,0.33968348287182587,0.9734150178090903,1886.5223535200007,0.9998326130346832,0.54
t0__0_0,0.0,0.0,0.0,0.0,0.0,,,
