,mean,sd,mc_error,hpd_2.5,hpd_97.5,n_eff,Rhat,MAP
b,1.0,0.0,0.0,1.0,1.0,,,
p_error,0.05000000819563866,7.450580596923828e-09,1.4901161193847657e-09,0.05000000074505806,0.05000000074505806,1.0007506866324938,0.9997499687421851,
v__0_0,3.4714854299125236e-05,2.12168432008314e-06,4.246363440151007e-08,3.065312447790281e-05,3.8975509985859206e-05,2473.825693444932,1.0007172216493654,3.5e-05
gamma__0_0,0.8095716313726748,0.08600800378953632,0.0015950273720142522,0.6433702404317926,0.9744349703080288,2240.1033334727417,0.9998715703631084,0.84
s__0_0,0.006730833803148362,0.0004908256516700324,1.0491747759480913e-05,0.005841502255421814,0.00776889742744968,2560.8819697631466,1.000306955948609,0.006686
tau__0_0,0.44258344294633734,0.10967089351489016,0.0023742996786064244,0.25352746825126493,0.6671656657605838,2276.951109048726,1.0004820471320435,0.41
t0__0_0,0.0,0.0,0.0,0.0,0.0,,,
