,mean,sd,mc_error,hpd_2.5,hpd_97.5,n_eff,Rhat,MAP
b,1.0,0.0,0.0,1.0,1.0,,,
p_error,0.05000000819563866,7.450580596923828e-09,1.4901161193847657e-09,0.05000000074505806,0.05000000074505806,1.0007506866324938,0.9997499687421851,
v__0_0,8.6941463762987e-05,2.053623824952634e-06,4.3799356894853895e-08,8.28740259006231e-05,9.09520340250464e-05,1763.0680366797428,0.9997882772974249,8.7e-05
gamma__0_0,0.018941146737426976,0.016476142879922426,0.00027265661395074373,5.608545498721837e-06,0.05194526765576395,3342.951363171657,0.9997554062480757,0.01
s__0_0,0.01201487208692006,0.00025590024180766437,4.717120219802163e-06,0.011523002364698005,0.012519365079457207,2240.86829855313,0.999923514002604,0.011738
tau__0_0,0.45664246393810765,0.03685910738112346,0.0007882112829896716,0.3857799676474717,0.5266981405063349,1862.865506368874,1.0000448423537915,0.45
t0__0_0,0.0,0.0,0.0,0.0,0.0,,,
