,mean,sd,mc_error,hpd_2.5,hpd_97.5,n_eff,Rhat,MAP
b,1.0,0.0,0.0,1.0,1.0,,,
p_error,0.05000000819563866,7.450580596923828e-09,1.4901161193847657e-09,0.05000000074505806,0.05000000074505806,1.0007506866324938,0.9997499687421851,
v__0_0,8.142286278039039e-05,5.7499709251550895e-06,1.5199360563100085e-07,6.970969896850537e-05,9.210386964040515e-05,1081.4318888505095,0.9998294910144616,8.2e-05
gamma__0_0,0.05520170072815151,0.0494801956677283,0.0009411442935123003,1.6576849347966055e-05,0.15501499417279166,3103.7527762781206,1.0005775513374966,0.01
s__0_0,0.010317605597333818,0.0007796266433557772,1.9416378589291385e-05,0.008830294521363193,0.011819774702773848,1345.6168166874315,0.9998365918683466,0.010152
tau__0_0,1.260277470275843,0.7063288572768033,0.023253182269287905,0.4672186685236496,2.853397608783226,809.4139601130513,0.9998201985296825,0.86
t0__0_0,0.0,0.0,0.0,0.0,0.0,,,
