,mean,sd,mc_error,hpd_2.5,hpd_97.5,n_eff,Rhat,MAP
b,1.0,0.0,0.0,1.0,1.0,,,
p_error,0.05000000819563866,7.450580596923828e-09,1.4901161193847657e-09,0.05000000074505806,0.05000000074505806,1.0007506866324938,0.9997499687421851,
v__0_0,5.056290690042824e-05,3.982027089800777e-06,6.093957597388059e-08,4.278263168682414e-05,5.8299267834228786e-05,2639.5530537343175,0.9998959064964255,5e-05
gamma__0_0,0.6309056379972795,0.19329033976280247,0.0034739088700337503,0.2983331073142053,0.9975628856955221,3247.922662722923,1.000070198755865,0.66
s__0_0,0.010186978646962348,0.0007719041986735167,1.2774659839020012e-05,0.0085958237465166,0.011593896465552062,2722.9544043333044,0.999758942817001,0.009814
tau__0_0,1.2157410614341868,0.37761592076918377,0.00869216299225495,0.6308678760405972,1.9772442952895963,1631.238397763761,1.0000402475910646,0.92
t0__0_0,0.0,0.0,0.0,0.0,0.0,,,
