,mean,sd,mc_error,hpd_2.5,hpd_97.5,n_eff,Rhat,MAP
b,1.0,0.0,0.0,1.0,1.0,,,
p_error,0.05000000819563866,7.450580596923828e-09,1.4901161193847657e-09,0.05000000074505806,0.05000000074505806,1.0007506866324938,0.9997499687421851,
v__0_0,7.732653224946457e-05,1.5209366306819066e-06,2.865261908237044e-08,7.442256750053417e-05,8.02181561815521e-05,2386.1448034735067,1.0002658431717433,7.8e-05
gamma__0_0,0.27876569822676783,0.06258467189450884,0.0011180491188126107,0.15819157969041187,0.40444515129952563,3230.2829138471448,0.9998759975662376,0.28
s__0_0,0.011825651499457012,0.00022756015557142502,3.6971888536229636e-06,0.011397340050642878,0.012299747177745417,3146.1619826641854,1.0001126639123707,0.011818
tau__0_0,0.7239566425665266,0.05120346564123907,0.0009174969327780533,0.6303881222177175,0.8277104242479858,2626.48565349353,1.0001779048191453,0.69
t0__0_0,0.0,0.0,0.0,0.0,0.0,,,
