,mean,sd,mc_error,hpd_2.5,hpd_97.5,n_eff,Rhat,MAP
b,1.0,0.0,0.0,1.0,1.0,,,
p_error,0.05000000819563866,7.450580596923828e-09,1.4901161193847657e-09,0.05000000074505806,0.05000000074505806,1.0007506866324938,0.9997499687421851,
v__0_0,9.890783402672101e-05,5.008388341138162e-06,1.0902347723105634e-07,8.938950125972826e-05,0.00010867862577597325,2188.9988379897877,1.000290151939243,0.000101
gamma__0_0,0.055721589951493046,0.054091720612821095,0.0008180732155761193,1.384885863556749e-06,0.16867010604088853,3413.833104132972,1.0025755277090833,0.01
s__0_0,0.008188014611234078,0.0006377940040253604,1.5166376583717958e-05,0.006925397188657704,0.009414540445276358,1964.000423903553,0.9998692886352918,0.00845
tau__0_0,0.19666841318172346,0.044026277921834,0.0008368413438726555,0.11993067334903104,0.28829675041808545,2384.853853346862,1.0021443684044167,0.19
t0__0_0,0.0,0.0,0.0,0.0,0.0,,,
