,mean,sd,mc_error,hpd_2.5,hpd_97.5,n_eff,Rhat,MAP
b,1.0,0.0,0.0,1.0,1.0,,,
p_error,0.05000000819563866,7.450580596923828e-09,1.4901161193847657e-09,0.05000000074505806,0.05000000074505806,1.0007506866324938,0.9997499687421851,
v__0_0,3.927457425412492e-05,1.5724546659906518e-06,3.417992975870446e-08,3.618640338577011e-05,4.229818347599554e-05,1885.964902451568,1.0000375061943243,3.9e-05
gamma__0_0,0.7094265279908202,0.13711930042254158,0.0030740481681615786,0.4895356086585767,0.9980187893264004,1545.5240242966995,1.0005180775544535,0.68
s__0_0,0.005784834768475505,0.0004581047098084659,9.474386747758323e-06,0.004927389261419118,0.006709323543802564,2152.740086106266,0.9997534414223159,0.005434
tau__0_0,2.1991922997218394,0.885721051869698,0.021197229143491116,0.8229053363266016,4.116379974796171,1405.815300344276,0.9999230351935634,1.68
t0__0_0,0.0,0.0,0.0,0.0,0.0,,,
