,mean,sd,mc_error,hpd_2.5,hpd_97.5,n_eff,Rhat,MAP
b,1.0,0.0,0.0,1.0,1.0,,,
p_error,0.05000000819563866,7.450580596923828e-09,1.4901161193847657e-09,0.05000000074505806,0.05000000074505806,1.0007506866324938,0.9997499687421851,
v__0_0,6.34005844154327e-05,1.5224907872125652e-06,3.033817042532071e-08,6.051250805848916e-05,6.647090970958469e-05,2117.075612572149,1.000093780303593,6.3e-05
gamma__0_0,0.05140605568253999,0.03775167079261593,0.000723927406741059,7.16307970781107e-05,0.12346661561297141,2642.3583684526434,1.0015658642123006,0.01
s__0_0,0.011480234093275242,0.00021951597594676003,4.527602322526936e-06,0.011042969789125515,0.01190748011449749,2070.2701378257007,1.0004316008667036,0.011508
tau__0_0,0.4780670418608667,0.03873001062550982,0.0007527753350725753,0.405348103932499,0.555335518993194,2083.5711888877017,0.9999407292062226,0.47
t0__0_0,0.0,0.0,0.0,0.0,0.0,,,
