,mean,sd,mc_error,hpd_2.5,hpd_97.5,n_eff,Rhat,MAP
b,1.0,0.0,0.0,1.0,1.0,,,
p_error,0.05000000819563866,7.450580596923828e-09,1.4901161193847657e-09,0.05000000074505806,0.05000000074505806,1.0007506866324938,0.9997499687421851,
v__0_0,5.418725959256462e-05,1.496418344309149e-06,3.3691708695503313e-08,5.1327113028228316e-05,5.7168261413151365e-05,1861.4900007288538,1.0008505910813192,5.4e-05
gamma__0_0,0.007733075518596013,0.00725751824333568,0.00012773776559853422,3.2640040256408856e-06,0.02276257431990497,3258.745509474001,0.9998045560599919,0.0
s__0_0,0.012060059898338995,0.00023771643745532754,5.06069810401798e-06,0.011594969159359123,0.012519935564474408,2273.7263311098072,0.9998076009790662,0.011969
tau__0_0,0.7981967239202702,0.08021979479364971,0.0017961680526004428,0.6522978706435241,0.958805550791131,1765.3879894615538,0.9999328257079911,0.77
t0__0_0,0.0,0.0,0.0,0.0,0.0,,,
