,mean,sd,mc_error,hpd_2.5,hpd_97.5,n_eff,Rhat,MAP
b,1.0,0.0,0.0,1.0,1.0,,,
p_error,0.05000000819563866,7.450580596923828e-09,1.4901161193847657e-09,0.05000000074505806,0.05000000074505806,1.0007506866324938,0.9997499687421851,
v__0_0,6.299148311650445e-05,3.239632765135275e-06,7.21603733211148e-08,5.67135847020272e-05,6.947729287708978e-05,2095.409283813581,0.999783429152967,6.4e-05
gamma__0_0,0.6656076533571693,0.13909909362226922,0.0032030459692609066,0.41566901411111573,0.9477469956792568,2061.1734488240263,0.9997961373619855,0.63
s__0_0,0.006895024428833794,0.0004954318431857805,1.0938352312137894e-05,0.006011879869915408,0.007937893147914758,2258.88856342544,0.9998119159712938,0.006641
tau__0_0,0.5486192318637001,0.11947328239425664,0.002846856732200209,0.3493047881240532,0.790955938141134,1985.7751056958896,0.9997555186537503,0.53
t0__0_0,0.0,0.0,0.0,0.0,0.0,,,
