,mean,sd,mc_error,hpd_2.5,hpd_97.5,n_eff,Rhat,MAP
b,1.0,0.0,0.0,1.0,1.0,,,
p_error,0.05000000819563866,7.450580596923828e-09,1.4901161193847657e-09,0.05000000074505806,0.05000000074505806,1.0007506866324938,0.9997499687421851,
v__0_0,5.673456846800796e-05,1.5956040311887256e-06,3.602130935250705e-08,5.380067703389056e-05,6.004131425506473e-05,1794.255554026793,0.9997745566544004,5.7e-05
gamma__0_0,0.06651860492266616,0.04529614796952848,0.0007758848100548112,9.873841181413454e-05,0.1508945645814874,2842.092355548697,0.9997910057590091,0.02
s__0_0,0.01195060774098455,0.00023930672045060808,5.326607749088273e-06,0.011492340206839933,0.012428970798049204,2012.244793000037,0.9998093364285923,0.011925
tau__0_0,0.6817411384975398,0.07150021681656038,0.0014581266316960454,0.5545916556797681,0.8297290665852265,1788.7434916911977,0.999756747839578,0.66
t0__0_0,0.0,0.0,0.0,0.0,0.0,,,
