,mean,sd,mc_error,hpd_2.5,hpd_97.5,n_eff,Rhat,MAP
b,1.0,0.0,0.0,1.0,1.0,,,
p_error,0.05000000819563866,7.450580596923828e-09,1.4901161193847657e-09,0.05000000074505806,0.05000000074505806,1.0007506866324938,0.9997499687421851,
v__0_0,9.48774131423387e-05,4.0843808877261055e-06,1.6987708996110289e-07,8.62899852650009e-05,0.0001026597553881888,352.57893799280424,1.0001963608362536,9.4e-05
gamma__0_0,0.053045856574376785,0.04011576909581725,0.0008946302975341769,1.4423445367690234e-05,0.13086380969492045,1954.605088476626,0.9997592317348004,0.03
s__0_0,0.0066870642320788825,0.0005722407006467202,2.4652339416522683e-05,0.005575842950205285,0.007868624139782019,357.49246924225235,0.9997812979770636,0.005361
tau__0_0,0.45548001029493107,0.07934696877019203,0.0029744141329667404,0.2961880390136633,0.6063988670809337,474.7587895638726,1.0002745478210027,0.45
t0__0_0,0.0,0.0,0.0,0.0,0.0,,,
