,mean,sd,mc_error,hpd_2.5,hpd_97.5,n_eff,Rhat,MAP
b,1.0,0.0,0.0,1.0,1.0,,,
p_error,0.05000000819563866,7.450580596923828e-09,1.4901161193847657e-09,0.05000000074505806,0.05000000074505806,1.0007506866324938,0.9997499687421851,
v__0_0,9.202142036633138e-05,6.079321925438637e-06,1.3377574340435512e-07,8.112336284291267e-05,0.00010438960428076786,2167.9057945496593,1.0030969941802999,9.2e-05
gamma__0_0,0.8454537277920803,0.098540018577818,0.001924578864898768,0.6629763817252856,0.9992913390417089,2842.7826914453963,0.9999511423540921,0.88
s__0_0,0.007983094161493617,0.0008133751114851563,1.586705283921678e-05,0.006469485803024549,0.009572860305658204,2653.4525453323236,1.0005685919709582,0.007721
tau__0_0,0.4402662555237781,0.11455487953508435,0.002606780747921201,0.24936254091349497,0.6757524069113816,2273.5600881655255,1.0022695909553585,0.41
t0__0_0,0.0,0.0,0.0,0.0,0.0,,,
