,mean,sd,mc_error,hpd_2.5,hpd_97.5,n_eff,Rhat,MAP
b,1.0,0.0,0.0,1.0,1.0,,,
p_error,0.05000000819563866,7.450580596923828e-09,1.4901161193847657e-09,0.05000000074505806,0.05000000074505806,1.0007506866324938,0.9997499687421851,
v__0_0,2.0180691816444948e-05,1.536060861726302e-06,3.902667577125089e-08,1.721308680224859e-05,2.3128738435354066e-05,1496.7472508839337,1.0003322478505623,2e-05
gamma__0_0,0.09266036476109034,0.06494890636071639,0.0015216229615098004,5.861276877055187e-05,0.21500311268994432,1840.2108507879489,1.0001713454301653,0.05
s__0_0,0.006568327356184499,0.00037545389825248155,9.081987350623368e-06,0.005778938636560271,0.007271256933206375,1602.5394641161483,1.0001738251024226,0.006685
tau__0_0,1.830976301609094,0.6118719966218771,0.016832210151972556,0.8773846538955216,3.0544238516159288,1271.1534936340317,1.0006581208735599,1.69
t0__0_0,0.0,0.0,0.0,0.0,0.0,,,
