,mean,sd,mc_error,hpd_2.5,hpd_97.5,n_eff,Rhat,MAP
b,1.0,0.0,0.0,1.0,1.0,,,
p_error,0.05000000819563866,7.450580596923828e-09,1.4901161193847657e-09,0.05000000074505806,0.05000000074505806,1.0007506866324938,0.9997499687421851,
v__0_0,7.523835020223172e-05,6.249424580528658e-06,1.4644810443618218e-07,6.280609833013495e-05,8.722396457276991e-05,1466.0687679323182,0.9997619583942148,7.6e-05
gamma__0_0,0.8147322967470756,0.08511810005526825,0.0014431956843855777,0.6615525721003886,0.9831331439972073,2709.7144674638125,0.999905650327519,0.81
s__0_0,0.008708199266607194,0.0008288275841148333,2.0849215806187665e-05,0.0072186624385659984,0.010421180240575374,1348.7683813799208,0.9997882619061055,0.008667
tau__0_0,0.7588143528058711,0.22993441945460855,0.0064117812536767654,0.4133647751323376,1.1642126231066883,1174.6817919290932,0.9998988683902651,0.67
t0__0_0,0.0,0.0,0.0,0.0,0.0,,,
