,mean,sd,mc_error,hpd_2.5,hpd_97.5,n_eff,Rhat,MAP
b,1.0,0.0,0.0,1.0,1.0,,,
p_error,0.05000000819563866,7.450580596923828e-09,1.4901161193847657e-09,0.05000000074505806,0.05000000074505806,1.0007506866324938,0.9997499687421851,
v__0_0,4.951654113956097e-05,3.4748937341229764e-06,8.613835627193211e-08,4.244257519020414e-05,5.6107153629701e-05,1680.8698960720887,0.999766340105314,4.9e-05
gamma__0_0,0.1296183493487773,0.08938286940829245,0.0018213743732863135,1.0818819275106866e-05,0.29967134487779,1969.0635459552911,1.000004167978149,0.08
s__0_0,0.0076686978071033906,0.0005620804954181076,1.337418033764066e-05,0.006574818274418323,0.008760838817844783,1656.1840952408338,1.0001058485326442,0.006978
tau__0_0,0.5260205727584281,0.15287026951687932,0.0037207610822512912,0.29288167782708674,0.8429023745938112,1777.1706085952083,0.9999231554654483,0.48
t0__0_0,0.0,0.0,0.0,0.0,0.0,,,
