,mean,sd,mc_error,hpd_2.5,hpd_97.5,n_eff,Rhat,MAP
b,1.0,0.0,0.0,1.0,1.0,,,
p_error,0.05000000819563866,7.450580596923828e-09,1.4901161193847657e-09,0.05000000074505806,0.05000000074505806,1.0007506866324938,0.9997499687421851,
v__0_0,0.00010665622298514209,5.7577919840225445e-06,1.1053081541391671e-07,9.52545973026284e-05,0.00011767856940315952,2451.871789065908,0.9997621263832052,0.000107
gamma__0_0,0.5192827268771305,0.2531867561513343,0.004955575221008839,0.07875143891181423,0.9697365850149983,2653.700345824551,0.9999216895859674,0.5
s__0_0,0.009112941939708567,0.0007606921046353651,1.3987450284330908e-05,0.007604624073766884,0.010547601780684531,2658.6547590677405,0.9998774032037793,0.008529
tau__0_0,0.3061043907434788,0.0884590032516514,0.00196542397744634,0.1511816509647095,0.4722611892497555,2194.25955723452,1.0001741664759758,0.29
t0__0_0,0.0,0.0,0.0,0.0,0.0,,,
