,mean,sd,mc_error,hpd_2.5,hpd_97.5,n_eff,Rhat,MAP
b,1.0,0.0,0.0,1.0,1.0,,,
p_error,0.05000000819563866,7.450580596923828e-09,1.4901161193847657e-09,0.05000000074505806,0.05000000074505806,1.0007506866324938,0.9997499687421851,
v__0_0,8.967832311363813e-05,6.473078489613324e-06,1.3936550496386055e-07,7.671027242876564e-05,0.00010204206841241272,1800.7831392537987,0.9998292122712535,9.2e-05
gamma__0_0,0.5098421649434601,0.1500657885820301,0.002810565992906466,0.19611136268249332,0.7967920941200859,3383.519452197884,0.9997522191869526,0.55
s__0_0,0.009973713501593613,0.0008098645413373018,1.5225829298065441e-05,0.008491715033037531,0.011671593311530235,2140.180448309097,0.9997514095971909,0.009036
tau__0_0,0.3563926942789631,0.09465039311399787,0.0020512540291717225,0.193555190885407,0.5281168924677628,1980.4652437033008,0.9997784381543731,0.34
t0__0_0,0.0,0.0,0.0,0.0,0.0,,,
