,mean,sd,mc_error,hpd_2.5,hpd_97.5,n_eff,Rhat,MAP
b,1.0,0.0,0.0,1.0,1.0,,,
p_error,0.05000000447034836,3.725290298461914e-09,7.450580596923829e-10,0.05000000074505806,0.05000000074505806,1.0001503703406758,0.9999499987499374,
v__0_0,3.137359480249778e-05,3.3108781200436148e-06,1.0908272608427881e-07,2.5204999673165073e-05,3.80138421212675e-05,817.360690278376,1.0007514396270998,3.2e-05
gamma__0_0,0.7588064731253792,0.1558768634648209,0.0028797367951651684,0.48529325665047884,0.9999691145940091,2368.072610691762,1.0007427640699895,0.74
s__0_0,0.009153419706527105,0.0006722383473650733,1.8773774872357655e-05,0.007912823784664921,0.010506180805129717,1148.7543304856688,1.0012721884467095,0.009392
tau__0_0,1.094414792264639,0.519747783043178,0.016169860348630192,0.43042564430328284,2.0607538321070806,939.9811374254657,1.0017233002275248,0.91
t0__0_0,0.0,0.0,0.0,0.0,0.0,,,
