,mean,sd,mc_error,hpd_2.5,hpd_97.5,n_eff,Rhat,MAP
b,1.0,0.0,0.0,1.0,1.0,,,
p_error,0.05000000819563866,7.450580596923828e-09,1.4901161193847657e-09,0.05000000074505806,0.05000000074505806,1.0007506866324938,0.9997499687421851,
v__0_0,5.3629439487389756e-05,4.028526028801463e-06,1.1364103128991228e-07,4.624655742965042e-05,6.225737128639243e-05,1105.8362974295044,0.99983936040681,5.4e-05
gamma__0_0,0.1406897096956375,0.13073455171440118,0.0029353310952587924,3.222147334816041e-05,0.4031644705007418,1746.7333227262448,1.0000663222015937,0.02
s__0_0,0.00912759680042035,0.0006950860770009303,1.7424013020905322e-05,0.007881925432388037,0.010599336164044501,1344.1147933029947,1.000012032144493,0.008392
tau__0_0,1.3901963457141904,0.4486109044337021,0.010034298797886053,0.6887543445117216,2.2511521349932466,1738.4321749187936,0.999749985308035,1.18
t0__0_0,0.0,0.0,0.0,0.0,0.0,,,
