,mean,sd,mc_error,hpd_2.5,hpd_97.5,n_eff,Rhat,MAP
b,1.0,0.0,0.0,1.0,1.0,,,
p_error,0.05000000819563866,7.450580596923828e-09,1.4901161193847657e-09,0.05000000074505806,0.05000000074505806,1.0007506866324938,0.9997499687421851,
v__0_0,4.147265915679074e-05,2.208999773224886e-06,4.99691166394628e-08,3.722217452437441e-05,4.5588267224009344e-05,1826.133738244151,0.9998615731582721,4.2e-05
gamma__0_0,0.05059103699242195,0.04522670569531393,0.0008293570920967195,1.5211442535680603e-05,0.14211703326563258,2828.215474250803,1.0000799698569587,0.01
s__0_0,0.007140885358107097,0.0004677475479135317,1.0722434277643523e-05,0.006258073894154561,0.008091184486298298,1912.2098780885165,0.999801273776956,0.006953
tau__0_0,1.3499958945895023,0.3528939084079676,0.00836927988880724,0.7533983456903939,2.015579515212814,1509.905970242379,1.0006965429743324,1.3
t0__0_0,0.0,0.0,0.0,0.0,0.0,,,
