,mean,sd,mc_error,hpd_2.5,hpd_97.5,n_eff,Rhat,MAP
b,1.0,0.0,0.0,1.0,1.0,,,
p_error,0.05000000819563866,7.450580596923828e-09,1.4901161193847657e-09,0.05000000074505806,0.05000000074505806,1.0007506866324938,0.9997499687421851,
v__0_0,4.543416289156152e-05,4.203070632537829e-06,1.034123141986027e-07,3.780133106927871e-05,5.393628935917066e-05,1687.064371704377,0.9997591401537178,4.5e-05
gamma__0_0,0.33063461006596107,0.16684862033712608,0.004279355244399597,0.044001944912058506,0.6663054043984928,1488.3644771494444,0.9998483135045735,0.24
s__0_0,0.009623979701100297,0.0007268547739969112,1.6469753696181554e-05,0.008304059857967068,0.011227723779019257,1993.7555986390694,1.0000884854456198,0.009261
tau__0_0,1.3835658531107202,0.7684018817764314,0.021018925756587932,0.4885956280627891,3.123286451759519,1361.6197038455246,0.9998177644798714,0.99
t0__0_0,0.0,0.0,0.0,0.0,0.0,,,
