,mean,sd,mc_error,hpd_2.5,hpd_97.5,n_eff,Rhat,MAP
b,1.0,0.0,0.0,1.0,1.0,,,
p_error,0.05000000819563866,7.450580596923828e-09,1.4901161193847657e-09,0.05000000074505806,0.05000000074505806,1.0007506866324938,0.9997499687421851,
v__0_0,4.6150918414273624e-05,3.244702740760615e-06,8.576822945792223e-08,4.009151670265776e-05,5.261160427054672e-05,1425.016828991286,0.9997624465804255,4.5e-05
gamma__0_0,0.022394176717784126,0.0214567171009234,0.0004044374346474378,7.138039431876249e-06,0.06383902192947438,3023.2152361556773,0.999927933606189,0.01
s__0_0,0.006968740577230169,0.0005131709450429086,1.2388889581551772e-05,0.005997146447113955,0.007992197452845138,1798.644855413221,1.0000086788831901,0.006593
tau__0_0,1.0177412035956872,0.34436958734419554,0.008726300956229425,0.4528871917420446,1.6959580564572847,1463.4031664166755,0.9998944687417671,0.83
t0__0_0,0.0,0.0,0.0,0.0,0.0,,,
