,mean,sd,mc_error,hpd_2.5,hpd_97.5,n_eff,Rhat,MAP
b,1.0,0.0,0.0,1.0,1.0,,,
p_error,0.05000000819563866,7.450580596923828e-09,1.4901161193847657e-09,0.05000000074505806,0.05000000074505806,1.0007506866324938,0.9997499687421851,
v__0_0,6.984815695003493e-05,1.4404176620462202e-06,2.825266228037329e-08,6.711343272985502e-05,7.270457768499214e-05,2548.461670827582,1.0009903932356934,7e-05
gamma__0_0,0.22719920994041273,0.06815909911829594,0.0012782612124956423,0.0947652893149679,0.3611895708385288,2667.4367249488923,1.0003822204403587,0.21
s__0_0,0.010969063965068124,0.00020715596056415905,3.658825969564385e-06,0.010571412358161439,0.011393947397517602,3274.218944544114,0.9999727968032037,0.010836
tau__0_0,0.5323547679271519,0.044492534776165785,0.000900846844318259,0.4460858555826084,0.6183869444753166,2615.72993759733,1.001498137109887,0.53
t0__0_0,0.0,0.0,0.0,0.0,0.0,,,
