,mean,sd,mc_error,hpd_2.5,hpd_97.5,n_eff,Rhat,MAP
b,1.0,0.0,0.0,1.0,1.0,,,
p_error,0.05000000819563866,7.450580596923828e-09,1.4901161193847657e-09,0.05000000074505806,0.05000000074505806,1.0007506866324938,0.9997499687421851,
v__0_0,0.00011890327100402465,5.672098874300952e-06,1.1462372114716863e-07,0.00010769688076143794,0.00012957763255929398,2188.62714646601,1.0011181576717902,0.00012
gamma__0_0,0.21732340196519306,0.0921509561890258,0.002172805055352831,0.04463678691569633,0.3979450455356295,1954.9821455615072,0.9998443532896276,0.2
s__0_0,0.008381779541564214,0.0006601236588648471,1.4018107544009958e-05,0.007116007915813692,0.009681478124489258,2330.0451626656586,1.000570156044589,0.008608
tau__0_0,0.37221772771532297,0.07049711603122358,0.001530070433612738,0.24623605042931843,0.5118956182300323,1983.4394006055036,1.0010721373944778,0.33
t0__0_0,0.0,0.0,0.0,0.0,0.0,,,
