,mean,sd,mc_error,hpd_2.5,hpd_97.5,n_eff,Rhat,MAP
b,1.0,0.0,0.0,1.0,1.0,,,
p_error,0.05000000819563866,7.450580596923828e-09,1.4901161193847657e-09,0.05000000074505806,0.05000000074505806,1.0007506866324938,0.9997499687421851,
v__0_0,5.457057085658796e-05,3.5871586854472267e-06,7.184029466955544e-08,4.766233737291866e-05,6.18755483528654e-05,2395.682705339332,1.000097477272053,5.4e-05
gamma__0_0,0.0738664010818901,0.0685228490023421,0.001155259352189081,4.00355377885792e-05,0.21551318977476988,3698.1474689311144,0.9997763502019665,0.01
s__0_0,0.009525447003009287,0.0006719281346601588,1.3674766839929636e-05,0.008247416171550859,0.010876872185095853,2291.791584270808,0.9997807563844316,0.009259
tau__0_0,1.0535781402913218,0.29964279542205313,0.006401079981662648,0.5577396551970695,1.6429034965495348,2364.897144116797,1.0001802728517357,0.94
t0__0_0,0.0,0.0,0.0,0.0,0.0,,,
