,mean,sd,mc_error,hpd_2.5,hpd_97.5,n_eff,Rhat,MAP
b,1.0,0.0,0.0,1.0,1.0,,,
p_error,0.05000000819563866,7.450580596923828e-09,1.4901161193847657e-09,0.05000000074505806,0.05000000074505806,1.0007506866324938,0.9997499687421851,
v__0_0,6.095518894107056e-05,1.6402993656249076e-06,3.540861365896236e-08,5.776357051092836e-05,6.413154523133709e-05,2190.346583344381,1.0007963839334781,6.1e-05
gamma__0_0,0.06723292285139174,0.04231950890585771,0.0008193216906907093,0.0003332678304004279,0.1448888926041825,3244.2940986547983,0.9997916846671235,0.04
s__0_0,0.014356035797741147,0.0002452483021734904,4.8165151187487606e-06,0.013893148918624351,0.014843628870672558,2698.417752293547,1.001263718621246,0.014368
tau__0_0,0.797463053383878,0.08905012047834303,0.0018824246397376693,0.6421014203067625,0.9853406201764108,2328.993579472169,1.0001065472156707,0.76
t0__0_0,0.0,0.0,0.0,0.0,0.0,,,
