,mean,sd,mc_error,hpd_2.5,hpd_97.5,n_eff,Rhat,MAP
b,1.0,0.0,0.0,1.0,1.0,,,
p_error,0.05000000819563866,7.450580596923828e-09,1.4901161193847657e-09,0.05000000074505806,0.05000000074505806,1.0007506866324938,0.9997499687421851,
v__0_0,5.6163713474441654e-05,3.6120801065398867e-06,6.88729187667567e-08,4.900016979101751e-05,6.346501629565175e-05,2161.5953418132676,1.0005168243927087,5.7e-05
gamma__0_0,0.05024855746801225,0.04731538175068711,0.0007265485171994176,4.494165228457617e-05,0.14507659802749714,3531.2225643339325,1.0002508561322174,0.01
s__0_0,0.01014444426165427,0.0006223532352815262,1.284202056646121e-05,0.008947871308133123,0.011390441945515122,2311.6968905046647,1.0010780684988987,0.010001
tau__0_0,0.9062341457252887,0.22046106743442562,0.004308283150306533,0.524845954991208,1.3212340374662137,2006.691398958467,1.0002440781901478,0.77
t0__0_0,0.0,0.0,0.0,0.0,0.0,,,
