,mean,sd,mc_error,hpd_2.5,hpd_97.5,n_eff,Rhat,MAP
b,1.0,0.0,0.0,1.0,1.0,,,
p_error,0.05000000819563866,7.450580596923828e-09,1.4901161193847657e-09,0.05000000074505806,0.05000000074505806,1.0007506866324938,0.9997499687421851,
v__0_0,8.9465614036774e-05,7.231525055719919e-06,1.7028851069862125e-07,7.567409653159615e-05,0.00010405926701344338,1739.9389551174388,1.0041770995103478,9.2e-05
gamma__0_0,0.25555718578646536,0.20273185631804888,0.0037745219004122615,1.8884052419097126e-05,0.6812853153066784,2704.0751684999445,0.9997806225230811,0.07
s__0_0,0.009108902553958263,0.0008059776392820942,1.7551341545146042e-05,0.007596729267060046,0.010739811221960473,1844.5744723120065,1.003005210210736,0.008837
tau__0_0,0.5276889132940998,0.20324036623439468,0.004529418971128121,0.24060467587237366,0.9062748101365748,1700.3560330255973,1.0033908509732874,0.42
t0__0_0,0.0,0.0,0.0,0.0,0.0,,,
