,mean,sd,mc_error,hpd_2.5,hpd_97.5,n_eff,Rhat,MAP
b,1.0,0.0,0.0,1.0,1.0,,,
p_error,0.05000000819563866,7.450580596923828e-09,1.4901161193847657e-09,0.05000000074505806,0.05000000074505806,1.0007506866324938,0.9997499687421851,
v__0_0,9.419888921811663e-05,1.0506657478945918e-05,2.5823217248709444e-07,7.23606978333696e-05,0.0001131522469426793,1649.6238980417268,1.00004033705671,9.6e-05
gamma__0_0,1.3488589986100359,1.4997697012381894,0.02924569678415833,-1.6152278736921062,4.433369388732288,2069.3589849658374,0.9999682892037078,1.78
s__0_0,0.00988264938581596,0.0012944796724006671,2.8776319567875407e-05,0.0074171512942083715,0.012380286757510467,1947.8258675108927,1.000391400392403,0.00802
tau__0_0,0.459374323891333,0.2537902902527463,0.005983348644500562,0.15030653850889258,0.9009174211414483,1605.619025663356,0.9999022280727857,0.36
t0__0_0,0.0,0.0,0.0,0.0,0.0,,,
