,mean,sd,mc_error,hpd_2.5,hpd_97.5,n_eff,Rhat,MAP
b,1.0,0.0,0.0,1.0,1.0,,,
p_error,0.05000000819563866,7.450580596923828e-09,1.4901161193847657e-09,0.05000000074505806,0.05000000074505806,1.0007506866324938,0.9997499687421851,
v__0_0,1.7768288861509236e-05,1.1866059902222779e-06,4.1886830183057957e-08,1.5423528020302586e-05,2.0039553678264504e-05,746.7543757947258,1.0015328558497176,1.8e-05
gamma__0_0,44.21338913128203,25.55080393575856,1.0854455455917735,6.222296816434451,91.64124260519358,455.9402084246232,1.0000523700558872,12.9
s__0_0,0.003906858710181051,0.0003904213449004616,1.220568000618036e-05,0.003109883307015162,0.004638644054634564,893.3078925822787,1.001563993268073,0.004183
tau__0_0,0.05539361050164811,0.03947969341926807,0.0024199481274132144,0.011045597050532166,0.1423417810283213,191.02870930229412,0.9997627961400812,0.02
t0__0_0,0.0,0.0,0.0,0.0,0.0,,,
