,mean,sd,mc_error,hpd_2.5,hpd_97.5,n_eff,Rhat,MAP
b,1.0,0.0,0.0,1.0,1.0,,,
p_error,0.05000000819563866,7.450580596923828e-09,1.4901161193847657e-09,0.05000000074505806,0.05000000074505806,1.0007506866324938,0.9997499687421851,
v__0_0,8.34077483098006e-05,6.929033232839763e-06,2.0054732613595286e-07,6.972015051005279e-05,9.674238222634305e-05,1210.5628027702185,0.9997676215040856,8.4e-05
gamma__0_0,14.13551242002786,3.8815872799299767,0.13002413470635338,8.626315878508507,21.0482959330421,737.3243835022355,0.9998026934157533,12.73
s__0_0,0.009236585009429569,0.0010112472229429393,2.4931915275230497e-05,0.007328151519290937,0.011193874844209818,1552.0213813392495,0.9997502147965039,0.0087
tau__0_0,0.7714794999503186,0.6757124021145274,0.024551575299704188,0.11496189091684234,2.06172925712405,736.1812172032925,1.000026374647341,0.43
t0__0_0,0.0,0.0,0.0,0.0,0.0,,,
