,mean,sd,mc_error,hpd_2.5,hpd_97.5,n_eff,Rhat,MAP
b,1.0,0.0,0.0,1.0,1.0,,,
p_error,0.05000000819563866,7.450580596923828e-09,1.4901161193847657e-09,0.05000000074505806,0.05000000074505806,1.0007506866324938,0.9997499687421851,
v__0_0,5.7468720591250175e-05,6.17298054832941e-06,1.5511318502177404e-07,4.4104347805631135e-05,6.837040948275589e-05,1235.5320929950194,0.9998498355544401,5.9e-05
gamma__0_0,-1.9599909542227218,1.082851684927877,0.029089517606050386,-3.9688817893599406,0.5601410412207741,1140.6374942355017,1.0010460224164492,-1.97
s__0_0,0.009643071324182866,0.0011502221827180588,2.482021937244942e-05,0.007565892184101414,0.01197190879986781,1644.4894494775126,0.9998103096494328,0.009719
tau__0_0,2.03868638435188,1.0616140866790014,0.02970339950836845,0.5927865296168376,4.394224487221431,1155.9242729114676,1.0037249316050691,1.67
t0__0_0,0.0,0.0,0.0,0.0,0.0,,,
