,mean,sd,mc_error,hpd_2.5,hpd_97.5,n_eff,Rhat,MAP
b,1.0,0.0,0.0,1.0,1.0,,,
p_error,0.05000000819563866,7.450580596923828e-09,1.4901161193847657e-09,0.05000000074505806,0.05000000074505806,1.0007506866324938,0.9997499687421851,
v__0_0,2.0698775304187933e-05,2.1469957349759958e-06,6.191378827384327e-08,1.6634790611963586e-05,2.4898571924903894e-05,1262.9614891612441,1.0006816525305988,2.1e-05
gamma__0_0,50.25702064519079,22.74391534050812,0.7398978858294198,16.687240627248528,94.74697509783078,909.4251184959097,1.0003130781154477,25.69
s__0_0,0.006155064054718782,0.0005253963324355061,1.536721610126141e-05,0.005148455947006216,0.007158777308115257,1167.170536265839,1.0003836785706741,0.005898
tau__0_0,0.17364064926646194,0.10417619544591815,0.0035179485368405086,0.043713987248916106,0.37192201129483893,891.549853649827,0.9997501724704415,0.13
t0__0_0,0.0,0.0,0.0,0.0,0.0,,,
