,mean,sd,mc_error,hpd_2.5,hpd_97.5,n_eff,Rhat,MAP
b,1.0,0.0,0.0,1.0,1.0,,,
p_error,0.05000000819563866,7.450580596923828e-09,1.4901161193847657e-09,0.05000000074505806,0.05000000074505806,1.0007506866324938,0.9997499687421851,
v__0_0,0.00010059359878910679,3.1270730528531457e-06,6.348787885110037e-08,9.445413080300226e-05,0.00010660661483275902,2289.3432649260753,0.9999118336146602,0.000101
gamma__0_0,10.939123646842832,1.8126725494901583,0.03319816566918923,7.388528292362977,14.426311319122306,2728.9654513654973,1.0001781664594005,10.4
s__0_0,0.012222944221358759,0.0003492594255836678,6.73667729295309e-06,0.011567494332606702,0.01292636327310394,2493.471107889036,1.0006149580967807,0.012105
tau__0_0,0.1281951618638517,0.016159532176325982,0.0003576546382344385,0.0973781290697008,0.15958455021214196,2127.955244946416,0.9997501063861144,0.13
t0__0_0,0.0,0.0,0.0,0.0,0.0,,,
