,mean,sd,mc_error,hpd_2.5,hpd_97.5,n_eff,Rhat,MAP
b,1.0,0.0,0.0,1.0,1.0,,,
p_error,0.05000000447034836,3.725290298461914e-09,7.450580596923829e-10,0.05000000074505806,0.05000000074505806,1.0001503703406758,0.9999499987499374,
v__0_0,2.841635750448434e-05,2.20580575431017e-06,5.453901278466998e-08,2.4137527324191714e-05,3.270162095456649e-05,1295.138988664251,1.0003686386857211,2.8e-05
gamma__0_0,49.444738595226084,22.193375177123038,0.6908020481137795,20.44684720450796,93.36408825873278,811.521905451706,1.0013407818471232,27.6
s__0_0,0.006926832933774051,0.0005553920677048727,1.2056198052649799e-05,0.005863809372807056,0.007990637284921387,1989.7955113869364,1.000339265416372,0.006753
tau__0_0,1.1557734347701742,1.1399014639858123,0.03590162819875962,0.07361386431095193,3.8846135940351063,801.1868279059622,1.0071558013192787,0.27
t0__0_0,0.0,0.0,0.0,0.0,0.0,,,
