,mean,sd,mc_error,hpd_2.5,hpd_97.5,n_eff,Rhat,MAP
b,1.0,0.0,0.0,1.0,1.0,,,
p_error,0.05000000819563866,7.450580596923828e-09,1.4901161193847657e-09,0.05000000074505806,0.05000000074505806,1.0007506866324938,0.9997499687421851,
v__0_0,2.7806447017319788e-05,4.5080046808980446e-06,9.761734740253349e-08,1.9469459967034295e-05,3.692638179475123e-05,1870.4461838974291,0.9997559856234441,2.7e-05
gamma__0_0,1.1509441271923595,2.568480958631459,0.0503613547751357,-3.85959111172491,6.219575354543821,2549.6993948908,1.0000324142482333,0.5
s__0_0,0.009683426656353997,0.0009891664747929162,2.3104393282875515e-05,0.007775171709824567,0.011668211281254868,1984.2461691275112,0.9997884717136404,0.009162
tau__0_0,1.3234551606104727,0.9332955491216168,0.025573033655746497,0.26227721136055326,3.6310219743395584,1311.870406995904,1.0000386681219935,0.77
t0__0_0,0.0,0.0,0.0,0.0,0.0,,,
