,mean,sd,mc_error,hpd_2.5,hpd_97.5,n_eff,Rhat,MAP
b,1.0,0.0,0.0,1.0,1.0,,,
p_error,0.05000000819563866,7.450580596923828e-09,1.4901161193847657e-09,0.05000000074505806,0.05000000074505806,1.0007506866324938,0.9997499687421851,
v__0_0,4.252759410059953e-05,1.8703732393143125e-06,3.358650368634102e-08,3.906092661777754e-05,4.6416817592060566e-05,2542.814285965592,0.9997757598867826,4.2e-05
gamma__0_0,6.8257045006195725,1.3354130107284925,0.023862867933633503,4.338947316802063,9.57355400904656,4311.983159185894,1.0001628511945915,6.96
s__0_0,0.012867673799967762,0.00032027818929136585,5.324041709096662e-06,0.012260099238997586,0.013497696117903022,3254.5601890265207,0.9998498362961387,0.012897
tau__0_0,0.4858704416908577,0.06763415015545911,0.0012195517812920846,0.3685806123113028,0.6316646122037429,2950.7293807101123,0.9998264021409903,0.49
t0__0_0,0.0,0.0,0.0,0.0,0.0,,,
