,mean,sd,mc_error,hpd_2.5,hpd_97.5,n_eff,Rhat,MAP
b,1.0,0.0,0.0,1.0,1.0,,,
p_error,0.05000000819563866,7.450580596923828e-09,1.4901161193847657e-09,0.05000000074505806,0.05000000074505806,1.0007506866324938,0.9997499687421851,
v__0_0,1.8453544033445962e-05,1.629856411259712e-06,4.0058848274194464e-08,1.5151369159757804e-05,2.1534346035281467e-05,1594.7208645407934,1.0003826142948802,1.8e-05
gamma__0_0,11.25314492182624,3.3350111741218473,0.10999073182851256,6.334559949441015,17.86985008589879,891.863566302481,0.9998372797840188,9.53
s__0_0,0.0055270620092669155,0.00047474461468422006,1.0898478420888951e-05,0.004658534352679824,0.006495925060764675,1816.8817445491643,1.000376102205412,0.005055
tau__0_0,1.3884697811970248,0.8017471297588948,0.02462805513356022,0.3536673132093893,3.0850728867717283,910.3689290096513,1.0001120516883315,0.83
t0__0_0,0.0,0.0,0.0,0.0,0.0,,,
