,mean,sd,mc_error,hpd_2.5,hpd_97.5,n_eff,Rhat,MAP
b,1.0,0.0,0.0,1.0,1.0,,,
p_error,0.05000000819563866,7.450580596923828e-09,1.4901161193847657e-09,0.05000000074505806,0.05000000074505806,1.0007506866324938,0.9997499687421851,
v__0_0,3.093709000532622e-05,2.9423835269323336e-06,7.277311294960972e-08,2.492098079418312e-05,3.6207588907964516e-05,1602.202041743696,0.9999433784068619,3.2e-05
gamma__0_0,9.541052538228312,3.9289782335736043,0.1082192444534615,3.126268464549213,16.999340620239224,1298.6385540845793,0.9998593815131379,5.85
s__0_0,0.006606597549328382,0.0006121016945068946,1.4489087646256558e-05,0.00543776258364587,0.007782569867854061,1547.0408186459551,0.9997758471844956,0.006588
tau__0_0,1.264731731595385,0.6648598538172598,0.018161806719018174,0.28763362472777615,2.614006469342968,1276.4853175028122,1.0003444053677584,0.94
t0__0_0,0.0,0.0,0.0,0.0,0.0,,,
