,mean,sd,mc_error,hpd_2.5,hpd_97.5,n_eff,Rhat,MAP
b,1.0,0.0,0.0,1.0,1.0,,,
p_error,0.05000000819563866,7.450580596923828e-09,1.4901161193847657e-09,0.05000000074505806,0.05000000074505806,1.0007506866324938,0.9997499687421851,
v__0_0,1.827157014289261e-05,1.3758257730195855e-06,3.362678719093353e-08,1.5390595307776968e-05,2.091274872431282e-05,1571.5337999766089,0.9999154432801702,1.8e-05
gamma__0_0,61.398916859498634,20.57807437070038,0.6733479426839615,29.097445745152925,99.93561119855124,802.0512519146284,0.9997561544357743,29.12
s__0_0,0.004923421741905591,0.00038859848461272965,9.554724269569634e-06,0.004155200862592608,0.005669141316674675,1528.5339606491946,0.9999815537256885,0.00476
tau__0_0,0.10426760306900437,0.04834646773717144,0.0017209577503207226,0.03521245984576925,0.19926266338088197,729.770244316823,1.0003465727509535,0.07
t0__0_0,0.0,0.0,0.0,0.0,0.0,,,
