,mean,sd,mc_error,hpd_2.5,hpd_97.5,n_eff,Rhat,MAP
b,1.0,0.0,0.0,1.0,1.0,,,
p_error,0.05000000819563866,7.450580596923828e-09,1.4901161193847657e-09,0.05000000074505806,0.05000000074505806,1.0007506866324938,0.9997499687421851,
v__0_0,5.947184651490343e-05,2.352059936103074e-06,4.598963788609328e-08,5.495746481682936e-05,6.407393965842772e-05,2521.180326114716,1.0001528713582863,6e-05
gamma__0_0,7.196455089360419,1.4121655747103674,0.02941161221254418,4.46476646872307,9.980605852680839,2573.4150059716453,0.9997869986331999,6.54
s__0_0,0.01462937409273703,0.00035809297402041533,7.251173449587809e-06,0.01393853468267211,0.015349988771007619,2353.9821692534233,0.9999069224052397,0.014621
tau__0_0,0.4848874309782492,0.0812088422488122,0.001583964946991415,0.34079327031768036,0.6477085076547708,2296.378633909374,0.9998224667609662,0.45
t0__0_0,0.0,0.0,0.0,0.0,0.0,,,
