,mean,sd,mc_error,hpd_2.5,hpd_97.5,n_eff,Rhat,MAP
b,1.0,0.0,0.0,1.0,1.0,,,
p_error,0.05000000819563866,7.450580596923828e-09,1.4901161193847657e-09,0.05000000074505806,0.05000000074505806,1.0007506866324938,0.9997499687421851,
v__0_0,7.880068226620317e-05,2.237774623237383e-06,4.2777924128004304e-08,7.457351033076139e-05,8.340018090131129e-05,2541.8499908237277,0.999871894213375,7.9e-05
gamma__0_0,5.688714284664387,1.0531870240195438,0.019140465220244672,3.671057736008038,7.726354004307723,2805.989135285483,0.9997504137982873,5.11
s__0_0,0.011683427996107262,0.00033081960827764266,6.136619294132135e-06,0.01103532387164307,0.012314959431228623,2843.7436323671595,0.9999741956184853,0.011474
tau__0_0,0.4632681404625323,0.050475534512613565,0.0008698343069583989,0.370554205668055,0.5666881953679893,2786.339413866864,1.000078144638859,0.48
t0__0_0,0.0,0.0,0.0,0.0,0.0,,,
