,mean,sd,mc_error,hpd_2.5,hpd_97.5,n_eff,Rhat,MAP
b,1.0,0.0,0.0,1.0,1.0,,,
p_error,0.05000000819563866,7.450580596923828e-09,1.4901161193847657e-09,0.05000000074505806,0.05000000074505806,1.0007506866324938,0.9997499687421851,
v__0_0,9.700678571981905e-05,1.1875826061966427e-05,3.4144145350868304e-07,7.10378539143076e-05,0.00011689413796352308,975.3215504550802,0.9997906761769294,0.0001
gamma__0_0,4.21299597751901,2.6677691316979137,0.056547238548177635,-0.4410677014503932,9.773036617299908,1699.9501295671882,0.9998654004821794,4.02
s__0_0,0.010092370447747172,0.0011914425233857495,2.9199947739172802e-05,0.007819049913172919,0.012389136384317392,1269.8500317133871,0.9997527916440918,0.009911
tau__0_0,0.48826617381543147,0.5580786307742066,0.022621696029726978,0.0837738378998229,1.418917592792105,520.1510120540445,0.9999237599409913,0.25
t0__0_0,0.0,0.0,0.0,0.0,0.0,,,
