,mean,sd,mc_error,hpd_2.5,hpd_97.5,n_eff,Rhat,MAP
b,1.0,0.0,0.0,1.0,1.0,,,
p_error,0.05000000819563866,7.450580596923828e-09,1.4901161193847657e-09,0.05000000074505806,0.05000000074505806,1.0007506866324938,0.9997499687421851,
v__0_0,3.971101794557444e-05,1.7327259308461713e-06,3.843846086260441e-08,3.6220163184666974e-05,4.296121865791022e-05,1703.0043752500692,0.9998330983141172,4e-05
gamma__0_0,7.911921910578575,2.6318854453202616,0.09999897689857455,3.1263555097870324,11.524181934863194,638.2401531908653,0.9998960818974962,9.54
s__0_0,0.005101353785745763,0.0007168680673874224,2.0317208818280185e-05,0.0038371390765731734,0.006503982846574087,1075.66033477321,1.0007819412201726,0.004599
tau__0_0,2.616432382267707,1.1908473528805248,0.03439831752315019,0.8390359275334259,4.845962578868241,1123.421835883736,1.0015870619226102,1.73
t0__0_0,0.0,0.0,0.0,0.0,0.0,,,
