,mean,sd,mc_error,hpd_2.5,hpd_97.5,n_eff,Rhat,MAP
b,1.0,0.0,0.0,1.0,1.0,,,
p_error,0.05000000819563866,7.450580596923828e-09,1.4901161193847657e-09,0.05000000074505806,0.05000000074505806,1.0007506866324938,0.9997499687421851,
v__0_0,0.00010612385977182273,3.071950889967016e-06,7.030914258409744e-08,0.00010022219960789349,0.00011231841756538218,2062.513226772961,1.0006455178400158,0.000106
gamma__0_0,9.36117237487579,1.0064592187047543,0.017862701558311062,7.484582531901225,11.401809134684356,2764.027431151079,0.9999601202708506,8.69
s__0_0,0.010728896714386075,0.0003329884136531203,6.687960138069743e-06,0.010106998836079083,0.011429586830544779,2410.9647277293584,0.9998078150631059,0.010613
tau__0_0,0.20624611653339275,0.020631370888356173,0.000461399141778122,0.16745814069396733,0.2475045517761966,2035.8938269910705,1.0006179540800015,0.2
t0__0_0,0.0,0.0,0.0,0.0,0.0,,,
