,mean,sd,mc_error,hpd_2.5,hpd_97.5,n_eff,Rhat,MAP
b,1.0,0.0,0.0,1.0,1.0,,,
p_error,0.05000000819563866,7.450580596923828e-09,1.4901161193847657e-09,0.05000000074505806,0.05000000074505806,1.0007506866324938,0.9997499687421851,
v__0_0,9.489752795940147e-05,9.798554810581781e-06,2.992314185365559e-07,7.72732010117984e-05,0.00011471699638368781,1093.845643131318,1.0000442824688698,9.7e-05
gamma__0_0,-0.5710155800389709,1.2606078502290632,0.03258080455552181,-3.130798307595583,1.6827663801690846,1477.3272796981632,1.001162472883059,-0.32
s__0_0,0.007965627616302028,0.0013890585989062584,4.709849147397601e-05,0.005224230654357431,0.010440574544123784,660.7238175554434,1.0000242622410518,0.005108
tau__0_0,0.44202250433506207,0.25433782134261507,0.00825337410409128,0.1538760712075711,0.8415661792277056,898.8461104192721,1.0000647556025501,0.27
t0__0_0,0.0,0.0,0.0,0.0,0.0,,,
