,mean,sd,mc_error,hpd_2.5,hpd_97.5,n_eff,Rhat,MAP
b,1.0,0.0,0.0,1.0,1.0,,,
p_error,0.05000000819563866,7.450580596923828e-09,1.4901161193847657e-09,0.05000000074505806,0.05000000074505806,1.0007506866324938,0.9997499687421851,
v__0_0,1.915563215645663e-05,1.458629297758087e-06,3.591530649503882e-08,1.619357888404144e-05,2.1919700088623203e-05,1540.715658734915,1.0002812771820095,1.9e-05
gamma__0_0,18.698443424440768,4.735685324276994,0.15255767988584698,11.170991338006957,27.767203115770613,899.0598241571964,1.0019270208863396,20.43
s__0_0,0.004781668956825761,0.00038482449388212804,9.546750312974505e-06,0.00406419962813232,0.005550503493842227,1510.180220140117,0.9999480680268927,0.004725
tau__0_0,0.6907801917626937,0.5180114052358438,0.01969414178190088,0.17233316832331624,1.341775547445576,625.2266760339012,1.0003007095491587,0.52
t0__0_0,0.0,0.0,0.0,0.0,0.0,,,
