,mean,sd,mc_error,hpd_2.5,hpd_97.5,n_eff,Rhat,MAP
b,1.0,0.0,0.0,1.0,1.0,,,
p_error,0.05000000819563866,7.450580596923828e-09,1.4901161193847657e-09,0.05000000074505806,0.05000000074505806,1.0007506866324938,0.9997499687421851,
v__0_0,6.718959575704897e-05,6.5675599300191156e-06,1.4183325307208077e-07,5.415911730273669e-05,7.990777079018476e-05,2054.282125868046,0.9997571429783927,6.9e-05
gamma__0_0,3.808812144294985,1.744722148088469,0.035802411645650914,0.6328236650837198,7.246372743417552,2052.191534128753,0.9997582582233047,4.12
s__0_0,0.008023495898132886,0.0009532811093465777,1.834760542401529e-05,0.006216671783014039,0.009921932001680605,2495.9142882111028,1.0001371669831711,0.007992
tau__0_0,0.6744882960290253,0.3099177723669145,0.006909273709722252,0.2186163855721714,1.2403765934968458,1611.2868114187868,0.9999617880676126,0.53
t0__0_0,0.0,0.0,0.0,0.0,0.0,,,
