,mean,sd,mc_error,hpd_2.5,hpd_97.5,n_eff,Rhat,MAP
b,1.0,0.0,0.0,1.0,1.0,,,
p_error,0.05000000819563866,7.450580596923828e-09,1.4901161193847657e-09,0.05000000074505806,0.05000000074505806,1.0007506866324938,0.9997499687421851,
v__0_0,4.4774614481766355e-05,5.823244513216684e-06,1.712118783361848e-07,3.5076154330933315e-05,5.6563791949662763e-05,992.4567799580648,1.002343546296038,4.2e-05
gamma__0_0,12.936655454962139,4.156477252723067,0.11398511869407549,5.401833378412377,20.779022756402554,1189.9009373499732,1.000706726762627,11.6
s__0_0,0.0076502779179600895,0.0008089731247707178,2.252285681718952e-05,0.006038574024738416,0.009151281216320317,1124.9463235112412,1.0026855808452135,0.007602
tau__0_0,0.6233842273664414,0.40282213826658636,0.011728707896295744,0.13597707921347685,1.479990409586107,1148.2081374128247,1.0027517689203558,0.32
t0__0_0,0.0,0.0,0.0,0.0,0.0,,,
