,mean,sd,mc_error,hpd_2.5,hpd_97.5,n_eff,Rhat,MAP
b,1.0,0.0,0.0,1.0,1.0,,,
p_error,0.05000000819563866,7.450580596923828e-09,1.4901161193847657e-09,0.05000000074505806,0.05000000074505806,1.0007506866324938,0.9997499687421851,
v__0_0,5.6089484304133714e-05,7.367040805286716e-06,2.7212632625434367e-07,4.3282021767871336e-05,7.119591963899736e-05,628.8842258938242,1.0061976069355236,5.1e-05
gamma__0_0,5.870206634491236,2.9292231924507526,0.09208738160945679,0.6909961339739255,11.31029792109615,987.3547177191172,1.0055478731795517,7.85
s__0_0,0.010368371157457581,0.001037183791161738,3.721612584127862e-05,0.008398648549265806,0.012311576751992655,655.1524067113216,1.0045460666673967,0.009324
tau__0_0,1.447534758220032,1.0785099780171288,0.0395771629482281,0.3296018284966596,4.113253166706096,615.0421228510393,1.0018028735111781,0.65
t0__0_0,0.0,0.0,0.0,0.0,0.0,,,
