,mean,sd,mc_error,hpd_2.5,hpd_97.5,n_eff,Rhat,MAP
b,1.0,0.0,0.0,1.0,1.0,,,
p_error,0.05000000819563866,7.450580596923828e-09,1.4901161193847657e-09,0.05000000074505806,0.05000000074505806,1.0007506866324938,0.9997499687421851,
v__0_0,7.653139016047376e-05,8.767431380583089e-06,2.2098614397336265e-07,5.922895424703169e-05,9.375696521690608e-05,1480.0151034431385,0.9997562170644694,7.8e-05
gamma__0_0,4.623998799012758,1.7522373954861628,0.03761560932974488,1.4057545632101665,7.935506165096953,1860.5946921702778,1.000375659600213,3.68
s__0_0,0.010899201695702746,0.0012477587960034685,3.140605721102597e-05,0.00855534670013213,0.013318889396524562,1545.2577644339744,1.0019164869633146,0.009765
tau__0_0,0.8015877303149108,0.4861721976971894,0.018306398699040476,0.24598138372653597,1.6536594740718888,724.9391528340265,0.9999377818797768,0.54
t0__0_0,0.0,0.0,0.0,0.0,0.0,,,
