,mean,sd,mc_error,hpd_2.5,hpd_97.5,n_eff,Rhat,MAP
b,1.0,0.0,0.0,1.0,1.0,,,
p_error,0.05000000819563866,7.450580596923828e-09,1.4901161193847657e-09,0.05000000074505806,0.05000000074505806,1.0007506866324938,0.9997499687421851,
v__0_0,6.251328182927508e-05,4.763914379239962e-06,9.920752769605102e-08,5.2498623897965535e-05,7.132303681260806e-05,2261.5491624064407,0.9998943816707635,6.3e-05
gamma__0_0,4.217666737556081,1.828007462898135,0.032555767546975346,0.5695475519504214,7.731720483512916,2961.6485340506083,0.9997956425497054,4.52
s__0_0,0.007318722868665269,0.0007464206049828487,1.5077874846200731e-05,0.005797032777562298,0.008691897405715037,2299.9736077765388,0.9997583681129537,0.006788
tau__0_0,0.43601251676268965,0.1229466656787273,0.0028672526082124112,0.24877685511980369,0.6870335581720837,1852.7631920209196,0.999751262537517,0.38
t0__0_0,0.0,0.0,0.0,0.0,0.0,,,
