,mean,sd,mc_error,hpd_2.5,hpd_97.5,n_eff,Rhat,MAP
b,1.0,0.0,0.0,1.0,1.0,,,
p_error,0.05000000819563866,7.450580596923828e-09,1.4901161193847657e-09,0.05000000074505806,0.05000000074505806,1.0007506866324938,0.9997499687421851,
v__0_0,9.221678775001409e-05,5.722075866642136e-06,1.4855346862248935e-07,8.010133464259838e-05,0.00010261906741101529,1266.1681138654508,0.9998353190174444,9.4e-05
gamma__0_0,19.316767179271796,5.009319262695916,0.1512658046441019,11.027824031435472,29.093414114707286,1098.9296169920665,0.9998902457876965,16.21
s__0_0,0.006924320805594664,0.0007491788398051516,1.8616843168688545e-05,0.0054448565168971706,0.008321106409660389,1474.8131723995937,1.0004626408056758,0.006622
tau__0_0,0.18913438011064798,0.07344997500204452,0.002357040781171792,0.08485874201493326,0.32071162800507036,919.1457004477834,0.9998712714247469,0.17
t0__0_0,0.0,0.0,0.0,0.0,0.0,,,
