,mean,sd,mc_error,hpd_2.5,hpd_97.5,n_eff,Rhat,MAP
b,1.0,0.0,0.0,1.0,1.0,,,
p_error,0.05000000819563866,7.450580596923828e-09,1.4901161193847657e-09,0.05000000074505806,0.05000000074505806,1.0007506866324938,0.9997499687421851,
v__0_0,5.069063623936546e-05,1.5047354179701037e-06,2.9552178009125194e-08,4.784724913387711e-05,5.364159128872474e-05,2787.9700479876306,1.0000747943534711,5.1e-05
gamma__0_0,19.061268317005858,2.851293346935187,0.056297276949265396,13.797782311074243,24.654210147509076,2431.691718136129,0.9997616306243343,16.81
s__0_0,0.009503284483899968,0.00024762095066490524,4.164074531859775e-06,0.009014534727882302,0.009966275599960817,2887.1730384353195,1.0002586781424405,0.009312
tau__0_0,0.1560404476218041,0.01991397933221224,0.00040191914120394755,0.11879460316314717,0.19694335691103393,2639.380064558349,0.9999399102447489,0.15
t0__0_0,0.0,0.0,0.0,0.0,0.0,,,
