,mean,sd,mc_error,hpd_2.5,hpd_97.5,n_eff,Rhat,MAP
b,1.0,0.0,0.0,1.0,1.0,,,
p_error,0.05000000819563866,7.450580596923828e-09,1.4901161193847657e-09,0.05000000074505806,0.05000000074505806,1.0007506866324938,0.9997499687421851,
v__0_0,3.169987386487305e-05,4.1688453029220775e-06,9.207179621320471e-08,2.380460020117338e-05,4.002787532057519e-05,2027.837974497438,1.0000563357174002,3.1e-05
gamma__0_0,4.260603081459966,2.2266190256780387,0.10433112850426288,-1.897201857056956,7.137068063248165,277.0157666926141,1.001521390420759,4.7
s__0_0,0.01001465647444591,0.0008203274817990302,1.4617593215126681e-05,0.008469024402946744,0.011673264654429834,2919.200954836773,0.9997536263297044,0.009956
tau__0_0,3.0418200337145707,1.228150178534498,0.03655876687563127,0.9609299305730958,4.999921543887015,938.7712078885388,1.0010607716339937,3.33
t0__0_0,0.0,0.0,0.0,0.0,0.0,,,
