,mean,sd,mc_error,hpd_2.5,hpd_97.5,n_eff,Rhat,MAP
b,1.0,0.0,0.0,1.0,1.0,,,
p_error,0.05000000819563866,7.450580596923828e-09,1.4901161193847657e-09,0.05000000074505806,0.05000000074505806,1.0007506866324938,0.9997499687421851,
v__0_0,3.740035672568302e-05,2.412969421645469e-06,5.251817057218187e-08,3.2532608816311865e-05,4.199733868227932e-05,2095.8094243509368,0.999814744573013,3.8e-05
gamma__0_0,6.0637312651447575,2.0992098013904434,0.053348778408137634,2.199480213368844,10.180512874452091,1648.285150971737,0.9999403062955772,5.05
s__0_0,0.005521623467195805,0.0004780185335747161,9.452471291077396e-06,0.00461058428976428,0.00647132712318088,2371.8192818976163,0.9997731002260288,0.005103
tau__0_0,0.536878770169683,0.15737591816555033,0.0034294828762572076,0.2526094484571916,0.8511797741314758,1861.9577013979278,0.9997742920626943,0.5
t0__0_0,0.0,0.0,0.0,0.0,0.0,,,
