,mean,sd,mc_error,hpd_2.5,hpd_97.5,n_eff,Rhat,MAP
b,1.0,0.0,0.0,1.0,1.0,,,
p_error,0.05000000819563866,7.450580596923828e-09,1.4901161193847657e-09,0.05000000074505806,0.05000000074505806,1.0007506866324938,0.9997499687421851,
v__0_0,0.00010785872512197772,2.579847840043583e-06,5.500972844159699e-08,0.00010283403718861354,0.00011293943061181615,2332.272169641072,1.000128465223207,0.000108
gamma__0_0,11.002794692786251,2.6104765867051443,0.053630724354614565,6.353928825381814,16.452848956296307,1974.1627498433277,1.000527535195354,10.73
s__0_0,0.008983949346202438,0.0003131748791827057,6.880093266219882e-06,0.008387542681833516,0.009633869184773342,2365.10669010832,1.0000305589454719,0.00894
tau__0_0,0.0577726968362535,0.007791806355613661,0.0001710200205363693,0.04306501601795632,0.07318808928896556,2036.2760859867897,1.0008950453716567,0.06
t0__0_0,0.0,0.0,0.0,0.0,0.0,,,
