,mean,sd,mc_error,hpd_2.5,hpd_97.5,n_eff,Rhat,MAP
b,1.0,0.0,0.0,1.0,1.0,,,
p_error,0.05000000819563866,7.450580596923828e-09,1.4901161193847657e-09,0.05000000074505806,0.05000000074505806,1.0007506866324938,0.9997499687421851,
v__0_0,1.757214002079998e-05,1.3005166012670276e-06,4.740402557404738e-08,1.514708506380563e-05,2.00768682859571e-05,674.967894467436,1.0030951863855995,1.7e-05
gamma__0_0,50.54094632456428,22.58134488154748,0.8608262787996008,14.033273799102602,92.74826532310394,660.9499860512573,1.0014821056600711,14.05
s__0_0,0.0052787842200061165,0.0003845182640778904,1.1391580789477975e-05,0.0045252914211122396,0.005997500317021129,934.0555362236097,1.0053649426602043,0.005025
tau__0_0,0.3276434999935845,0.29283470279652335,0.01751300010956968,0.0642248009746316,0.739807692499707,212.25252564165586,1.000560981195612,0.2
t0__0_0,0.0,0.0,0.0,0.0,0.0,,,
