,mean,sd,mc_error,hpd_2.5,hpd_97.5,n_eff,Rhat,MAP
b,1.0,0.0,0.0,1.0,1.0,,,
p_error,0.05000000819563866,7.450580596923828e-09,1.4901161193847657e-09,0.05000000074505806,0.05000000074505806,1.0007506866324938,0.9997499687421851,
v__0_0,7.731233694918426e-05,9.74119488797057e-06,2.2811421029871267e-07,5.820099407116549e-05,9.540442299332504e-05,1824.7257414875444,0.9997689316253209,7.9e-05
gamma__0_0,1.494023755360161,2.437982791405456,0.05615463608316716,-2.7498686248698903,6.336559771702781,1591.3263714073234,0.9997945968477885,0.43
s__0_0,0.010541616726906781,0.0012544098989076351,2.834117802114597e-05,0.008346534135491662,0.013125664639728817,1949.9828034274767,0.9997642324922099,0.010324
tau__0_0,0.4083376383879976,0.23019495338238596,0.005523021259763076,0.12193435648352605,0.8340879414626521,1703.6233033600358,0.9997873441858833,0.3
t0__0_0,0.0,0.0,0.0,0.0,0.0,,,
