,mean,sd,mc_error,hpd_2.5,hpd_97.5,n_eff,Rhat,MAP
b,1.0,0.0,0.0,1.0,1.0,,,
p_error,0.05000000447034836,3.725290298461914e-09,7.450580596923829e-10,0.05000000074505806,0.05000000074505806,1.0001503703406758,0.9999499987499374,
v__0_0,0.00013313185615563742,5.417016259405521e-06,1.3919960356383422e-07,0.00012314176942696252,0.00014422767946021802,1309.8718555349255,0.9999707252161028,0.000132
gamma__0_0,9.654462249983277,17.172737818645967,0.5640205394465898,-9.857227278071008,54.21981037061809,952.1205416857232,1.0048913274301963,6.13
s__0_0,0.006153341742005056,0.0006376820240387201,1.6607134962562937e-05,0.005111998185839009,0.007598565424373722,1372.4951004246475,0.9999662710746271,0.005889
tau__0_0,0.04817131231580066,0.031156886215846474,0.0012240208142556429,5.6334894469012225e-05,0.1027373731520031,477.26072594124105,1.004762627189241,0.01
t0__0_0,0.0,0.0,0.0,0.0,0.0,,,
