,mean,sd,mc_error,hpd_2.5,hpd_97.5,n_eff,Rhat,MAP
b,1.0,0.0,0.0,1.0,1.0,,,
p_error,0.05000000447034836,3.725290298461914e-09,7.450580596923829e-10,0.05000000074505806,0.05000000074505806,1.0001503703406758,0.9999499987499374,
v__0_0,0.0001072288129579822,2.17394593007571e-05,2.103868062825081e-06,7.438366254032078e-05,0.00013275490365098258,1.6315018080485502,1.8332291212254304,8e-05
gamma__0_0,38.74676238952433,26.323110426518237,2.0718994887676874,6.658554980500227,92.60116701064601,3.5333536166221893,1.2909045881946306,17.36
s__0_0,0.006377919234965913,0.0009436704550430157,4.686260798578536e-05,0.00475593663305495,0.008335508700545903,16.96421549546961,1.0709439115726023,0.005751
tau__0_0,1.0363042375151081,1.499570365435822,0.13046825875764875,0.0125702701324222,4.408164674115202,2.02630658597313,1.5460189954708548,0.07
t0__0_0,0.0,0.0,0.0,0.0,0.0,,,
