,mean,sd,mc_error,hpd_2.5,hpd_97.5,n_eff,Rhat,MAP
b,1.0,0.0,0.0,1.0,1.0,,,
p_error,0.05000000819563866,7.450580596923828e-09,1.4901161193847657e-09,0.05000000074505806,0.05000000074505806,1.0007506866324938,0.9997499687421851,
v__0_0,4.6938951676029936e-05,7.565410587428342e-06,2.938919439390617e-07,3.4042008128238436e-05,6.259948218895451e-05,600.9795914154356,1.001092330307466,4.3e-05
gamma__0_0,54.8531745573606,23.40385793057449,0.8901840004271844,17.135877913829006,98.3947713648796,581.4592456825396,1.0040753386403702,34.28
s__0_0,0.009976527497020328,0.0011797432667273425,4.5152934584801365e-05,0.007556158415757358,0.012231378952434325,623.3130583352884,0.99988963770507,0.009034
tau__0_0,0.8785967442893676,1.0757290209354726,0.05041353731075795,0.010377782873188239,3.2565609598865746,385.2180967041972,1.0015015377673373,0.12
t0__0_0,0.0,0.0,0.0,0.0,0.0,,,
