,mean,sd,mc_error,hpd_2.5,hpd_97.5,n_eff,Rhat,MAP
b,1.0,0.0,0.0,1.0,1.0,,,
p_error,0.05000000819563866,7.450580596923828e-09,1.4901161193847657e-09,0.05000000074505806,0.05000000074505806,1.0007506866324938,0.9997499687421851,
v__0_0,4.155290237261311e-05,3.104564508807171e-06,7.232052520723734e-08,3.551636508027951e-05,4.764718621335119e-05,1715.488393174343,0.9999858621747802,4.1e-05
gamma__0_0,17.050030000769635,4.127460959196014,0.08000137081567611,8.642504256694266,24.832187750332423,2468.9389486678274,0.9997629483455227,16.62
s__0_0,0.007615928183053035,0.0007162078285506605,1.501180461392386e-05,0.006260419945133582,0.009036532105084837,2633.968315984088,0.9999638427343294,0.00742
tau__0_0,0.9860480547426044,0.7452240278987636,0.035841812936585025,0.2616448125419066,2.3866857592951423,274.8142656269553,1.0009192536422356,0.63
t0__0_0,0.0,0.0,0.0,0.0,0.0,,,
