,mean,sd,mc_error,hpd_2.5,hpd_97.5,n_eff,Rhat,MAP
b,1.0,0.0,0.0,1.0,1.0,,,
p_error,0.05000000819563866,7.450580596923828e-09,1.4901161193847657e-09,0.05000000074505806,0.05000000074505806,1.0007506866324938,0.9997499687421851,
v__0_0,6.97367556719606e-05,2.1629201901315275e-06,4.221929791384997e-08,6.54336965079751e-05,7.388860616422157e-05,2287.8624312709326,0.999753055609627,7e-05
gamma__0_0,5.949170707953572,1.0519325707587899,0.01895955698016232,3.8570575899206148,7.893913241346468,2853.0187588018557,0.9999060335700373,5.38
s__0_0,0.01107134292143227,0.0002959906337086529,5.184924727944776e-06,0.010489657537428924,0.01165060076937002,2743.717238308558,0.9999709262732878,0.011064
tau__0_0,0.34632423685789143,0.040800001618977656,0.0008050044579860534,0.27291578577184955,0.4281994266362809,2393.504216834348,0.999794094447707,0.34
t0__0_0,0.0,0.0,0.0,0.0,0.0,,,
