,mean,sd,mc_error,hpd_2.5,hpd_97.5,n_eff,Rhat,MAP
b,1.0,0.0,0.0,1.0,1.0,,,
p_error,0.05000000819563866,7.450580596923828e-09,1.4901161193847657e-09,0.05000000074505806,0.05000000074505806,1.0007506866324938,0.9997499687421851,
v__0_0,3.373712275985491e-05,3.0138921117896722e-06,1.0968221358220408e-07,2.7694583306934373e-05,3.938830107195465e-05,704.6446880833972,1.0026722722221997,3.4e-05
gamma__0_0,9.970294561821614,5.181881850643055,0.1670252619833489,2.7263652472469886,18.93054677826393,676.4946818046948,1.0002008338871,6.95
s__0_0,0.006606462284980064,0.0005914413334407999,1.9801425094910823e-05,0.005550752248500181,0.007801903980214814,775.4738285243418,1.0058574709961208,0.006716
tau__0_0,0.39159053829825724,0.20101710618505936,0.006231411264160193,0.1182388732072656,0.7288870388474018,852.4716044924401,1.00144443911682,0.31
t0__0_0,0.0,0.0,0.0,0.0,0.0,,,
