,mean,sd,mc_error,hpd_2.5,hpd_97.5,n_eff,Rhat,MAP
b,1.0,0.0,0.0,1.0,1.0,,,
p_error,0.05000000819563866,7.450580596923828e-09,1.4901161193847657e-09,0.05000000074505806,0.05000000074505806,1.0007506866324938,0.9997499687421851,
v__0_0,0.0001411200136199689,3.5934934961745397e-06,7.841864754157495e-08,0.0001338464195583937,0.00014794853230287107,2514.572381658608,0.9998509680202573,0.000142
gamma__0_0,10.174448187716335,1.519408855865502,0.02850106644499349,7.435808520854479,13.221717416774268,2408.369132590233,0.9997627760531653,10.63
s__0_0,0.01195138338212874,0.00036014457348952276,6.9973171955044095e-06,0.011249280252202305,0.012644712015697826,2495.432308835855,0.9997544057425032,0.011974
tau__0_0,0.10443965864208438,0.012900737562236595,0.00028301896263670516,0.08095591404856156,0.1314987792775438,2149.027499715083,0.9997921484897926,0.1
t0__0_0,0.0,0.0,0.0,0.0,0.0,,,
