,mean,sd,mc_error,hpd_2.5,hpd_97.5,n_eff,Rhat,MAP
b,1.0,0.0,0.0,1.0,1.0,,,
p_error,0.05000000447034836,3.725290298461914e-09,7.450580596923829e-10,0.05000000074505806,0.05000000074505806,1.0001503703406758,0.9999499987499374,
v__0_0,0.00010905252129086394,1.8239602352175936e-05,1.6350641837131164e-06,8.635807114943987e-05,0.00014107865629838342,21.076148653124037,1.0747579771747187,9.3e-05
gamma__0_0,2.671977974842253,0.7908270551774172,0.03951148246449982,1.0263871021878685,4.056838915439059,109.47622135185193,1.0210391406543884,2.78
s__0_0,0.007213255175643051,0.0009407520257680606,4.2062018180577274e-05,0.005544156218128607,0.009160273423650172,138.4805301643858,1.0237250328642162,0.007062
tau__0_0,1.9812430468925983,1.667228735825715,0.14240503420309394,0.1486088057971558,4.717943831626083,23.93609603524598,1.0500306942707847,0.33
t0__0_0,0.0,0.0,0.0,0.0,0.0,,,
