,mean,sd,mc_error,hpd_2.5,hpd_97.5,n_eff,Rhat,MAP
b,1.0,0.0,0.0,1.0,1.0,,,
p_error,0.05000000819563866,7.450580596923828e-09,1.4901161193847657e-09,0.05000000074505806,0.05000000074505806,1.0007506866324938,0.9997499687421851,
v__0_0,4.3799354947936784e-05,7.1439247425556e-06,2.004715152234595e-07,3.1116333085646675e-05,5.780913270776814e-05,1204.8928187216723,1.0001442030974808,4.2e-05
gamma__0_0,5.756030837563678,3.9185699345485956,0.1290755492161308,-0.6101750575930538,12.485488283614998,878.4163176862093,1.0025546184786587,3.92
s__0_0,0.010458349483929243,0.0012300084405419895,3.216736791935097e-05,0.00814320513363279,0.012871497332152485,1367.4428535195639,1.0017001508156678,0.009114
tau__0_0,1.1885545624263085,0.9897497939313065,0.031633679051341054,0.20225401030938794,3.576018125763226,1028.302618995035,1.0008714046727643,0.65
t0__0_0,0.0,0.0,0.0,0.0,0.0,,,
