,mean,sd,mc_error,hpd_2.5,hpd_97.5,n_eff,Rhat,MAP
b,1.0,0.0,0.0,1.0,1.0,,,
p_error,0.05000000819563866,7.450580596923828e-09,1.4901161193847657e-09,0.05000000074505806,0.05000000074505806,1.0007506866324938,0.9997499687421851,
v__0_0,4.7687025157276354e-05,1.659783248928795e-06,3.1334066479551325e-08,4.44983238487394e-05,5.107871217226714e-05,2286.2838471859163,0.9998386257789142,4.8e-05
gamma__0_0,6.336631290225705,0.8925604303981188,0.015122526702511133,4.595105290697418,8.045109241223486,3610.5967426063658,1.0001975131063443,5.71
s__0_0,0.011046351998480019,0.0002970833713241167,5.445939014374723e-06,0.01049944136758654,0.011678217431333248,3043.6435031278306,0.9998988764799174,0.011113
tau__0_0,0.49054779909485363,0.05864788840608857,0.0011683765330921519,0.3832921067781624,0.6101246998358139,2292.073504765966,1.0000938482316433,0.5
t0__0_0,0.0,0.0,0.0,0.0,0.0,,,
