,mean,sd,mc_error,hpd_2.5,hpd_97.5,n_eff,Rhat,MAP
b,1.0,0.0,0.0,1.0,1.0,,,
p_error,0.05000000819563866,7.450580596923828e-09,1.4901161193847657e-09,0.05000000074505806,0.05000000074505806,1.0007506866324938,0.9997499687421851,
v__0_0,0.00010421717845144063,3.2738867419442065e-06,6.722577210811738e-08,9.774987520880281e-05,0.00011056400168240556,2650.642428124367,1.000087997434115,0.000104
gamma__0_0,2.0957170174232442,0.5755719446686542,0.009695265547537487,1.0013429849935847,3.269713497511418,2987.02629066916,0.9997520398093002,2.1
s__0_0,0.01374361454566676,0.0004004768086060363,7.121532156593544e-06,0.012944579248561834,0.014501718785281543,2914.7936837305483,1.000639010929044,0.013387
tau__0_0,0.4771526213927328,0.05198155171546597,0.0010622569982029642,0.38406221984013966,0.58236270363738,2678.6778783526643,1.0000161667311087,0.47
t0__0_0,0.0,0.0,0.0,0.0,0.0,,,
