,mean,sd,mc_error,hpd_2.5,hpd_97.5,n_eff,Rhat,MAP
b,1.0,0.0,0.0,1.0,1.0,,,
p_error,0.05000000819563866,7.450580596923828e-09,1.4901161193847657e-09,0.05000000074505806,0.05000000074505806,1.0007506866324938,0.9997499687421851,
v__0_0,0.00011975905300903792,2.4142328994990533e-06,5.605100084925276e-08,0.00011504032600016077,0.00012448974752369172,1665.3532922320423,1.0003238714987306,0.00012
gamma__0_0,12.143429282036461,1.4911330989913474,0.02975069758568588,9.3250049684587,15.193714014491874,2223.5312534256545,1.0004176374205789,11.16
s__0_0,0.007480515785335989,0.0002571892717773449,6.0234962567883395e-06,0.006973189435294712,0.00799102315136137,1806.7380499090677,0.999941358639994,0.007463
tau__0_0,0.101615702451316,0.00955183861503786,0.00023825933475960927,0.084361743727638,0.12036452399247866,1572.0757263697867,1.0004043923763215,0.1
t0__0_0,0.0,0.0,0.0,0.0,0.0,,,
