,mean,sd,mc_error,hpd_2.5,hpd_97.5,n_eff,Rhat,MAP
b,1.0,0.0,0.0,1.0,1.0,,,
p_error,0.05000000819563866,7.450580596923828e-09,1.4901161193847657e-09,0.05000000074505806,0.05000000074505806,1.0007506866324938,0.9997499687421851,
v__0_0,2.6179097250782197e-05,1.8959047623447043e-06,6.563691385831618e-08,2.2766748926974942e-05,3.00426030475914e-05,863.4632455283595,1.0043982141309669,2.6e-05
gamma__0_0,3.9374698088536713,1.0806977387327026,0.02445896040213966,1.8089758267012712,5.954647308333705,1984.284363467986,1.0005191158478939,3.58
s__0_0,0.005626234502854574,0.0004458456972071656,1.0015130456252448e-05,0.004812699259629634,0.0065316596353647656,1891.818744729424,0.9999240284761282,0.005588
tau__0_0,2.7245800001652323,0.99023057907287,0.030353350591082635,1.0980766100292974,4.701366262932781,1097.5761912414828,1.0044319354245903,2.05
t0__0_0,0.0,0.0,0.0,0.0,0.0,,,
