,mean,sd,mc_error,hpd_2.5,hpd_97.5,n_eff,Rhat,MAP
b,1.0,0.0,0.0,1.0,1.0,,,
p_error,0.05000000819563866,7.450580596923828e-09,1.4901161193847657e-09,0.05000000074505806,0.05000000074505806,1.0007506866324938,0.9997499687421851,
v__0_0,5.098375280135492e-05,5.178910887656885e-06,1.1070163453776783e-07,4.06709701814932e-05,6.057441490339315e-05,1700.655289085163,1.000597807679824,5.1e-05
gamma__0_0,20.749278946160107,8.304291488565916,0.28185838654775164,6.471941749823728,35.62475485635707,826.5983636124249,1.0004966485136655,14.55
s__0_0,0.007185204132824509,0.0008429748300018048,1.7979043949156385e-05,0.005619885223315602,0.008841049148836317,1769.109995064392,1.0006426422900585,0.006893
tau__0_0,0.17383086154497693,0.08030511806156716,0.0021313403457012873,0.05995060973579381,0.32189897089604413,1435.0998064400496,1.0002538936471042,0.15
t0__0_0,0.0,0.0,0.0,0.0,0.0,,,
