,mean,sd,mc_error,hpd_2.5,hpd_97.5,n_eff,Rhat,MAP
b,1.0,0.0,0.0,1.0,1.0,,,
p_error,0.05000000819563866,7.450580596923828e-09,1.4901161193847657e-09,0.05000000074505806,0.05000000074505806,1.0007506866324938,0.9997499687421851,
v__0_0,1.8794714546770216e-05,1.5028529502389243e-06,3.629630814118445e-08,1.602390085654216e-05,2.1904867308340573e-05,1814.4456238304292,1.0002198680960044,1.9e-05
gamma__0_0,3.735802941967773,1.6079916128338878,0.03524125177144661,0.9344723979823186,6.8350706956831,2350.918361699659,0.9997504346526915,3.78
s__0_0,0.00562062981015339,0.0004368869618850737,9.25526817092418e-06,0.0047972486257493955,0.00648563182135589,1923.3809070847412,1.0002903561972787,0.005721
tau__0_0,1.6970354162328407,0.7433382004774618,0.01992032619776468,0.588660528227185,3.298501369717965,1320.4255008921434,1.0011306523147443,1.2
t0__0_0,0.0,0.0,0.0,0.0,0.0,,,
