,mean,sd,mc_error,hpd_2.5,hpd_97.5,n_eff,Rhat,MAP
b,1.0,0.0,0.0,1.0,1.0,,,
p_error,0.05000000819563866,7.450580596923828e-09,1.4901161193847657e-09,0.05000000074505806,0.05000000074505806,1.0007506866324938,0.9997499687421851,
v__0_0,7.248594373659928e-05,6.492608249422062e-06,1.6721314857132728e-07,5.9620170289735426e-05,8.480802140570538e-05,1271.6683608223755,0.9997519321644691,6.9e-05
gamma__0_0,5.275574044550604,1.5778350034645874,0.0332017020178816,2.09240104937372,8.396094558448453,2239.3914137774314,0.9998026101965429,5.03
s__0_0,0.008767331033113324,0.0009693165191106208,1.9149783973667898e-05,0.006906646183705377,0.01064241442617774,2049.935292760256,0.999782338161237,0.008209
tau__0_0,1.056445147998993,0.8231219473348587,0.02641162194172304,0.2009643116962166,2.9492218650075817,886.96151567649,0.9998208759738868,0.57
t0__0_0,0.0,0.0,0.0,0.0,0.0,,,
