,mean,sd,mc_error,hpd_2.5,hpd_97.5,n_eff,Rhat,MAP
b,1.0,0.0,0.0,1.0,1.0,,,
p_error,0.05000000447034836,3.725290298461914e-09,7.450580596923829e-10,0.05000000074505806,0.05000000074505806,1.0001503703406758,0.9999499987499374,
v__0_0,0.00010784612736316934,5.390482213648591e-06,2.7829922168883173e-07,9.734608618865025e-05,0.00011829785259396012,305.25147142931166,0.999958634241043,0.000107
gamma__0_0,5.157244928408938,2.005148857646932,0.06314403308975854,1.569677896782622,9.433166367303997,901.8090000931687,1.00576766233577,4.45
s__0_0,0.005060931529594737,0.000495935294579078,1.3037968510657965e-05,0.0040757382392092555,0.005987079861976977,1313.3415483353479,0.9999946873679528,0.005048
tau__0_0,0.19472122718751614,0.04804958325038298,0.0022449030488453465,0.10885652769552655,0.28649190480752185,354.975741940293,1.0009628319506956,0.18
t0__0_0,0.0,0.0,0.0,0.0,0.0,,,
