,mean,sd,mc_error,hpd_2.5,hpd_97.5,n_eff,Rhat,MAP
b,1.0,0.0,0.0,1.0,1.0,,,
p_error,0.05000000819563866,7.450580596923828e-09,1.4901161193847657e-09,0.05000000074505806,0.05000000074505806,1.0007506866324938,0.9997499687421851,
v__0_0,1.956840581439894e-05,1.98187331656688e-06,9.612058735125058e-08,1.5450776382249566e-05,2.3263565812280686e-05,296.7740164329011,1.000170731460099,2e-05
gamma__0_0,14.716797764859141,9.962660221071902,0.45701945701914826,5.491826092086697,35.465025810019284,407.93417911408875,1.0001064291844475,8.02
s__0_0,0.006360049463100518,0.0004837575413596722,2.1895149009606374e-05,0.005412493071920348,0.007289280687051554,338.5647180363081,0.9997499969124503,0.00626
tau__0_0,0.7964534684751244,0.5124137362250726,0.03068016803961566,0.08098327903221945,1.8122510230501254,182.66377602426178,1.0000623695092583,0.62
t0__0_0,0.0,0.0,0.0,0.0,0.0,,,
