,mean,sd,mc_error,hpd_2.5,hpd_97.5,n_eff,Rhat,MAP
b,1.0,0.0,0.0,1.0,1.0,,,
p_error,0.05000000447034836,3.725290298461914e-09,7.450580596923829e-10,0.05000000074505806,0.05000000074505806,1.0001503703406758,0.9999499987499374,
v__0_0,4.678568036789089e-05,4.949486091560093e-06,1.4214813346102568e-07,3.6926529297393484e-05,5.651502002019311e-05,1140.2341232464457,1.0002153690327875,4.7e-05
gamma__0_0,10.468481757100284,4.8480286595798034,0.20989927694451568,4.464780420070042,16.610284235921725,503.10669811881826,1.0030238319212617,8.35
s__0_0,0.009784098983496619,0.0010531624880469538,2.274748757845641e-05,0.007812791348385136,0.011893686222304748,1804.6955993985089,0.9999637951065864,0.009005
tau__0_0,1.5378399236874183,1.1713500632228266,0.03604091593369181,0.1808291889659311,4.235910605039416,1035.4930522143202,1.000275648717236,0.78
t0__0_0,0.0,0.0,0.0,0.0,0.0,,,
