,mean,sd,mc_error,hpd_2.5,hpd_97.5,n_eff,Rhat,MAP
b,1.0,0.0,0.0,1.0,1.0,,,
p_error,0.05000000819563866,7.450580596923828e-09,1.4901161193847657e-09,0.05000000074505806,0.05000000074505806,1.0007506866324938,0.9997499687421851,
v__0_0,3.9493314211969096e-05,6.78099285149835e-06,1.8651135860953181e-07,2.6063006036102612e-05,5.160112682988649e-05,1168.4936735084632,0.9998503250229008,4e-05
gamma__0_0,2.3498265524390898,2.4612080326087775,0.07818621185897749,-1.9156585983016328,7.366919043875384,987.1685790209133,1.0003873634617562,1.77
s__0_0,0.009904323408406768,0.0011575362549424914,2.840279572088927e-05,0.00767952322077953,0.012085123600623434,1337.4655564145457,0.9999696673036629,0.009798
tau__0_0,1.191774318910522,1.1483955301980542,0.03687035240408533,0.15178185602315908,4.020934987406383,888.9973228001946,0.9997865442991716,0.37
t0__0_0,0.0,0.0,0.0,0.0,0.0,,,
