,mean,sd,mc_error,hpd_2.5,hpd_97.5,n_eff,Rhat,MAP
b,1.0,0.0,0.0,1.0,1.0,,,
p_error,0.05000000819563866,7.450580596923828e-09,1.4901161193847657e-09,0.05000000074505806,0.05000000074505806,1.0007506866324938,0.9997499687421851,
v__0_0,4.932953532239293e-05,7.261768009624411e-06,2.9834102616725674e-07,3.5439854080706926e-05,6.19924952301554e-05,494.93021686715986,0.9997864219499449,5.3e-05
gamma__0_0,4.5479993601463375,2.717281875858428,0.10878280230682295,-0.04152798153447179,9.085217143320918,423.389038635607,1.000868246605166,4.05
s__0_0,0.009300760427065978,0.0011349443820968432,3.923011413011025e-05,0.007298746133323918,0.011571551999906159,750.2969725388829,0.999834319071766,0.008584
tau__0_0,1.39278083330748,1.3838034374640973,0.05810106324608344,0.15343115090458775,4.572203657645144,483.56901198414755,0.9999188904901828,0.47
t0__0_0,0.0,0.0,0.0,0.0,0.0,,,
