,mean,sd,mc_error,hpd_2.5,hpd_97.5,n_eff,Rhat,MAP
b,1.0,0.0,0.0,1.0,1.0,,,
p_error,0.05000000819563866,7.450580596923828e-09,1.4901161193847657e-09,0.05000000074505806,0.05000000074505806,1.0007506866324938,0.9997499687421851,
v__0_0,5.8465848284442164e-05,2.323699444996509e-06,4.943248357171369e-08,5.390296663952159e-05,6.302751644376916e-05,2128.204335676214,0.9997758797344017,5.8e-05
gamma__0_0,8.545363433496254,1.1859416153128144,0.01910476362893164,6.360573332800271,10.918515294979358,3498.768670879395,0.9999323434253801,8.69
s__0_0,0.011918355642971579,0.00033745349469734324,6.6416620215255395e-06,0.011238002611536683,0.01255804877772252,2351.453568156978,1.0008068820441136,0.011671
tau__0_0,0.3494503046568733,0.04849292677797971,0.0010278140561370884,0.2605044912483524,0.4468252002478756,2323.9632261447236,1.0002211766130122,0.35
t0__0_0,0.0,0.0,0.0,0.0,0.0,,,
