,mean,sd,mc_error,hpd_2.5,hpd_97.5,n_eff,Rhat,MAP
b,1.0,0.0,0.0,1.0,1.0,,,
p_error,0.05000000819563866,7.450580596923828e-09,1.4901161193847657e-09,0.05000000074505806,0.05000000074505806,1.0007506866324938,0.9997499687421851,
v__0_0,3.318976643320476e-05,2.6900206041682126e-06,8.311733544452735e-08,2.782415173818587e-05,3.82295865571663e-05,1141.5273201169268,1.0008403007599735,3.4e-05
gamma__0_0,15.205270690499479,6.926332284309217,0.25352536593616437,6.1017709845420995,28.600830719116942,721.4254481973857,1.0009515973313892,10.84
s__0_0,0.005477865173198555,0.0005400199637978593,1.640330772831511e-05,0.004477138380527625,0.006539704618226273,1137.0197127003942,1.0014581808903773,0.004992
tau__0_0,0.3402407995940696,0.20068378149079297,0.007002295990802823,0.07291195625321169,0.6871882276570567,852.1499079891524,1.0014200808228555,0.24
t0__0_0,0.0,0.0,0.0,0.0,0.0,,,
