,mean,sd,mc_error,hpd_2.5,hpd_97.5,n_eff,Rhat,MAP
b,1.0,0.0,0.0,1.0,1.0,,,
p_error,0.05000000819563866,7.450580596923828e-09,1.4901161193847657e-09,0.05000000074505806,0.05000000074505806,1.0007506866324938,0.9997499687421851,
v__0_0,4.606307813131902e-05,1.9490526897112658e-06,3.725041355334123e-08,4.2155593757126906e-05,4.9790535740140384e-05,2798.9903682742024,0.9998007332355368,4.6e-05
gamma__0_0,6.993704356130234,1.135945712796665,0.019870078417440838,4.829257345182782,9.15200423459197,3579.313080932147,0.9998362529427711,7.03
s__0_0,0.013936182718479202,0.00034451355246324547,6.81513259951855e-06,0.013310478413078947,0.014653983436246501,2877.4366771854507,0.9998194941774797,0.014137
tau__0_0,0.59341181336771,0.11069533243180868,0.0024845427112320474,0.40518144630451036,0.8171254796158355,2189.581149908889,0.9998016964093379,0.56
t0__0_0,0.0,0.0,0.0,0.0,0.0,,,
