,mean,sd,mc_error,hpd_2.5,hpd_97.5,n_eff,Rhat,MAP
b,1.0,0.0,0.0,1.0,1.0,,,
p_error,0.05000000819563866,7.450580596923828e-09,1.4901161193847657e-09,0.05000000074505806,0.05000000074505806,1.0007506866324938,0.9997499687421851,
v__0_0,4.794717770849428e-05,1.0536800013036314e-06,2.1006290192922477e-08,4.58252682478697e-05,4.99048191994235e-05,2705.415070865179,1.0005021885056153,4.8e-05
gamma__0_0,-0.33085793818306203,0.050521332125221495,0.0007679852627938671,-0.4310565550207759,-0.23480036124595216,3675.4448868477225,0.9998990272445166,-0.36
s__0_0,0.009927974714786857,0.00018458960189409834,3.2690693215295986e-06,0.009572657240054626,0.0102875437247751,2727.2132037799042,1.0000406531829702,0.00979
tau__0_0,0.5618435721185081,0.04562499075701583,0.0008529213067270848,0.4767959097539888,0.6539738163464084,2610.142447426654,1.0003620477284016,0.55
t0__0_0,0.0,0.0,0.0,0.0,0.0,,,
