,mean,sd,mc_error,hpd_2.5,hpd_97.5,n_eff,Rhat,MAP
b,1.0,0.0,0.0,1.0,1.0,,,
p_error,0.05000000819563866,7.450580596923828e-09,1.4901161193847657e-09,0.05000000074505806,0.05000000074505806,1.0007506866324938,0.9997499687421851,
v__0_0,9.2223546847772e-05,6.085454126395587e-06,1.282072731313948e-07,8.011686621716751e-05,0.00010363977515291419,2057.034972718309,1.0000830836561685,9e-05
gamma__0_0,0.8487407568222152,0.0969653204443719,0.0018393201300338474,0.6742516440197015,0.9997668827515529,2448.3010741075086,1.0003520848009637,0.89
s__0_0,0.007944278575948838,0.0008193455878799608,1.4800664446524428e-05,0.006407347966625716,0.009577230755128431,2200.0369046106066,1.0001698899385112,0.007351
tau__0_0,0.43777043864381143,0.11550768536666559,0.002508274701239862,0.24566579855422235,0.6720952564555367,2172.4557867732397,1.0002184927851776,0.39
t0__0_0,0.0,0.0,0.0,0.0,0.0,,,
