,mean,sd,mc_error,hpd_2.5,hpd_97.5,n_eff,Rhat,MAP
b,1.0,0.0,0.0,1.0,1.0,,,
p_error,0.05000000819563866,7.450580596923828e-09,1.4901161193847657e-09,0.05000000074505806,0.05000000074505806,1.0007506866324938,0.9997499687421851,
v__0_0,6.348408469264297e-05,1.5638270179401962e-06,3.392898705510596e-08,6.059297902913889e-05,6.672973183994839e-05,2358.731660444669,1.00023855183387,6.4e-05
gamma__0_0,0.027560911438641804,0.050604414416985946,0.0009345029880161065,-0.065955949093075,0.13685511454247035,2628.024132009727,0.9997520295926499,0.01
s__0_0,0.011463216607056879,0.0002199557592772845,4.543782222915083e-06,0.011056100271354088,0.011910291296727061,2518.8752135406276,1.000696452864622,0.011449
tau__0_0,0.4803225716134724,0.040403069331777924,0.0007942622802181231,0.3987844165141055,0.5567649951278855,2604.288041603202,1.0006741178223804,0.49
t0__0_0,0.0,0.0,0.0,0.0,0.0,,,
