,mean,sd,mc_error,hpd_2.5,hpd_97.5,n_eff,Rhat,MAP
b,1.0,0.0,0.0,1.0,1.0,,,
p_error,0.05000000819563866,7.450580596923828e-09,1.4901161193847657e-09,0.05000000074505806,0.05000000074505806,1.0007506866324938,0.9997499687421851,
v__0_0,1.7202415812996982e-05,9.700052748693695e-07,1.8945922259121766e-08,1.5346162976225714e-05,1.9070002248683745e-05,2133.0896658714114,0.9998745401486443,1.7e-05
gamma__0_0,-0.3203770982192901,0.10141664570959817,0.0020203401197214487,-0.5073232689013949,-0.1281474976061805,2099.1882084205336,0.9998106145784099,-0.32
s__0_0,0.0054326040009619716,0.00027978744975730826,6.160168577767553e-06,0.004889695971859354,0.005986073008864454,2033.0491290226032,0.9997817152982329,0.005392
tau__0_0,2.7393002138632645,0.7043943235016107,0.015943923943766345,1.497562280795886,4.178310438919498,1835.381837864231,0.9997507681082474,2.22
t0__0_0,0.0,0.0,0.0,0.0,0.0,,,
