,mean,sd,mc_error,hpd_2.5,hpd_97.5,n_eff,Rhat,MAP
b,1.0,0.0,0.0,1.0,1.0,,,
p_error,0.05000000819563866,7.450580596923828e-09,1.4901161193847657e-09,0.05000000074505806,0.05000000074505806,1.0007506866324938,0.9997499687421851,
v__0_0,5.4551802448844386e-05,3.763184675106632e-06,8.797189142490056e-08,4.778981295139343e-05,6.258363083891166e-05,1602.8396785935158,1.0000859846734083,5.3e-05
gamma__0_0,-0.5792656806955591,0.2620572066073859,0.008872528406937866,-1.14978294472437,-0.16891356119101353,953.8654937864937,0.9998243517796994,-0.53
s__0_0,0.009384550680352289,0.000703118145809508,1.3761484854715067e-05,0.008012439833378033,0.01073523833123632,2654.5868413858466,0.9999375609689068,0.00916
tau__0_0,1.7978358655236761,0.7238178733713867,0.0177098482713476,0.7216070092624931,3.3350333710073987,1289.276601910322,0.9998247650310484,1.34
t0__0_0,0.0,0.0,0.0,0.0,0.0,,,
