,mean,sd,mc_error,hpd_2.5,hpd_97.5,n_eff,Rhat,MAP
b,1.0,0.0,0.0,1.0,1.0,,,
p_error,0.05000000819563866,7.450580596923828e-09,1.4901161193847657e-09,0.05000000074505806,0.05000000074505806,1.0007506866324938,0.9997499687421851,
v__0_0,6.227772836376169e-05,3.6957647870391767e-06,7.357269193642196e-08,5.5030692529629684e-05,6.942238457536987e-05,2312.6284382321687,0.9997510483532974,6.2e-05
gamma__0_0,-0.08145111897004526,0.05610314904628461,0.0009545222202744045,-0.19172417124074492,0.029952555964893435,2818.9201380219915,1.0000363599881392,-0.07
s__0_0,0.008423369984622795,0.0005758361970043565,1.1538592881167167e-05,0.007223975922378705,0.00950409063704237,2465.4675538958277,0.9998915688740566,0.007948
tau__0_0,1.401434134869303,0.3477937225683531,0.007082809132760143,0.7943059979401851,2.0673491711304197,2287.789552814382,0.9998250203588495,1.2
t0__0_0,0.0,0.0,0.0,0.0,0.0,,,
