,mean,sd,mc_error,hpd_2.5,hpd_97.5,n_eff,Rhat,MAP
b,1.0,0.0,0.0,1.0,1.0,,,
p_error,0.05000000819563866,7.450580596923828e-09,1.4901161193847657e-09,0.05000000074505806,0.05000000074505806,1.0007506866324938,0.9997499687421851,
v__0_0,0.00010685208191376643,5.717316794522915e-06,1.603493280408338e-07,9.52014046619499e-05,0.00011741509509622061,1452.8679097335416,1.0001116808861434,0.000107
gamma__0_0,0.4999119546453475,0.2634143755731034,0.006421519617974866,0.016825765181868846,0.9689707332102984,1764.1829621739216,0.9997660785339809,0.43
s__0_0,0.009130081392513251,0.0007595650402275437,1.8928437054784517e-05,0.00759432725767703,0.010557311555549304,1813.8763854292276,1.0004723891293053,0.008477
tau__0_0,0.30764786909414166,0.08743051498851576,0.0023519900345142807,0.15836909627601303,0.47863994497439805,1475.4099317395874,1.000814416270725,0.29
t0__0_0,0.0,0.0,0.0,0.0,0.0,,,
