,mean,sd,mc_error,hpd_2.5,hpd_97.5,n_eff,Rhat,MAP
b,1.0,0.0,0.0,1.0,1.0,,,
p_error,0.05000000819563866,7.450580596923828e-09,1.4901161193847657e-09,0.05000000074505806,0.05000000074505806,1.0007506866324938,0.9997499687421851,
v__0_0,2.112034497901066e-05,1.4862502258896688e-06,3.1302132891318285e-08,1.8275170005851357e-05,2.3985254984615316e-05,1934.65257318576,0.999789644440397,2.1e-05
gamma__0_0,-0.38132445037318985,0.08938552415018872,0.0024003331080815564,-0.5935315617832675,-0.2195724333455331,1371.4522428887956,1.0020757068520552,-0.39
s__0_0,0.0061610274089943535,0.00034204322029779004,7.738941811104077e-06,0.005485961417013545,0.006841988160611544,2021.6929797453174,1.0001090072779315,0.005935
tau__0_0,1.542675120899458,0.4808603344835883,0.011526293019894702,0.7482645835969484,2.4829857250659555,1545.9587574076772,0.9998240443857388,1.23
t0__0_0,0.0,0.0,0.0,0.0,0.0,,,
