,mean,sd,mc_error,hpd_2.5,hpd_97.5,n_eff,Rhat,MAP
b,1.0,0.0,0.0,1.0,1.0,,,
p_error,0.05000000819563866,7.450580596923828e-09,1.4901161193847657e-09,0.05000000074505806,0.05000000074505806,1.0007506866324938,0.9997499687421851,
v__0_0,4.578080000583502e-05,1.448228859643749e-06,2.5732565479554678e-08,4.2883228806153104e-05,4.849675895203442e-05,3046.975912382928,0.9998709895893217,4.6e-05
gamma__0_0,0.18017466820779787,0.06436852851010587,0.0010954261448285181,0.04877926037691438,0.2997027399160057,3712.100100735812,1.0001848597133176,0.17
s__0_0,0.014368240391717415,0.0002481078346216894,4.64468318656245e-06,0.013878434424110733,0.014840030968119786,3198.292319170908,1.000293289299782,0.014317
tau__0_0,0.9067548075011175,0.1139051286478535,0.002132739249446747,0.7025251237788392,1.1356964595075456,2680.408876707686,0.9998431953130188,0.86
t0__0_0,0.0,0.0,0.0,0.0,0.0,,,
