,mean,sd,mc_error,hpd_2.5,hpd_97.5,n_eff,Rhat,MAP
b,1.0,0.0,0.0,1.0,1.0,,,
p_error,0.05000000819563866,7.450580596923828e-09,1.4901161193847657e-09,0.05000000074505806,0.05000000074505806,1.0007506866324938,0.9997499687421851,
v__0_0,9.515990052317471e-05,5.237249131872582e-06,1.084124474920719e-07,8.490287851017901e-05,0.00010524061828756718,2412.7218875819513,1.000931110336355,9.4e-05
gamma__0_0,-0.41240990077776823,0.13822960665392336,0.003245083458077817,-0.7102137691643122,-0.15973624120708863,1974.8620271181244,1.000081435062292,-0.42
s__0_0,0.00836515505604812,0.0006479900681962986,1.114019679446896e-05,0.007177852480336586,0.009663661373351364,2783.8619426781006,1.0001928307667074,0.008089
tau__0_0,0.295164933913893,0.07820840282243281,0.0016623051543304345,0.15308540915678734,0.44334322792873104,2285.99928881216,1.0011049563512424,0.27
t0__0_0,0.0,0.0,0.0,0.0,0.0,,,
