,mean,sd,mc_error,hpd_2.5,hpd_97.5,n_eff,Rhat,MAP
b,1.0,0.0,0.0,1.0,1.0,,,
p_error,0.05000000819563866,7.450580596923828e-09,1.4901161193847657e-09,0.05000000074505806,0.05000000074505806,1.0007506866324938,0.9997499687421851,
v__0_0,6.842510511385597e-05,4.3865221141534e-06,9.760081969790034e-08,5.9548592765567045e-05,7.638613890949126e-05,1826.3694001509868,1.000824630927229,6.7e-05
gamma__0_0,-0.21270211916770723,0.13583222453095722,0.0027889150130072787,-0.4775188189057964,0.051456177601787445,2640.551398869042,0.99982119658628,-0.23
s__0_0,0.00853073952351937,0.000675901860721533,1.5037119824456427e-05,0.0072709009639902004,0.00990857605008002,2002.2434080846106,1.000306000791,0.008122
tau__0_0,0.539200202437562,0.14048796447265452,0.003245047251065743,0.29966964074394653,0.7988925705582866,1647.8830955470014,0.9997501698582584,0.47
t0__0_0,0.0,0.0,0.0,0.0,0.0,,,
