,mean,sd,mc_error,hpd_2.5,hpd_97.5,n_eff,Rhat,MAP
b,1.0,0.0,0.0,1.0,1.0,,,
p_error,0.05000000819563866,7.450580596923828e-09,1.4901161193847657e-09,0.05000000074505806,0.05000000074505806,1.0007506866324938,0.9997499687421851,
v__0_0,0.00010297794609647051,2.209729398321827e-06,4.5185435206752504e-08,9.859427310604884e-05,0.00010695650677740713,2054.904583861378,0.9998723117540095,0.000103
gamma__0_0,0.09054924918756763,0.044358280835206015,0.0008378106136389873,-0.0004761762493821209,0.1727782964533091,2632.7825835818335,1.0003719773663309,0.08
s__0_0,0.011043081190898718,0.00023888243297483732,5.266993698698008e-06,0.010582869275054273,0.01150410506239168,2182.33115742909,0.999798801020718,0.01095
tau__0_0,0.4005571656133492,0.032109996408101436,0.0006593253268775289,0.3377464153869853,0.4614391279479867,2047.275735822728,0.9997508240021862,0.4
t0__0_0,0.0,0.0,0.0,0.0,0.0,,,
