,mean,sd,mc_error,hpd_2.5,hpd_97.5,n_eff,Rhat,MAP
b,1.0,0.0,0.0,1.0,1.0,,,
p_error,0.05000000819563866,7.450580596923828e-09,1.4901161193847657e-09,0.05000000074505806,0.05000000074505806,1.0007506866324938,0.9997499687421851,
v__0_0,3.8884176866491866e-05,3.4081013193535467e-06,7.791335578160034e-08,3.2161599919137255e-05,4.527064926160281e-05,1980.3056647745664,0.9997923464158709,3.9e-05
gamma__0_0,0.49484688502688473,0.20971248835164139,0.003926015342860143,0.11435995578881197,0.9162448611905383,2252.7667324729355,0.9997763315650491,0.43
s__0_0,0.01019756973377914,0.0006866798310241282,1.3525925371425537e-05,0.008942602958692635,0.011600777319197115,2187.6504790025697,0.9997544949961769,0.009893
tau__0_0,0.6995716569575907,0.20287821404735978,0.005057534627887111,0.36238903511433335,1.1006725894442206,1759.4693189662248,0.9998922472121763,0.65
t0__0_0,0.0,0.0,0.0,0.0,0.0,,,
