,mean,sd,mc_error,hpd_2.5,hpd_97.5,n_eff,Rhat,MAP
b,1.0,0.0,0.0,1.0,1.0,,,
p_error,0.05000000819563866,7.450580596923828e-09,1.4901161193847657e-09,0.05000000074505806,0.05000000074505806,1.0007506866324938,0.9997499687421851,
v__0_0,0.00012943143847427282,2.622696199515419e-06,5.38323745806989e-08,0.00012437467025213964,0.0001345001255161793,2319.550247914287,0.9997919677037043,0.00013
gamma__0_0,0.09252317321872991,0.050780584159378195,0.001046153900610645,-0.00401817679600569,0.18761343940392017,2334.6413279791454,0.9997537711662485,0.1
s__0_0,0.0110723865011045,0.00026580953313519814,4.1784600768684895e-06,0.010545391552017367,0.011572827463354722,2823.54929782083,1.000129024498658,0.011024
tau__0_0,0.29396612462520877,0.022419317533414338,0.0004557356923951215,0.2528620553870942,0.3384684961857276,2582.2419319522405,0.9998064193521314,0.29
t0__0_0,0.0,0.0,0.0,0.0,0.0,,,
