,mean,sd,mc_error,hpd_2.5,hpd_97.5,n_eff,Rhat,MAP
b,1.0,0.0,0.0,1.0,1.0,,,
p_error,0.05000000819563866,7.450580596923828e-09,1.4901161193847657e-09,0.05000000074505806,0.05000000074505806,1.0007506866324938,0.9997499687421851,
v__0_0,6.989337824041839e-05,1.4679072990455059e-06,2.9128122794668425e-08,6.71161850711194e-05,7.299368968757112e-05,2718.1899293665674,0.999853670426634,7e-05
gamma__0_0,0.22457480663376872,0.0699172624339576,0.0013631127170158947,0.08230726294729429,0.3537861874544923,2910.955309907976,0.9998311727144178,0.19
s__0_0,0.010970825554549425,0.00020483095560573625,3.569570686957179e-06,0.010557580548625461,0.01135824523386644,3404.6830556642794,1.000027098858632,0.010866
tau__0_0,0.5315722053637678,0.04624509890396621,0.0009943679122660688,0.4469067239607405,0.6199460675514636,2398.2870566285983,0.9997628349140275,0.53
t0__0_0,0.0,0.0,0.0,0.0,0.0,,,
