,mean,sd,mc_error,hpd_2.5,hpd_97.5,n_eff,Rhat,MAP
b,1.0,0.0,0.0,1.0,1.0,,,
p_error,0.05000000819563866,7.450580596923828e-09,1.4901161193847657e-09,0.05000000074505806,0.05000000074505806,1.0007506866324938,0.9997499687421851,
v__0_0,0.00010306351015574778,1.9041514158168438e-06,3.8903067076166e-08,9.916855080134796e-05,0.00010662959244669137,2501.5567067057104,0.9997804024077871,0.000103
gamma__0_0,0.364402853530712,0.05870614578972487,0.000965538495357416,0.2480923785926823,0.4760555364802652,3217.877708488932,1.0008774377110874,0.37
s__0_0,0.010180414031580274,0.00021446326754094103,3.478495050068471e-06,0.009773142930321933,0.010604919597964602,3320.967422925989,0.9997501690901452,0.010251
tau__0_0,0.31254879945648517,0.021930196290634998,0.0004442291367131074,0.27037150163304235,0.3544131496104552,2613.110129820898,0.9997567452956331,0.31
t0__0_0,0.0,0.0,0.0,0.0,0.0,,,
