,mean,sd,mc_error,hpd_2.5,hpd_97.5,n_eff,Rhat,MAP
b,1.0,0.0,0.0,1.0,1.0,,,
p_error,0.05000000819563866,7.450580596923828e-09,1.4901161193847657e-09,0.05000000074505806,0.05000000074505806,1.0007506866324938,0.9997499687421851,
v__0_0,2.1015165641167714e-05,1.464684476266235e-06,4.125463350172024e-08,1.818489129717919e-05,2.3780353070790743e-05,1119.5066132161335,1.002000463755544,2.1e-05
gamma__0_0,0.39153179425966045,0.14785487165696287,0.0036911635900159314,0.1260172070846206,0.7153506876426423,1653.0671975495304,1.0003087987650456,0.37
s__0_0,0.0073369237544012676,0.0003500717334724638,1.014522726307747e-05,0.006644359443424684,0.008009698128791359,1141.2840732151883,1.0003034953793246,0.007318
tau__0_0,3.6227968362997816,0.8583586072982862,0.027000075561227032,2.1446625664243055,4.999994366765957,865.7216939379526,1.0022733686575767,3.96
t0__0_0,0.0,0.0,0.0,0.0,0.0,,,
