,mean,sd,mc_error,hpd_2.5,hpd_97.5,n_eff,Rhat,MAP
b,1.0,0.0,0.0,1.0,1.0,,,
p_error,0.05000000819563866,7.450580596923828e-09,1.4901161193847657e-09,0.05000000074505806,0.05000000074505806,1.0007506866324938,0.9997499687421851,
v__0_0,0.0001061978547577957,2.848859433186667e-06,6.475014920683406e-08,0.00010033397449428262,0.00011147251506431338,1980.7002044182761,1.0006466830996945,0.000106
gamma__0_0,0.09041618169904683,0.04856169081941366,0.0007840524780028134,-0.0027927751363172604,0.18423124653752154,2811.5586285357217,1.0004015609232662,0.09
s__0_0,0.014149572909773867,0.0002944703471746815,6.490548617974607e-06,0.013587864495457692,0.014717114897524242,2262.8667741406807,1.0010860833407222,0.014212
tau__0_0,0.4165609274982895,0.03750707323582253,0.0008535149221188127,0.346323769165875,0.49069183596855814,1986.3857065598263,1.0015643805391756,0.42
t0__0_0,0.0,0.0,0.0,0.0,0.0,,,
